age,education_level,occupation,years_of_experience,hours_per_week,gender,country,industry,salary
42,Master's,HR Specialist,11.4,40.1,Male,Germany,Retail,112473.46
41,High School,Mechanical Engineer,7.8,38.2,Male,Germany,Technology,117914.87
40,Bachelor's,Software Engineer,3.3,22.5,Male,Canada,Education,107568.88
40,Bachelor's,Marketing Manager,7.9,37.6,Female,Germany,Technology,156123.28
31,Master's,Product Manager,5.3,51.0,Male,USA,Retail,187600.98
43,Bachelor's,Financial Analyst,9.7,31.4,Other,India,Retail,45876.94
45,High School,Product Manager,14.2,46.5,Female,Germany,Finance,134329.56
61,PhD,Customer Support,25.8,35.3,Male,USA,Technology,226483.3
43,Master's,Software Engineer,16.1,47.6,Female,Canada,Technology,222969.31
22,High School,Product Manager,4.0,51.7,Female,Australia,Healthcare,142094.94
18,PhD,Sales Executive,0.0,44.9,Female,UK,Technology,216832.34
31,Bachelor's,Sales Executive,7.8,42.7,Male,Canada,Education,94094.41
40,Bachelor's,Marketing Manager,6.9,43.1,Female,Canada,Finance,165073.53
23,High School,Marketing Manager,5.0,42.8,Female,Canada,Technology,133823.41
30,High School,Customer Support,4.7,44.4,Male,UK,Technology,108244.76
57,Bachelor's,Mechanical Engineer,18.9,,Female,USA,Retail,139645.39
40,PhD,Product Manager,10.7,26.6,Male,USA,Healthcare,254558.61
38,High School,HR Specialist,19.9,51.9,Female,Germany,Retail,71490.78
57,Bachelor's,Product Manager,11.7,35.8,Female,Germany,Retail,127155.64
37,Master's,Software Engineer,10.4,42.2,Female,UK,Retail,137289.99
27,Master's,Sales Executive,1.8,36.2,Female,India,Technology,63298.62
49,High School,Operations Manager,19.0,48.5,Female,USA,Retail,94258.46
21,High School,HR Specialist,2.2,44.1,Male,UK,Healthcare,103154.56
43,Master's,Mechanical Engineer,13.7,48.8,Male,USA,Healthcare,238067.88
36,Bachelor's,Customer Support,1.3,31.4,Male,UK,Technology,123376.06
42,Bachelor's,Financial Analyst,4.5,34.9,Other,Germany,Healthcare,127065.38
40,Master's,Software Engineer,14.3,39.9,Male,Germany,Healthcare,219879.8
52,High School,HR Specialist,18.6,44.6,Female,Germany,Technology,117134.73
59,PhD,Marketing Manager,26.7,35.2,Female,UK,Finance,209441.32
45,Master's,Mechanical Engineer,13.9,32.8,Male,India,Finance,78753.39
46,High School,Financial Analyst,12.2,31.0,Female,UK,Finance,117288.74
43,Master's,Software Engineer,25.0,40.7,Male,UK,Retail,150317.8
22,Master's,Sales Executive,4.0,60.5,Male,India,Finance,60278.3
33,High School,Software Engineer,11.9,37.7,Other,Canada,Education,93593.61
38,Bachelor's,Product Manager,7.4,41.1,Male,India,Finance,66478.24
43,Bachelor's,Operations Manager,16.0,41.1,Male,Australia,Technology,174168.65
25,PhD,Product Manager,7.0,35.7,Female,UK,Retail,202485.93
26,High School,HR Specialist,4.9,39.8,Other,Germany,Retail,67295.24
32,Bachelor's,HR Specialist,11.4,55.1,Female,India,Retail,37804.03
52,Bachelor's,Software Engineer,11.3,57.5,Female,India,Technology,77392.87
41,Master's,Data Analyst,15.2,33.7,Female,UK,Manufacturing,155349.44
49,Master's,Data Analyst,17.3,42.9,Male,India,Manufacturing,59319.53
32,High School,HR Specialist,10.4,46.2,Male,USA,Manufacturing,103340.41
38,Bachelor's,Mechanical Engineer,12.0,27.7,Female,Australia,Manufacturing,108228.14
45,Master's,Sales Executive,9.1,52.4,Male,UK,Healthcare,170050.59
41,PhD,Sales Executive,11.0,35.2,Male,Canada,Technology,201160.74
23,PhD,Customer Support,3.6,56.5,Other,USA,Finance,228891.46
38,Master's,Mechanical Engineer,10.3,38.2,Male,UK,Manufacturing,150817.81
49,PhD,Customer Support,13.6,28.1,Female,UK,Manufacturing,156602.56
52,High School,Sales Executive,13.5,41.8,Male,Canada,Education,70096.34
41,Master's,Customer Support,8.2,30.4,Female,Australia,Manufacturing,113259.56
38,PhD,HR Specialist,13.9,48.7,Male,USA,Technology,230938.97
33,Bachelor's,Financial Analyst,14.9,53.5,Female,India,Education,44691.32
59,Bachelor's,Marketing Manager,17.3,25.0,Female,Canada,Manufacturing,118147.26
41,Bachelor's,Marketing Manager,19.0,29.9,Male,UK,Manufacturing,138750.87
36,Bachelor's,Customer Support,11.6,47.6,Female,Germany,Manufacturing,103096.88
37,Master's,Software Engineer,8.4,53.0,Male,UK,Healthcare,188797.06
31,High School,Software Engineer,6.9,44.7,Female,UK,Manufacturing,124365.8
53,Master's,Sales Executive,19.9,39.5,Male,UK,Manufacturing,128281.29
24,Master's,Data Analyst,5.1,35.4,Female,India,Education,46447.85
39,Master's,Financial Analyst,16.7,45.3,Female,Germany,Manufacturing,172616.29
49,PhD,Data Analyst,17.6,50.5,Male,UK,Healthcare,188778.17
35,Bachelor's,Mechanical Engineer,11.4,39.9,Female,USA,Manufacturing,151309.52
36,Master's,Software Engineer,14.7,39.7,Other,Germany,Finance,170288.73
49,High School,Sales Executive,9.7,24.6,Female,UK,Education,83715.21
28,Master's,Customer Support,7.2,41.5,Female,India,Manufacturing,52687.76
32,High School,HR Specialist,3.8,55.5,Male,Australia,Finance,134500.85
34,Bachelor's,Operations Manager,4.7,46.1,Male,Australia,Healthcare,151818.99
46,Master's,Marketing Manager,11.5,37.6,Female,India,Retail,48907.75
31,Master's,Mechanical Engineer,0.0,45.2,Female,UK,Retail,114830.58
36,Bachelor's,Customer Support,5.2,35.8,Female,USA,Education,104798.48
30,Master's,Marketing Manager,4.6,24.6,Female,India,Retail,47798.91
61,Master's,Software Engineer,25.6,25.9,Male,Canada,Finance,219283.37
23,Bachelor's,Financial Analyst,4.9,30.8,Male,Australia,Education,112250.44
31,High School,Mechanical Engineer,4.6,22.0,Other,Australia,Finance,113058.93
45,High School,Financial Analyst,14.1,36.2,Female,USA,Finance,144053.31
58,Bachelor's,HR Specialist,26.5,37.5,Male,USA,Retail,116423.48
33,Bachelor's,Financial Analyst,6.3,32.9,Female,UK,Healthcare,151157.52
36,High School,Product Manager,7.4,30.8,Female,Canada,Technology,135765.61
37,Bachelor's,Sales Executive,5.4,46.6,Female,Canada,Finance,139457.18
41,PhD,Sales Executive,9.1,42.7,Female,Germany,Healthcare,172576.85
32,High School,HR Specialist,9.4,37.4,Female,Australia,Retail,73993.53
46,Master's,Mechanical Engineer,7.2,25.7,Male,Australia,Technology,164767.83
38,High School,Software Engineer,16.7,47.5,Male,UK,Healthcare,106287.84
19,Master's,Operations Manager,0.0,44.7,Female,Canada,Education,104143.24
39,High School,Software Engineer,11.5,49.8,Male,Canada,Education,97113.49
37,Master's,Financial Analyst,16.9,52.3,Male,Canada,Retail,144573.36
51,Master's,HR Specialist,24.5,32.6,Male,India,Education,43699.17
45,High School,Data Analyst,14.4,40.4,Female,Canada,Retail,87635.37
55,PhD,Mechanical Engineer,20.9,51.6,Male,USA,Education,195675.27
34,High School,Marketing Manager,6.1,42.4,Female,Germany,Technology,130455.83
30,Master's,Operations Manager,8.6,33.9,Female,UK,Education,103279.25
25,Master's,Software Engineer,0.0,38.5,Female,Australia,Technology,196575.03
18,PhD,Software Engineer,0.0,36.3,Male,India,Manufacturing,71320.39
42,Bachelor's,Marketing Manager,12.1,35.6,Other,USA,Technology,193566.95
29,Bachelor's,Mechanical Engineer,0.0,41.1,Male,Germany,Manufacturing,104758.19
63,High School,Sales Executive,18.1,53.1,Male,India,Education,25617.62
26,High School,Product Manager,4.8,40.8,Male,Australia,Finance,141784.28
34,High School,Data Analyst,7.7,39.9,Female,UK,Healthcare,121162.78
63,Bachelor's,HR Specialist,23.1,46.0,Male,India,Healthcare,50527.91
46,Master's,Marketing Manager,10.2,28.5,Male,India,Technology,69683.44
41,Bachelor's,Data Analyst,6.5,43.8,Male,India,Healthcare,59824.22
22,Bachelor's,Financial Analyst,4.0,37.0,Female,UK,Retail,127338.2
39,PhD,Product Manager,6.6,39.3,Male,Australia,Technology,283760.58
59,Bachelor's,Financial Analyst,23.2,34.0,Male,Germany,Manufacturing,147325.53
49,Master's,HR Specialist,20.1,41.9,Male,Germany,Technology,192431.44
56,High School,Financial Analyst,18.9,44.0,Female,USA,Manufacturing,136016.41
19,Bachelor's,Data Analyst,0.0,46.1,Male,Canada,Healthcare,122918.35
31,Bachelor's,Marketing Manager,0.9,34.2,Female,India,Education,42313.41
37,Bachelor's,Marketing Manager,5.0,44.3,Female,UK,Manufacturing,127010.71
41,Bachelor's,Customer Support,7.3,43.4,Female,UK,Finance,131114.89
30,High School,Sales Executive,5.7,47.0,Male,Canada,Healthcare,88071.0
37,High School,Mechanical Engineer,12.0,47.5,Female,Germany,Education,86520.17
38,PhD,Operations Manager,10.0,43.2,Male,USA,Finance,238396.85
46,High School,HR Specialist,14.5,35.4,Male,UK,Manufacturing,92944.87
49,Master's,Data Analyst,15.2,59.5,Female,UK,Retail,155727.2
27,Master's,Product Manager,9.0,45.3,Female,USA,Manufacturing,171225.79
46,Bachelor's,Data Analyst,15.1,47.7,Female,Australia,Retail,122175.36
37,Bachelor's,Customer Support,7.3,38.4,Male,Germany,Technology,140977.12
33,Bachelor's,Data Analyst,6.4,34.0,Male,USA,Manufacturing,132736.15
37,Bachelor's,Mechanical Engineer,10.4,36.8,Female,Australia,Healthcare,151188.1
37,Bachelor's,Financial Analyst,9.7,44.3,Male,India,Technology,81966.28
31,Master's,Financial Analyst,4.3,46.1,Male,USA,Healthcare,231446.99
44,Bachelor's,Sales Executive,22.8,48.4,Male,UK,Education,119043.86
51,High School,Marketing Manager,19.2,35.3,Female,UK,Healthcare,120485.81
43,Bachelor's,Data Analyst,16.8,28.0,Male,Germany,Finance,130919.92
43,High School,HR Specialist,12.7,42.3,Female,UK,Finance,122422.43
49,Master's,Mechanical Engineer,16.0,46.7,Female,UK,Technology,222472.03
26,PhD,Marketing Manager,1.0,53.1,Male,UK,Manufacturing,188127.74
36,Bachelor's,Product Manager,9.6,44.9,Female,Germany,Retail,118598.03
39,Bachelor's,Data Analyst,10.7,47.2,Female,Australia,Healthcare,178597.68
40,PhD,HR Specialist,17.3,38.4,Male,USA,Retail,172539.61
39,Bachelor's,Operations Manager,7.7,58.2,Female,Canada,Manufacturing,116797.32
53,Master's,Operations Manager,17.2,41.1,Female,UK,Manufacturing,135767.04
38,Master's,Marketing Manager,14.7,45.7,Male,UK,Healthcare,197089.16
19,Bachelor's,Financial Analyst,0.0,36.3,Male,USA,Retail,117752.22
26,Bachelor's,Customer Support,8.0,44.7,Female,Australia,Finance,141193.63
44,High School,HR Specialist,18.3,40.7,Male,USA,Education,80702.93
31,High School,Customer Support,13.0,45.6,Male,India,Healthcare,35295.31
57,Bachelor's,Financial Analyst,18.0,50.2,Female,Australia,Technology,171743.01
37,High School,Software Engineer,7.2,43.3,Male,Australia,Education,84715.82
31,Master's,Data Analyst,1.9,43.7,Male,Germany,Education,95974.29
27,Bachelor's,Operations Manager,3.4,37.4,Male,USA,Healthcare,159075.83
55,Bachelor's,Customer Support,24.0,47.6,Female,Australia,Retail,110649.05
48,High School,Marketing Manager,12.9,59.2,Female,UK,Technology,156639.18
35,Master's,Product Manager,3.6,39.6,Female,UK,Education,166008.14
27,Master's,Product Manager,2.4,46.0,Female,Canada,Finance,170264.19
24,Bachelor's,Software Engineer,1.1,39.3,Other,India,Manufacturing,51733.78
41,Master's,Marketing Manager,15.6,66.8,Female,USA,Retail,189073.15
37,Bachelor's,Data Analyst,8.0,46.8,Other,India,Education,46467.34
25,Bachelor's,HR Specialist,0.0,37.0,Female,Australia,Finance,128802.0
41,Bachelor's,Financial Analyst,10.3,40.7,Female,USA,Retail,152777.33
26,Bachelor's,Customer Support,5.3,50.4,Male,USA,Retail,111166.98
22,High School,Operations Manager,0.9,57.6,Male,Germany,Retail,73731.46
43,Bachelor's,Financial Analyst,13.0,48.8,Male,USA,Retail,161170.83
48,Bachelor's,Marketing Manager,14.4,41.4,Female,Canada,Finance,161827.43
45,Bachelor's,Software Engineer,13.2,55.7,Male,India,Healthcare,70471.28
47,Bachelor's,Data Analyst,15.9,45.4,Male,Australia,Manufacturing,112038.4
30,High School,Product Manager,8.0,37.0,Female,Australia,Finance,157721.77
36,High School,Operations Manager,8.9,43.6,Male,USA,Education,100259.91
39,PhD,HR Specialist,13.5,48.7,Male,India,Finance,92500.25
21,Master's,Customer Support,3.0,44.6,Female,USA,Healthcare,170566.72
35,Bachelor's,Financial Analyst,12.4,49.2,Female,UK,Manufacturing,139653.32
36,Bachelor's,Customer Support,9.5,50.9,Female,Germany,Healthcare,106100.51
28,High School,Software Engineer,0.0,39.6,Female,Australia,Education,82512.69
31,Bachelor's,Operations Manager,13.0,29.0,Male,UK,Education,101513.72
46,Bachelor's,HR Specialist,17.9,48.1,Male,UK,Healthcare,145081.14
30,Bachelor's,HR Specialist,4.9,34.1,Female,UK,Finance,122809.02
53,Bachelor's,Marketing Manager,20.6,42.7,Male,Canada,Finance,184428.92
32,Bachelor's,Software Engineer,9.1,29.3,Other,Canada,Education,113437.97
40,High School,Operations Manager,16.5,44.0,Female,India,Technology,57799.1
27,Bachelor's,Operations Manager,6.4,39.8,Male,Germany,Retail,104581.38
46,Bachelor's,Operations Manager,11.8,46.7,Male,India,Manufacturing,51130.24
43,Master's,Product Manager,9.6,31.5,Male,UK,Retail,152616.99
43,Bachelor's,Customer Support,7.7,44.5,Male,Germany,Finance,125339.18
23,Master's,Software Engineer,0.0,45.1,Male,Germany,Education,132648.72
46,Bachelor's,Customer Support,8.8,33.2,Male,Canada,Manufacturing,94060.94
30,Master's,HR Specialist,6.1,47.1,Female,Canada,Manufacturing,115859.84
24,High School,Data Analyst,2.2,26.4,Female,India,Retail,28901.45
39,Master's,Product Manager,12.0,34.7,Male,Canada,Technology,215663.92
18,High School,Sales Executive,0.0,42.6,Female,Germany,Retail,72033.69
30,Master's,Software Engineer,6.9,43.2,Male,Germany,Education,156212.48
35,Bachelor's,Customer Support,6.9,27.3,Male,India,Retail,35769.71
41,Bachelor's,Marketing Manager,17.1,42.7,Male,India,Education,44479.6
30,High School,Customer Support,7.7,38.5,Female,India,Finance,37355.55
35,Master's,Marketing Manager,9.3,33.8,Female,Australia,Manufacturing,156349.39
40,Master's,HR Specialist,10.5,41.5,Female,Canada,Manufacturing,121642.75
43,Bachelor's,Marketing Manager,12.7,34.5,Female,Germany,Healthcare,137005.44
53,High School,Sales Executive,22.4,31.4,Male,Australia,Healthcare,108893.83
44,Bachelor's,Product Manager,18.5,37.5,Male,Australia,Education,122260.31
41,High School,Marketing Manager,9.0,31.8,Male,Canada,Retail,88648.27
42,Master's,Data Analyst,7.9,31.1,Male,Canada,Education,117019.81
43,Master's,Product Manager,15.5,37.4,Male,Germany,Finance,160461.96
28,Bachelor's,HR Specialist,7.3,45.3,Male,Germany,Manufacturing,115796.83
36,Bachelor's,HR Specialist,7.3,32.5,Male,Canada,Finance,130604.82
18,Bachelor's,Financial Analyst,0.0,46.0,Male,USA,Technology,185337.03
36,PhD,Mechanical Engineer,7.5,59.3,Female,UK,Education,148828.97
51,High School,Mechanical Engineer,22.7,41.8,Male,USA,Healthcare,138134.56
48,High School,Software Engineer,17.3,31.2,Male,UK,Healthcare,114106.75
33,High School,Financial Analyst,5.8,35.7,Male,Canada,Technology,133461.48
47,Bachelor's,Data Analyst,11.5,35.1,Male,USA,Finance,169953.67
47,Bachelor's,Marketing Manager,14.3,53.6,Female,Canada,Finance,194101.86
34,PhD,Product Manager,4.6,40.1,Female,India,Technology,91487.95
32,PhD,Sales Executive,4.0,44.5,Male,Australia,Technology,221489.39
41,Bachelor's,HR Specialist,4.9,31.7,Male,Australia,Education,92259.02
41,Master's,Sales Executive,8.9,38.6,Male,Germany,Manufacturing,118753.04
44,High School,Product Manager,18.7,48.0,Female,Germany,Finance,140988.21
51,Master's,Sales Executive,17.5,52.3,Male,India,Manufacturing,57018.72
45,High School,Customer Support,19.3,47.5,Female,India,Finance,35609.18
41,High School,Customer Support,12.8,41.0,Male,UK,Education,74514.61
29,Master's,Mechanical Engineer,0.0,38.3,Female,Australia,Manufacturing,128185.93
33,Bachelor's,Product Manager,2.8,59.7,Male,India,Retail,50314.17
58,Master's,Data Analyst,24.8,39.5,Male,Australia,Healthcare,187051.37
36,Master's,Financial Analyst,7.2,46.4,Female,Germany,Retail,129640.13
41,High School,Marketing Manager,9.2,48.2,Male,USA,Technology,167099.56
37,High School,Financial Analyst,18.6,44.4,Other,UK,Manufacturing,97291.14
45,Bachelor's,Financial Analyst,20.2,26.8,Female,India,Healthcare,60066.22
48,Master's,HR Specialist,14.2,20.3,Female,Canada,Education,97904.39
33,PhD,Sales Executive,8.1,55.3,Female,Australia,Education,141238.69
28,Master's,Mechanical Engineer,6.2,39.4,Male,India,Education,47390.07
46,PhD,Financial Analyst,11.2,51.3,Male,USA,Manufacturing,221813.6
48,Bachelor's,Data Analyst,23.1,27.9,Female,India,Healthcare,52408.7
38,PhD,Operations Manager,12.1,45.9,Female,Germany,Finance,209992.03
29,Bachelor's,Sales Executive,7.9,42.6,Male,USA,Technology,181885.31
33,Bachelor's,Product Manager,5.3,45.8,Other,Germany,Finance,192253.16
48,Master's,Software Engineer,5.9,35.4,Male,USA,Finance,233202.38
42,Bachelor's,Sales Executive,15.6,47.0,Male,Australia,Retail,131034.66
38,Master's,Software Engineer,9.9,36.8,Male,Canada,Education,126264.87
41,High School,Customer Support,8.2,54.7,Female,India,Technology,45254.49
35,Bachelor's,Operations Manager,5.7,34.2,Female,USA,Healthcare,152936.72
51,PhD,Mechanical Engineer,14.2,52.2,Male,USA,Education,171220.73
25,Master's,Data Analyst,4.0,48.7,Female,India,Healthcare,65081.38
32,Master's,HR Specialist,4.9,58.5,Male,USA,Retail,136040.18
29,PhD,Product Manager,10.1,44.9,Male,Canada,Education,158939.77
41,High School,Marketing Manager,8.4,46.6,Male,Germany,Healthcare,112181.03
41,Master's,Data Analyst,10.3,,Other,India,Retail,52076.03
18,Bachelor's,Sales Executive,0.0,42.6,Male,Canada,Finance,138152.3
35,High School,Customer Support,7.0,35.7,Female,Australia,Technology,108684.46
36,PhD,Sales Executive,13.9,39.5,Male,Australia,Technology,204802.14
46,High School,HR Specialist,12.5,46.1,Female,USA,Healthcare,123655.08
46,High School,Data Analyst,15.4,28.4,Female,Australia,Healthcare,90882.06
51,Bachelor's,Software Engineer,15.0,40.2,Female,UK,Education,125839.16
39,Master's,Marketing Manager,11.8,42.3,Female,Canada,Technology,202146.03
44,High School,Financial Analyst,11.5,28.4,Female,Germany,Healthcare,110748.0
45,Bachelor's,Marketing Manager,10.0,32.4,Other,Germany,Education,90065.91
38,High School,Marketing Manager,14.6,41.5,Female,USA,Manufacturing,105396.61
26,Bachelor's,Marketing Manager,3.6,58.8,Female,Canada,Technology,154689.35
27,Bachelor's,Marketing Manager,7.6,39.9,Female,India,Finance,50446.16
41,Bachelor's,Financial Analyst,11.4,41.2,Male,Canada,Education,109960.31
35,High School,Sales Executive,0.2,31.7,Female,Germany,Education,48822.25
40,Bachelor's,Product Manager,12.2,44.6,Female,UK,Education,140146.26
36,High School,Customer Support,11.7,43.1,Female,USA,Manufacturing,108677.64
35,Bachelor's,Software Engineer,9.0,53.8,Female,Germany,Manufacturing,127488.43
46,Bachelor's,Operations Manager,9.3,43.2,Female,India,Retail,40373.29
29,Bachelor's,Sales Executive,0.0,51.1,Female,Canada,Finance,156047.46
49,Bachelor's,Customer Support,12.3,48.5,Female,Australia,Finance,145682.47
34,Bachelor's,HR Specialist,6.7,,Male,Australia,Retail,98712.71
36,Bachelor's,Operations Manager,1.5,40.6,Female,Australia,Retail,90124.44
48,Bachelor's,Product Manager,13.7,50.9,Female,Canada,Finance,185809.37
28,Bachelor's,Customer Support,0.0,27.4,Female,India,Healthcare,36869.8
53,Master's,Product Manager,20.6,31.9,Female,Germany,Technology,210908.98
28,High School,Data Analyst,3.3,30.7,Male,Australia,Healthcare,114400.28
49,Bachelor's,Data Analyst,10.8,44.2,Female,Canada,Technology,178831.34
37,High School,Sales Executive,4.9,41.2,Male,Australia,Healthcare,104824.74
27,High School,HR Specialist,3.1,46.5,Male,India,Retail,29152.46
44,Bachelor's,Customer Support,11.7,41.1,Male,Australia,Retail,102219.1
37,Bachelor's,Financial Analyst,11.1,47.3,Male,India,Manufacturing,51531.56
25,PhD,Product Manager,0.0,32.1,Female,Germany,Healthcare,190363.76
41,High School,Software Engineer,10.1,34.8,Male,India,Healthcare,50767.19
33,High School,Software Engineer,2.4,46.2,Male,UK,Manufacturing,107231.8
21,Bachelor's,Financial Analyst,3.0,44.5,Male,USA,Retail,132057.19
32,PhD,Sales Executive,6.9,45.0,Female,Australia,Finance,204466.08
65,Bachelor's,Product Manager,18.5,43.9,Female,India,Technology,61275.74
49,Master's,Marketing Manager,14.2,41.1,Other,Canada,Manufacturing,171704.6
49,Master's,Sales Executive,14.7,33.2,Male,Australia,Manufacturing,130605.29
57,Master's,Financial Analyst,18.5,59.9,Female,Canada,Finance,222784.43
50,Bachelor's,Sales Executive,12.5,37.7,Male,USA,Retail,131547.94
43,High School,Mechanical Engineer,15.4,43.4,Female,USA,Finance,145731.4
36,Bachelor's,Financial Analyst,6.0,45.8,Female,Germany,Manufacturing,106090.29
30,Master's,Financial Analyst,7.3,29.1,Male,UK,Education,121397.51
33,High School,Product Manager,4.7,29.7,Female,Germany,Manufacturing,95373.92
21,Bachelor's,Financial Analyst,3.0,46.8,Female,India,Finance,59348.9
40,Bachelor's,Data Analyst,16.2,48.5,Female,Australia,Education,106780.68
26,Master's,Data Analyst,4.3,33.0,Female,India,Healthcare,61710.45
31,High School,Software Engineer,0.3,37.0,Male,Australia,Technology,127700.05
29,High School,Software Engineer,10.0,43.5,Female,Canada,Retail,86493.94
19,PhD,Sales Executive,0.0,44.1,Female,USA,Retail,146485.68
52,High School,Product Manager,20.7,46.4,Male,Canada,Healthcare,127455.65
38,Bachelor's,HR Specialist,10.8,59.9,Other,USA,Manufacturing,139914.2
18,Master's,Sales Executive,0.0,30.5,Male,Canada,Technology,146487.65
50,Master's,Customer Support,14.7,39.0,Female,USA,Retail,159601.1
47,Bachelor's,Mechanical Engineer,20.9,43.1,Male,USA,Retail,133780.66
48,Master's,HR Specialist,17.1,47.9,Male,Germany,Education,110231.84
35,Bachelor's,Financial Analyst,4.5,61.3,Male,UK,Technology,195415.66
38,Master's,Marketing Manager,12.2,28.4,Male,Canada,Finance,177461.17
40,High School,Customer Support,15.4,39.2,Male,Germany,Technology,97596.39
39,Bachelor's,HR Specialist,16.7,43.3,Female,USA,Healthcare,160330.43
41,Bachelor's,Financial Analyst,16.1,44.5,Female,Germany,Retail,118471.37
31,PhD,Customer Support,6.3,43.5,Female,UK,Retail,116359.0
31,Master's,Product Manager,9.0,44.7,Female,Germany,Healthcare,171115.0
41,Bachelor's,Software Engineer,10.0,47.1,Male,Canada,Technology,176235.29
41,High School,Software Engineer,14.0,42.0,Male,Australia,Technology,152451.18
38,High School,Operations Manager,12.3,37.8,Male,Australia,Education,81111.0
59,Bachelor's,Sales Executive,12.9,40.4,Male,UK,Retail,97482.11
42,High School,Financial Analyst,13.5,44.3,Female,UK,Finance,125241.69
22,Bachelor's,Data Analyst,2.5,36.3,Female,India,Education,39632.45
43,PhD,Data Analyst,10.2,,Female,India,Manufacturing,75617.82
42,Bachelor's,Software Engineer,14.1,53.9,Other,India,Education,48064.64
41,Master's,Marketing Manager,15.7,46.9,Male,UK,Manufacturing,162439.54
31,Master's,Mechanical Engineer,2.2,37.1,Male,Germany,Healthcare,156206.24
65,Bachelor's,Sales Executive,17.6,53.4,Female,USA,Healthcare,163328.24
45,PhD,Marketing Manager,7.7,27.3,Female,USA,Finance,278596.15
29,PhD,Financial Analyst,8.5,38.7,Female,Germany,Healthcare,206744.96
18,Bachelor's,Sales Executive,0.0,34.8,Female,India,Manufacturing,35104.98
52,Bachelor's,Data Analyst,15.4,45.3,Male,UK,Education,101964.2
18,Master's,Mechanical Engineer,0.0,36.8,Female,India,Technology,71888.62
31,Bachelor's,HR Specialist,6.3,49.6,Female,Germany,Technology,115478.04
36,Master's,Mechanical Engineer,6.8,36.1,Male,UK,Healthcare,151800.42
49,Bachelor's,Customer Support,11.9,40.0,Male,Australia,Manufacturing,119119.39
46,High School,Financial Analyst,16.3,31.0,Female,Australia,Manufacturing,99378.28
34,Bachelor's,Operations Manager,3.8,35.4,Female,USA,Technology,178247.76
44,Bachelor's,Customer Support,7.0,43.4,Female,USA,Healthcare,130606.97
44,Master's,Mechanical Engineer,12.3,39.8,Male,Germany,Education,120195.49
35,High School,Customer Support,8.2,31.6,Other,UK,Technology,92459.6
48,Bachelor's,Product Manager,18.8,27.0,Female,Canada,Retail,129125.49
35,Master's,Mechanical Engineer,8.2,45.9,Female,Canada,Healthcare,183617.97
56,Bachelor's,Mechanical Engineer,19.0,42.1,Female,Australia,Manufacturing,124099.77
39,Master's,Product Manager,11.4,49.7,Female,Australia,Healthcare,197757.27
24,High School,Software Engineer,5.7,27.8,Male,UK,Retail,93408.19
22,Master's,HR Specialist,4.0,37.7,Female,Germany,Healthcare,118770.08
36,PhD,Marketing Manager,6.8,50.9,Male,UK,Education,177090.95
42,PhD,Mechanical Engineer,11.3,42.3,Male,Australia,Finance,206321.31
35,Master's,Operations Manager,4.8,31.2,Female,UK,Healthcare,159518.48
37,Bachelor's,Mechanical Engineer,3.7,43.7,Female,UK,Manufacturing,122217.11
55,Bachelor's,Sales Executive,16.0,31.6,Male,UK,Education,106433.14
46,Master's,Financial Analyst,9.4,33.0,Female,Germany,Retail,120313.02
43,High School,Financial Analyst,13.9,30.4,Male,USA,Technology,170462.11
44,Bachelor's,Sales Executive,12.3,41.1,Female,India,Education,40844.92
37,High School,HR Specialist,8.8,40.9,Male,Germany,Healthcare,99579.64
55,Bachelor's,Operations Manager,24.0,34.3,Female,Germany,Retail,110092.09
31,High School,Mechanical Engineer,3.0,34.2,Male,USA,Healthcare,100547.15
20,Bachelor's,Data Analyst,2.0,46.0,Female,Germany,Education,100914.83
41,Bachelor's,Mechanical Engineer,1.5,40.5,Female,Australia,Healthcare,127846.18
20,Bachelor's,Financial Analyst,2.0,38.6,Female,UK,Retail,126705.13
37,Bachelor's,HR Specialist,14.6,38.8,Female,UK,Finance,162500.65
31,Bachelor's,Marketing Manager,6.5,36.6,Female,Australia,Finance,147700.85
45,High School,HR Specialist,12.9,48.8,Female,UK,Healthcare,115274.71
36,Bachelor's,Customer Support,12.1,31.2,Female,USA,Manufacturing,108207.29
43,PhD,Marketing Manager,11.5,30.9,Male,USA,Technology,296696.07
35,Bachelor's,Sales Executive,5.1,44.5,Female,USA,Retail,100196.61
42,Bachelor's,Financial Analyst,14.4,39.1,Male,Australia,Retail,105384.87
33,High School,Mechanical Engineer,6.3,42.8,Female,Australia,Education,88035.75
18,Bachelor's,Operations Manager,0.0,51.0,Male,India,Retail,45146.7
29,High School,Sales Executive,3.5,51.6,Female,UK,Manufacturing,85440.63
52,Master's,Sales Executive,15.0,50.7,Male,India,Finance,78676.73
48,Bachelor's,Software Engineer,14.0,48.1,Male,India,Technology,73288.51
33,Master's,Product Manager,2.4,46.3,Female,UK,Manufacturing,186799.6
47,High School,Operations Manager,13.6,44.2,Female,USA,Education,108321.51
37,Bachelor's,Customer Support,14.4,50.4,Female,USA,Manufacturing,167195.94
34,Bachelor's,Customer Support,8.0,39.8,Female,Canada,Retail,99088.78
41,Bachelor's,Financial Analyst,11.6,27.0,Male,Australia,Education,115513.29
31,Bachelor's,Marketing Manager,5.8,41.0,Female,Australia,Healthcare,143638.63
41,Bachelor's,Data Analyst,12.7,44.1,Male,USA,Finance,213518.42
50,Bachelor's,Operations Manager,27.0,47.3,Male,Canada,Technology,154984.24
26,High School,Product Manager,0.0,31.9,Female,India,Manufacturing,43799.79
53,Bachelor's,Financial Analyst,18.5,53.0,Male,Germany,Healthcare,133560.01
47,Bachelor's,Operations Manager,17.9,34.7,Female,India,Education,45226.63
31,Master's,Sales Executive,9.9,43.4,Male,Germany,Retail,123915.32
20,Master's,Product Manager,0.0,48.8,Female,Canada,Education,119709.28
44,Master's,Software Engineer,15.8,38.3,Male,Australia,Manufacturing,169217.5
34,Bachelor's,Mechanical Engineer,10.0,,Male,Australia,Healthcare,152067.32
55,Bachelor's,Financial Analyst,18.9,43.9,Female,Germany,Education,108023.59
49,Master's,Operations Manager,12.3,41.9,Female,Germany,Manufacturing,134329.21
50,Bachelor's,HR Specialist,13.6,47.0,Female,UK,Finance,166680.17
58,Master's,Operations Manager,24.1,36.7,Female,UK,Healthcare,172088.72
29,Bachelor's,Sales Executive,7.1,39.5,Male,Canada,Manufacturing,119866.1
32,Bachelor's,Data Analyst,14.0,50.9,Female,USA,Education,139507.12
37,Master's,Product Manager,6.9,43.6,Male,UK,Technology,236061.41
24,High School,Product Manager,6.0,32.4,Female,Australia,Finance,136969.9
47,High School,Marketing Manager,16.4,40.6,Male,Canada,Education,76667.96
40,PhD,Data Analyst,13.9,28.8,Female,India,Healthcare,79848.87
20,High School,Mechanical Engineer,2.0,43.7,Male,Australia,Education,82675.24
38,PhD,Mechanical Engineer,20.0,47.0,Male,USA,Healthcare,230325.87
31,Master's,Product Manager,4.0,46.7,Female,Australia,Retail,156103.96
29,Bachelor's,Software Engineer,0.0,40.4,Male,Canada,Finance,143474.02
36,Bachelor's,Operations Manager,2.8,41.1,Female,Germany,Education,85244.97
43,High School,Mechanical Engineer,7.6,38.9,Male,Germany,Manufacturing,83033.18
34,Bachelor's,Mechanical Engineer,9.3,26.7,Female,Australia,Manufacturing,116268.26
53,Bachelor's,Mechanical Engineer,17.0,30.6,Female,USA,Technology,197936.37
19,Master's,Operations Manager,0.0,35.1,Male,USA,Finance,161614.85
49,Master's,Product Manager,18.2,39.8,Male,India,Manufacturing,73312.06
37,Bachelor's,Sales Executive,16.3,35.6,Female,Canada,Healthcare,135757.81
33,High School,Software Engineer,8.9,42.3,Female,Canada,Finance,143895.02
35,PhD,Mechanical Engineer,12.5,53.8,Male,Australia,Retail,150790.54
40,Bachelor's,Financial Analyst,10.1,37.6,Female,Australia,Technology,185661.45
31,PhD,Software Engineer,9.7,46.2,Male,Canada,Technology,279843.15
62,Bachelor's,Marketing Manager,31.1,46.3,Female,Australia,Retail,143385.73
18,High School,Operations Manager,0.0,43.1,Female,UK,Manufacturing,88289.8
18,Master's,Product Manager,0.0,20.0,Female,Germany,Finance,160707.61
49,High School,HR Specialist,14.0,32.3,Female,Canada,Finance,110233.16
33,Bachelor's,Software Engineer,8.8,35.8,Male,Canada,Technology,180951.69
39,High School,Software Engineer,10.8,32.0,Male,UK,Technology,141634.0
40,Master's,Mechanical Engineer,5.3,40.6,Male,Germany,Manufacturing,140957.18
38,Master's,Sales Executive,15.2,28.6,Male,India,Healthcare,57697.08
50,Master's,Mechanical Engineer,22.8,49.0,Female,UK,Retail,140906.51
29,Bachelor's,Operations Manager,9.3,57.5,Female,Canada,Retail,108074.46
31,Bachelor's,Software Engineer,5.6,44.6,Female,India,Retail,48250.29
33,High School,Mechanical Engineer,5.8,33.2,Other,USA,Finance,134346.25
24,High School,Mechanical Engineer,6.0,46.5,Male,UK,Retail,91512.73
34,Master's,Product Manager,10.3,39.8,Female,USA,Education,177957.12
32,Bachelor's,Customer Support,5.0,43.8,Male,Germany,Technology,129812.55
41,PhD,Marketing Manager,8.6,48.2,Female,India,Manufacturing,79694.77
33,High School,Product Manager,7.0,46.3,Female,Australia,Healthcare,131391.27
51,PhD,Mechanical Engineer,8.3,45.7,Male,Germany,Manufacturing,168365.7
27,PhD,HR Specialist,4.1,43.2,Female,Canada,Healthcare,161546.59
42,High School,Operations Manager,20.3,47.4,Female,Germany,Education,84031.65
51,High School,Operations Manager,15.1,26.7,Male,Canada,Technology,105503.9
33,High School,Software Engineer,15.0,45.9,Male,Germany,Technology,118171.56
33,High School,Financial Analyst,9.2,29.8,Female,Australia,Education,65399.31
50,Master's,Software Engineer,14.1,35.0,Male,Germany,Education,124129.86
36,Bachelor's,HR Specialist,6.0,33.3,Female,India,Finance,48664.84
43,Master's,Product Manager,11.7,34.3,Female,UK,Retail,151316.59
48,High School,Sales Executive,20.4,51.3,Female,Germany,Manufacturing,89542.59
24,High School,Marketing Manager,0.2,55.9,Female,Australia,Retail,82703.24
33,PhD,Marketing Manager,7.7,32.4,Female,UK,Education,145021.37
29,Master's,Product Manager,1.0,53.0,Male,India,Education,61956.56
57,Bachelor's,Data Analyst,20.9,39.6,Female,Australia,Finance,171213.39
34,Master's,Financial Analyst,6.9,47.2,Female,USA,Manufacturing,180584.01
36,Master's,Sales Executive,9.8,46.3,Female,Canada,Technology,192636.8
29,Master's,Financial Analyst,10.6,33.4,Male,UK,Manufacturing,155308.01
54,Master's,Software Engineer,22.3,34.3,Male,Germany,Manufacturing,150377.69
42,Bachelor's,Data Analyst,4.5,39.6,Female,Australia,Finance,139640.94
36,High School,Customer Support,6.0,37.4,Male,Germany,Manufacturing,72287.6
36,Bachelor's,Data Analyst,10.1,40.9,Male,UK,Technology,177352.7
31,High School,Operations Manager,10.7,28.2,Other,India,Finance,48029.03
47,Bachelor's,Product Manager,10.4,42.3,Male,Canada,Retail,115656.81
26,High School,Software Engineer,2.8,47.1,Female,Canada,Retail,87461.61
39,Bachelor's,Product Manager,8.5,47.4,Male,Canada,Manufacturing,133384.73
18,Bachelor's,Marketing Manager,0.0,44.0,Female,UK,Retail,98019.55
54,Bachelor's,Data Analyst,19.4,55.6,Male,Canada,Education,107598.6
53,High School,Financial Analyst,14.1,46.2,Female,Canada,Technology,131753.61
33,High School,Customer Support,1.8,43.1,Male,Germany,Retail,59228.34
42,High School,Marketing Manager,20.3,39.0,Other,India,Retail,35832.4
46,Master's,Sales Executive,21.3,28.5,Female,USA,Education,115632.65
37,Bachelor's,Product Manager,8.0,43.7,Female,Canada,Technology,169766.43
28,Master's,Data Analyst,2.3,44.3,Male,UK,Finance,220841.79
47,Bachelor's,Operations Manager,16.3,47.5,Male,USA,Education,125977.74
40,Master's,Customer Support,7.0,29.2,Male,India,Technology,67924.38
49,Master's,Product Manager,17.4,33.4,Female,Australia,Healthcare,230954.39
49,Bachelor's,HR Specialist,17.5,55.0,Female,India,Education,47878.87
39,Bachelor's,Operations Manager,7.3,33.5,Female,Canada,Education,92910.86
57,PhD,Customer Support,20.5,49.0,Female,Australia,Healthcare,180926.12
46,High School,HR Specialist,10.8,51.5,Female,Australia,Education,88290.31
44,Master's,Product Manager,14.2,43.6,Female,Australia,Retail,157399.09
30,Bachelor's,Mechanical Engineer,7.1,33.9,Female,Germany,Healthcare,116266.38
25,High School,Product Manager,0.5,52.7,Male,India,Manufacturing,42546.41
33,High School,Product Manager,0.0,41.7,Female,India,Healthcare,46135.47
37,Bachelor's,HR Specialist,13.4,35.5,Female,Australia,Manufacturing,99618.86
28,Master's,HR Specialist,10.0,55.9,Female,USA,Retail,160625.09
39,Master's,Customer Support,9.8,38.3,Female,Australia,Healthcare,126318.36
35,PhD,Sales Executive,7.5,62.4,Female,Canada,Healthcare,185483.02
30,High School,Operations Manager,5.8,57.8,Male,Australia,Technology,127161.39
46,Master's,Marketing Manager,15.0,35.6,Female,Germany,Retail,145515.59
43,Bachelor's,Sales Executive,8.8,39.0,Female,Australia,Education,98049.79
50,Bachelor's,Software Engineer,11.3,32.5,Male,USA,Manufacturing,172015.98
40,PhD,Operations Manager,7.1,40.9,Male,Australia,Education,156209.92
37,High School,Marketing Manager,6.6,34.6,Female,UK,Education,81074.0
53,Bachelor's,Marketing Manager,13.0,34.2,Male,Australia,Technology,139307.66
62,Bachelor's,Financial Analyst,19.8,38.8,Male,Canada,Finance,177937.77
39,Master's,Marketing Manager,8.8,59.3,Female,UK,Manufacturing,183629.13
29,Bachelor's,Customer Support,1.4,29.4,Male,UK,Healthcare,101442.23
51,Bachelor's,Operations Manager,10.3,44.2,Male,Australia,Healthcare,104375.68
24,High School,Software Engineer,0.0,34.1,Female,Australia,Healthcare,95300.85
64,PhD,Customer Support,25.1,46.2,Male,Australia,Manufacturing,181584.56
18,Bachelor's,Product Manager,0.0,37.6,Female,UK,Finance,161333.8
25,Bachelor's,Operations Manager,1.4,31.0,Male,India,Manufacturing,40868.88
37,Bachelor's,HR Specialist,12.4,46.2,Female,Canada,Retail,102535.71
37,High School,Financial Analyst,8.2,43.2,Female,UK,Finance,123796.86
18,Bachelor's,Sales Executive,0.0,37.9,Male,Australia,Retail,89250.34
40,Bachelor's,Mechanical Engineer,1.0,35.4,Male,UK,Manufacturing,107791.09
38,Bachelor's,Sales Executive,8.3,43.3,Female,USA,Education,125870.48
18,Bachelor's,Mechanical Engineer,0.0,38.4,Male,USA,Retail,112976.21
38,High School,Customer Support,5.8,43.3,Female,USA,Finance,114673.95
47,High School,Sales Executive,9.7,51.2,Male,Canada,Retail,77493.51
27,High School,Sales Executive,2.4,42.4,Other,Australia,Manufacturing,89970.19
34,High School,Data Analyst,7.1,46.1,Male,Canada,Manufacturing,110416.6
29,Master's,Sales Executive,0.3,51.6,Other,Germany,Retail,101913.03
61,Master's,Financial Analyst,20.8,46.0,Male,Canada,Retail,142228.38
30,Bachelor's,Marketing Manager,11.6,35.6,Male,Australia,Manufacturing,134888.31
49,High School,Sales Executive,23.4,34.0,Male,Australia,Manufacturing,91848.52
27,Bachelor's,Financial Analyst,3.8,52.9,Female,Australia,Manufacturing,123697.77
52,High School,Customer Support,24.4,37.1,Male,UK,Healthcare,92781.19
50,Bachelor's,Financial Analyst,13.5,51.5,Male,Germany,Finance,154214.58
27,Bachelor's,Marketing Manager,4.7,37.7,Female,USA,Finance,159306.7
19,Master's,Data Analyst,0.4,34.9,Female,USA,Retail,141692.54
43,Master's,Marketing Manager,2.5,41.7,Male,India,Technology,64284.33
48,Master's,Customer Support,9.1,44.6,Female,UK,Technology,172702.07
29,High School,Data Analyst,2.9,58.1,Female,Australia,Technology,116911.12
38,High School,Mechanical Engineer,4.8,51.9,Male,USA,Manufacturing,109002.53
36,Bachelor's,Data Analyst,13.0,42.5,Male,Germany,Finance,152546.43
34,Bachelor's,Customer Support,6.7,38.9,Male,Canada,Technology,116959.97
30,Bachelor's,Product Manager,10.3,51.7,Male,Germany,Education,123285.88
46,High School,Data Analyst,12.9,38.8,Male,USA,Manufacturing,113507.84
57,Master's,Sales Executive,15.3,36.5,Female,Germany,Healthcare,129752.28
46,Master's,Customer Support,14.2,52.7,Female,Australia,Technology,171299.4
50,High School,Software Engineer,21.5,41.8,Male,India,Retail,36923.73
34,Bachelor's,Product Manager,16.0,45.3,Male,India,Education,51679.57
26,Bachelor's,Mechanical Engineer,8.0,36.0,Male,Canada,Healthcare,125833.23
29,Master's,Product Manager,5.1,47.9,Female,Australia,Healthcare,208734.74
30,Bachelor's,Sales Executive,6.7,41.5,Male,UK,Technology,152302.4
49,Bachelor's,Customer Support,15.2,46.3,Female,Canada,Manufacturing,118512.39
62,Bachelor's,HR Specialist,23.1,40.8,Male,Germany,Manufacturing,118739.39
46,Master's,Product Manager,12.7,29.6,Male,Australia,Healthcare,208105.42
48,Bachelor's,Sales Executive,20.8,49.7,Male,Germany,Education,103957.16
37,High School,Customer Support,10.0,39.0,Male,Germany,Technology,96326.74
36,Master's,Mechanical Engineer,8.6,23.8,Male,Australia,Healthcare,185765.03
29,Bachelor's,Product Manager,7.1,42.7,Male,Australia,Technology,212586.43
37,PhD,Sales Executive,9.6,30.7,Male,Canada,Education,123867.11
42,High School,Financial Analyst,14.7,46.8,Female,USA,Technology,167871.89
38,Bachelor's,Software Engineer,5.8,37.3,Male,Australia,Education,118256.46
50,Bachelor's,HR Specialist,14.2,49.7,Female,India,Education,41780.9
40,Bachelor's,Operations Manager,10.9,28.4,Female,Canada,Education,98649.56
48,Bachelor's,Operations Manager,13.9,30.6,Female,Canada,Healthcare,126297.59
30,High School,Sales Executive,3.0,36.6,Male,Australia,Education,71526.92
41,Master's,Sales Executive,11.3,36.2,Female,India,Finance,65424.64
27,High School,Mechanical Engineer,0.0,44.5,Male,Canada,Finance,97781.69
39,High School,Sales Executive,15.7,55.7,Male,UK,Manufacturing,98256.16
23,High School,Marketing Manager,2.1,36.9,Male,Australia,Manufacturing,87765.52
47,High School,Sales Executive,5.6,34.5,Male,Canada,Education,73865.9
27,Master's,HR Specialist,9.0,52.5,Male,USA,Finance,199754.85
31,PhD,Software Engineer,3.2,46.5,Male,India,Technology,94241.56
61,Bachelor's,Operations Manager,22.1,47.0,Female,USA,Technology,217889.37
54,Master's,Data Analyst,18.8,57.1,Female,India,Finance,85784.79
50,Bachelor's,Software Engineer,17.5,45.7,Female,UK,Retail,131810.25
54,Bachelor's,Software Engineer,21.3,41.0,Male,Canada,Finance,156842.05
34,Master's,Financial Analyst,11.2,43.0,Female,USA,Manufacturing,177779.99
30,High School,Mechanical Engineer,5.1,38.4,Male,Germany,Technology,104008.14
37,High School,Customer Support,8.6,35.8,Female,Australia,Finance,98323.48
41,Master's,Mechanical Engineer,18.1,34.6,Female,USA,Technology,246131.46
38,Bachelor's,Customer Support,9.3,41.9,Male,UK,Finance,114031.12
36,Bachelor's,Software Engineer,12.1,37.4,Male,India,Healthcare,47601.1
53,Master's,Sales Executive,19.1,51.2,Male,Canada,Retail,130692.6
39,Master's,Mechanical Engineer,12.8,39.3,Male,India,Education,53538.73
32,Master's,Financial Analyst,14.0,32.9,Female,UK,Finance,207334.57
31,Master's,Marketing Manager,2.8,34.9,Female,Canada,Technology,145102.01
27,Bachelor's,Operations Manager,7.9,20.0,Male,India,Technology,56809.98
24,Bachelor's,Data Analyst,0.0,45.8,Female,Canada,Finance,133492.7
35,Bachelor's,Financial Analyst,12.9,31.4,Male,Canada,Healthcare,146375.42
22,High School,Sales Executive,4.0,48.8,Male,UK,Manufacturing,87856.69
35,High School,Product Manager,3.4,39.3,Male,Australia,Technology,142103.55
54,Master's,Financial Analyst,18.5,45.3,Male,Australia,Education,154631.47
28,High School,Data Analyst,7.4,39.1,Female,Canada,Retail,79119.29
43,Master's,Customer Support,9.1,42.6,Female,Germany,Healthcare,138949.43
33,High School,Data Analyst,7.5,25.5,Female,India,Manufacturing,36252.75
32,High School,Financial Analyst,9.0,48.0,Male,Australia,Retail,100554.67
38,Bachelor's,Financial Analyst,13.3,43.2,Male,India,Education,45864.68
38,Master's,Mechanical Engineer,8.9,51.5,Male,Australia,Manufacturing,140100.65
34,Bachelor's,Data Analyst,0.9,38.1,Male,Australia,Technology,161124.23
28,High School,Marketing Manager,5.8,26.8,Female,USA,Manufacturing,97536.96
33,Bachelor's,Marketing Manager,6.5,59.4,Female,Australia,Education,104623.67
31,Bachelor's,Operations Manager,5.2,,Female,Germany,Technology,155656.92
46,Bachelor's,Sales Executive,8.3,36.8,Male,Canada,Finance,129476.19
37,PhD,HR Specialist,6.7,33.5,Female,India,Finance,68553.43
41,Master's,Data Analyst,12.4,53.0,Male,Germany,Finance,163124.57
33,High School,Customer Support,11.3,49.7,Female,India,Retail,29716.89
28,Bachelor's,Operations Manager,6.3,58.4,Male,UK,Retail,112647.54
36,High School,Operations Manager,15.5,29.0,Male,Germany,Healthcare,94811.95
44,Bachelor's,HR Specialist,10.2,29.9,Male,USA,Retail,105792.98
55,Bachelor's,Sales Executive,13.6,33.2,Female,Canada,Manufacturing,125191.84
50,Master's,Sales Executive,11.9,46.8,Female,Germany,Manufacturing,128777.03
22,Bachelor's,Marketing Manager,0.0,34.0,Male,Germany,Healthcare,105619.97
47,Master's,Customer Support,16.1,51.2,Male,USA,Manufacturing,151301.19
29,PhD,Marketing Manager,1.5,40.1,Male,India,Technology,72587.17
31,Bachelor's,Operations Manager,6.0,50.8,Male,UK,Technology,153422.15
22,PhD,Mechanical Engineer,4.0,39.7,Male,UK,Healthcare,192322.44
46,Master's,Customer Support,14.0,45.1,Male,Australia,Retail,124318.53
54,Master's,Data Analyst,17.4,41.5,Male,Germany,Retail,143955.5
35,Master's,HR Specialist,9.8,35.2,Female,Germany,Manufacturing,107280.91
49,High School,Marketing Manager,21.8,49.9,Male,USA,Retail,107759.1
36,Master's,Product Manager,6.3,41.9,Male,Germany,Finance,202109.03
56,PhD,Sales Executive,17.6,33.5,Other,Australia,Manufacturing,165867.42
36,High School,Operations Manager,9.3,41.2,Female,Australia,Healthcare,98077.46
36,Bachelor's,Operations Manager,12.7,42.5,Female,India,Healthcare,47716.77
44,PhD,Product Manager,13.7,42.5,Female,Germany,Manufacturing,180475.56
21,Bachelor's,Software Engineer,3.0,35.6,Male,Germany,Education,104677.4
56,Bachelor's,HR Specialist,18.0,48.8,Male,India,Healthcare,55393.57
34,Bachelor's,Marketing Manager,8.1,35.7,Female,Australia,Healthcare,155470.86
42,High School,Marketing Manager,10.8,62.1,Male,UK,Education,93450.51
32,Master's,Data Analyst,5.9,52.3,Male,USA,Technology,223567.57
29,Master's,Mechanical Engineer,0.0,43.4,Female,Germany,Retail,93344.45
28,Master's,Operations Manager,7.4,43.3,Male,Australia,Healthcare,195585.66
47,Master's,Data Analyst,19.7,43.9,Female,Canada,Finance,210497.4
34,Bachelor's,Customer Support,5.6,48.1,Other,USA,Retail,110291.57
40,Master's,Product Manager,3.0,39.6,Male,USA,Technology,239919.01
38,High School,Product Manager,10.7,31.4,Female,India,Technology,45106.69
45,Master's,Product Manager,9.1,40.0,Female,Germany,Finance,198852.13
30,Master's,Financial Analyst,0.0,40.9,Male,Australia,Education,135713.82
32,Bachelor's,Mechanical Engineer,2.5,34.1,Female,India,Technology,61919.62
32,Bachelor's,Marketing Manager,2.0,40.2,Male,Germany,Education,105559.43
24,Bachelor's,Marketing Manager,0.0,33.3,Male,USA,Technology,179223.83
31,Master's,Financial Analyst,4.4,49.5,Male,India,Retail,53232.81
47,PhD,Customer Support,18.9,43.3,Female,India,Technology,73534.58
24,Bachelor's,Sales Executive,0.0,25.5,Female,Germany,Finance,109563.44
41,High School,Product Manager,20.6,45.2,Male,Canada,Technology,145451.95
37,Bachelor's,Product Manager,6.9,37.2,Female,India,Education,47435.64
28,High School,Mechanical Engineer,10.0,56.9,Male,Germany,Finance,127771.73
31,Bachelor's,Operations Manager,7.4,38.2,Other,USA,Education,101319.77
34,Bachelor's,Customer Support,16.0,45.3,Male,Germany,Retail,93101.44
31,High School,Operations Manager,7.3,,Male,Australia,Manufacturing,87911.11
39,Master's,Operations Manager,12.8,64.1,Female,Australia,Manufacturing,165018.37
35,Bachelor's,Mechanical Engineer,3.5,44.6,Male,India,Healthcare,53153.57
45,PhD,Data Analyst,15.5,52.6,Male,Canada,Technology,263977.68
36,High School,Sales Executive,12.4,51.6,Female,India,Retail,34345.41
31,PhD,Financial Analyst,0.4,50.3,Female,India,Education,61142.68
34,Bachelor's,Software Engineer,7.4,42.0,Female,UK,Education,121880.01
65,High School,Customer Support,23.7,39.3,Female,Australia,Manufacturing,91883.83
45,High School,Mechanical Engineer,8.1,26.5,Female,Australia,Finance,105395.03
46,Master's,Financial Analyst,17.7,46.6,Male,Germany,Education,132236.13
38,Master's,Software Engineer,7.6,27.8,Other,Germany,Finance,186851.96
21,Master's,Mechanical Engineer,0.0,48.7,Male,Canada,Technology,188887.58
46,PhD,Operations Manager,15.7,24.8,Male,Australia,Manufacturing,164549.01
48,High School,Data Analyst,12.2,47.1,Male,USA,Technology,159316.04
39,High School,Customer Support,10.2,46.2,Male,Australia,Retail,71996.98
37,High School,Operations Manager,7.0,42.0,Female,UK,Technology,135970.9
42,Bachelor's,Data Analyst,10.9,53.7,Male,UK,Manufacturing,141674.18
40,Bachelor's,Product Manager,10.8,40.7,Male,USA,Finance,231769.17
42,High School,Marketing Manager,6.9,47.3,Female,USA,Retail,105730.48
32,High School,Customer Support,3.3,46.3,Female,Germany,Healthcare,104712.48
41,High School,HR Specialist,7.9,35.2,Male,India,Finance,41296.78
34,High School,Marketing Manager,4.4,50.3,Male,Australia,Finance,142232.64
47,Bachelor's,Customer Support,14.1,27.2,Male,Australia,Education,82194.62
27,Master's,Sales Executive,7.7,46.0,Female,Canada,Retail,119492.08
22,High School,HR Specialist,1.8,45.0,Male,Canada,Finance,106071.43
42,Bachelor's,Customer Support,11.1,49.0,Male,Germany,Retail,86835.03
27,Master's,Sales Executive,5.9,55.0,Male,Germany,Finance,147026.88
35,Master's,Customer Support,10.2,,Male,Canada,Finance,155324.16
34,PhD,Customer Support,9.3,42.6,Female,India,Retail,51592.7
31,Bachelor's,Customer Support,9.0,32.6,Male,Canada,Healthcare,131195.66
32,High School,Customer Support,10.3,52.1,Female,India,Manufacturing,36199.41
36,Master's,Mechanical Engineer,13.8,38.3,Female,Australia,Education,117010.44
39,Bachelor's,Mechanical Engineer,10.5,53.0,Female,India,Retail,44480.29
55,Bachelor's,Operations Manager,12.6,45.0,Male,Canada,Education,94189.69
34,Bachelor's,Mechanical Engineer,1.1,46.9,Female,UK,Healthcare,127836.46
26,Bachelor's,Operations Manager,8.0,48.7,Male,Germany,Healthcare,141137.84
26,Bachelor's,Operations Manager,2.3,50.8,Male,Australia,Manufacturing,124127.68
38,High School,Data Analyst,8.1,46.2,Male,USA,Finance,130238.21
27,Bachelor's,Financial Analyst,3.8,40.2,Female,UK,Technology,187804.8
24,Bachelor's,Operations Manager,2.9,40.0,Female,Canada,Healthcare,133950.18
45,Bachelor's,Mechanical Engineer,14.6,44.0,Male,Germany,Healthcare,128856.43
37,Master's,Data Analyst,6.9,36.9,Female,India,Healthcare,74372.57
25,Bachelor's,Sales Executive,7.0,27.8,Other,UK,Healthcare,119755.47
36,PhD,Data Analyst,1.6,42.2,Male,UK,Education,132038.96
46,High School,Sales Executive,18.5,38.7,Male,USA,Healthcare,126025.53
30,Master's,Sales Executive,4.9,,Male,UK,Finance,184831.08
43,High School,Sales Executive,17.6,48.3,Female,Germany,Technology,119427.53
38,High School,Software Engineer,5.4,37.1,Female,Australia,Manufacturing,108847.44
38,High School,Software Engineer,9.8,45.1,Male,Australia,Manufacturing,108778.04
38,Bachelor's,Customer Support,11.4,42.3,Female,Germany,Manufacturing,99381.21
41,PhD,Marketing Manager,11.0,35.7,Female,India,Technology,90078.09
37,High School,Software Engineer,15.9,51.1,Male,USA,Technology,173764.51
38,High School,Financial Analyst,12.2,44.3,Female,Germany,Education,77633.14
38,Master's,Data Analyst,14.4,34.9,Male,USA,Education,137615.0
39,High School,Customer Support,11.2,45.5,Female,Canada,Technology,108222.43
25,Master's,Mechanical Engineer,6.2,38.2,Male,Germany,Retail,131849.44
33,High School,Product Manager,0.4,44.0,Male,Germany,Technology,137165.06
18,Bachelor's,Marketing Manager,0.0,52.7,Male,India,Education,42019.39
40,Bachelor's,Software Engineer,12.2,43.1,Female,Australia,Healthcare,167889.6
44,Bachelor's,Operations Manager,22.6,34.9,Male,USA,Healthcare,159796.44
59,Bachelor's,Software Engineer,27.8,32.4,Male,USA,Education,156110.92
53,High School,HR Specialist,16.5,41.5,Female,USA,Technology,133975.28
27,Master's,Operations Manager,9.0,39.3,Female,UK,Manufacturing,153615.09
36,Bachelor's,Operations Manager,8.3,41.5,Female,India,Education,40351.98
47,Master's,Mechanical Engineer,10.3,49.0,Male,Germany,Retail,116245.61
43,Bachelor's,Product Manager,15.0,43.7,Female,Germany,Manufacturing,128016.54
29,High School,Marketing Manager,5.8,47.5,Female,India,Healthcare,44495.71
18,High School,HR Specialist,0.0,39.2,Male,India,Healthcare,34968.65
28,Master's,Mechanical Engineer,7.1,49.0,Male,Australia,Manufacturing,163379.77
33,High School,HR Specialist,4.2,41.4,Male,UK,Healthcare,84781.39
39,High School,Data Analyst,8.4,43.5,Male,Germany,Technology,128395.92
28,Bachelor's,Software Engineer,5.0,40.2,Male,Australia,Finance,165267.0
28,PhD,Customer Support,6.5,43.0,Male,Germany,Finance,177626.04
20,Master's,Operations Manager,1.6,35.4,Male,India,Education,39107.15
35,Bachelor's,HR Specialist,4.6,39.6,Female,India,Technology,52883.8
31,Bachelor's,Product Manager,11.4,35.5,Female,India,Education,45980.32
51,PhD,Sales Executive,9.1,22.7,Other,UK,Retail,135786.38
46,Master's,Product Manager,15.5,42.8,Female,UK,Finance,207304.14
33,High School,Customer Support,5.7,31.7,Male,India,Retail,26458.65
59,Master's,Software Engineer,24.1,41.4,Female,Germany,Technology,229448.3
47,High School,Financial Analyst,14.2,39.7,Female,Australia,Finance,125880.84
60,Master's,HR Specialist,25.8,53.2,Female,Germany,Healthcare,184919.51
30,Bachelor's,Mechanical Engineer,6.1,35.2,Male,UK,Finance,150297.96
36,Master's,Customer Support,10.2,50.1,Female,India,Education,39869.99
38,High School,Mechanical Engineer,9.3,25.4,Male,Canada,Technology,103952.54
37,Master's,Customer Support,13.5,33.3,Female,India,Manufacturing,46761.65
40,Master's,Software Engineer,8.8,40.9,Male,USA,Technology,234578.1
49,Master's,Software Engineer,10.9,47.7,Male,USA,Education,211205.75
20,High School,Marketing Manager,0.0,50.4,Male,Australia,Manufacturing,98765.27
38,Master's,Product Manager,11.1,37.6,Female,India,Education,56493.69
38,Bachelor's,Product Manager,12.0,45.8,Female,India,Manufacturing,55629.06
24,Master's,Mechanical Engineer,5.9,52.3,Female,USA,Education,149899.39
45,PhD,Financial Analyst,15.7,47.7,Male,UK,Education,199590.69
40,Bachelor's,Product Manager,11.0,35.3,Male,UK,Technology,188465.82
37,Bachelor's,Product Manager,2.3,41.1,Female,Australia,Manufacturing,147777.27
43,Master's,Mechanical Engineer,12.9,32.3,Female,USA,Retail,138416.97
36,Master's,Software Engineer,7.3,39.0,Female,USA,Finance,222549.53
31,Master's,Marketing Manager,9.9,32.6,Female,USA,Education,146868.37
53,PhD,Mechanical Engineer,20.1,35.5,Female,Canada,Manufacturing,170442.03
42,Master's,Financial Analyst,11.5,49.7,Other,USA,Healthcare,264422.87
50,PhD,Software Engineer,16.7,42.0,Female,Australia,Technology,250163.99
28,Master's,Software Engineer,8.0,49.1,Female,India,Healthcare,68796.49
30,PhD,Marketing Manager,6.3,34.9,Male,Australia,Healthcare,212712.2
58,Master's,Software Engineer,22.6,42.6,Male,UK,Healthcare,186484.98
61,High School,Financial Analyst,20.2,39.4,Female,UK,Technology,134204.53
35,Master's,Product Manager,7.9,39.4,Male,India,Technology,79074.47
39,PhD,Mechanical Engineer,12.3,46.7,Female,UK,Finance,236556.22
51,High School,Customer Support,19.3,38.4,Male,India,Manufacturing,31766.9
33,Master's,Data Analyst,11.7,38.6,Male,India,Technology,74910.02
45,Master's,Product Manager,8.8,48.7,Other,USA,Manufacturing,228462.39
40,PhD,Software Engineer,2.6,43.1,Male,Canada,Healthcare,255200.89
40,Bachelor's,Marketing Manager,2.7,45.5,Male,Canada,Manufacturing,105867.68
40,Bachelor's,Data Analyst,14.8,32.8,Male,Canada,Manufacturing,125130.77
18,Bachelor's,Product Manager,0.0,26.4,Male,USA,Manufacturing,167596.58
36,PhD,Sales Executive,6.7,39.0,Female,Australia,Technology,210923.57
31,High School,Customer Support,6.3,27.2,Male,USA,Education,71949.62
45,High School,Software Engineer,12.7,57.2,Female,UK,Technology,126313.95
27,High School,Financial Analyst,4.7,43.4,Male,UK,Finance,129944.92
32,Master's,Data Analyst,7.6,35.2,Male,India,Healthcare,68828.31
40,Master's,Sales Executive,3.3,52.6,Male,Canada,Education,117379.92
43,Master's,Marketing Manager,19.8,45.2,Female,India,Technology,77510.22
39,High School,Data Analyst,13.9,48.0,Female,UK,Healthcare,125422.14
46,Master's,Customer Support,13.2,38.8,Male,Canada,Finance,166980.65
26,High School,HR Specialist,4.3,46.9,Male,India,Manufacturing,28984.71
42,Master's,Financial Analyst,13.2,52.4,Male,Australia,Retail,148045.26
24,Bachelor's,Financial Analyst,5.9,,Female,UK,Manufacturing,135251.22
23,Bachelor's,Marketing Manager,0.0,46.6,Male,India,Education,41561.58
36,Master's,Software Engineer,1.7,51.0,Male,Australia,Retail,141704.67
33,Master's,Software Engineer,1.9,42.6,Female,Germany,Retail,140675.43
18,High School,Operations Manager,0.0,39.9,Male,Australia,Manufacturing,90360.16
47,Master's,Financial Analyst,15.4,57.3,Male,Australia,Manufacturing,155165.94
49,Bachelor's,Data Analyst,16.1,41.8,Male,Germany,Retail,108762.81
29,Master's,Mechanical Engineer,7.7,43.4,Female,Germany,Finance,158672.15
21,Bachelor's,Customer Support,0.0,32.3,Other,UK,Technology,121023.4
30,Bachelor's,Financial Analyst,5.8,59.8,Female,Germany,Finance,185173.34
38,Master's,Financial Analyst,2.6,52.0,Male,Germany,Manufacturing,153104.43
45,High School,Software Engineer,6.7,47.0,Male,Germany,Retail,64392.34
42,Bachelor's,Operations Manager,13.4,35.4,Male,USA,Retail,109788.32
37,High School,Software Engineer,10.0,43.4,Female,UK,Manufacturing,101437.53
51,Master's,Operations Manager,15.3,44.0,Male,Australia,Education,141375.09
39,Master's,Data Analyst,8.8,39.1,Female,USA,Healthcare,192809.4
36,Bachelor's,Operations Manager,16.4,37.8,Male,Canada,Technology,161882.84
44,High School,HR Specialist,12.4,45.7,Male,UK,Education,76744.12
27,PhD,HR Specialist,6.0,54.7,Female,Australia,Technology,225958.87
47,Bachelor's,Financial Analyst,12.6,50.7,Male,UK,Finance,156646.84
42,Master's,Operations Manager,10.7,26.9,Male,India,Finance,67762.51
43,Bachelor's,HR Specialist,12.9,32.0,Male,India,Education,33272.75
43,Bachelor's,Customer Support,9.8,51.3,Male,Australia,Education,97456.51
59,Bachelor's,Data Analyst,19.6,46.0,Female,India,Finance,69158.21
39,Bachelor's,Sales Executive,16.1,44.8,Female,Canada,Education,109438.33
44,Master's,HR Specialist,10.5,43.7,Male,Canada,Retail,126476.13
40,Bachelor's,HR Specialist,14.1,58.1,Male,USA,Manufacturing,153334.45
44,Master's,Product Manager,14.7,33.7,Female,Germany,Manufacturing,156798.55
48,Bachelor's,Financial Analyst,12.0,48.3,Female,Canada,Technology,152392.77
32,High School,Data Analyst,8.5,44.6,Male,Germany,Retail,81471.37
41,Bachelor's,Software Engineer,14.8,42.7,Female,USA,Education,142013.06
39,Bachelor's,Product Manager,12.2,38.7,Female,Canada,Finance,189716.42
31,Bachelor's,Financial Analyst,7.1,35.3,Male,Canada,Education,102244.17
41,Bachelor's,Software Engineer,8.2,38.1,Male,USA,Education,144340.58
30,High School,Marketing Manager,2.9,56.4,Female,USA,Technology,165004.61
43,Bachelor's,Sales Executive,15.0,32.8,Male,USA,Finance,180330.36
38,Master's,Customer Support,4.4,40.1,Female,India,Healthcare,56106.81
42,Bachelor's,Marketing Manager,17.2,33.6,Female,India,Retail,44593.7
54,Bachelor's,Data Analyst,24.7,38.7,Female,UK,Technology,184888.53
52,High School,Software Engineer,14.0,40.7,Female,USA,Healthcare,133097.39
20,Bachelor's,Software Engineer,0.0,59.4,Male,USA,Finance,169503.24
32,Bachelor's,Product Manager,0.1,33.2,Male,India,Healthcare,50080.14
34,High School,HR Specialist,8.1,31.2,Female,USA,Technology,125884.23
36,Bachelor's,Marketing Manager,9.1,36.8,Female,Germany,Healthcare,107281.46
22,High School,Customer Support,4.0,43.8,Male,Canada,Finance,100991.41
49,High School,Financial Analyst,16.8,40.8,Female,India,Manufacturing,34731.08
54,PhD,Data Analyst,15.5,35.0,Female,Canada,Retail,160546.72
31,Master's,Mechanical Engineer,7.9,50.3,Male,Australia,Technology,200873.76
36,Bachelor's,Data Analyst,7.7,39.4,Female,Australia,Finance,135443.75
44,Bachelor's,Marketing Manager,17.7,43.0,Female,Australia,Education,112484.34
58,Master's,Software Engineer,16.0,35.6,Female,Australia,Healthcare,179212.78
18,Bachelor's,HR Specialist,0.0,40.1,Female,Germany,Healthcare,108819.64
36,Master's,Financial Analyst,9.3,35.5,Female,UK,Retail,152551.62
48,Bachelor's,Mechanical Engineer,12.8,44.0,Female,Canada,Retail,111252.81
22,Bachelor's,Marketing Manager,2.0,28.2,Female,India,Healthcare,57904.95
40,Master's,Product Manager,9.2,39.4,Male,Australia,Finance,224280.92
45,Master's,Financial Analyst,18.9,37.4,Male,Canada,Finance,187071.19
41,High School,HR Specialist,13.5,44.3,Female,USA,Education,90862.72
53,PhD,Mechanical Engineer,8.3,43.2,Female,India,Healthcare,83695.84
37,High School,Customer Support,8.6,39.7,Male,Australia,Education,74610.25
30,Master's,Product Manager,12.0,54.9,Female,Australia,Healthcare,225126.29
65,High School,Marketing Manager,17.3,45.6,Male,Australia,Technology,135807.63
33,Bachelor's,Financial Analyst,14.4,39.1,Male,Australia,Manufacturing,150867.65
33,Bachelor's,Operations Manager,2.6,43.1,Female,India,Finance,55795.56
34,High School,Software Engineer,10.9,42.6,Female,USA,Technology,177433.97
18,PhD,Financial Analyst,0.0,41.9,Male,India,Healthcare,69242.96
37,Bachelor's,Data Analyst,4.6,46.1,Male,Germany,Technology,166998.01
32,Bachelor's,Customer Support,7.8,22.1,Male,India,Technology,46698.15
28,High School,Financial Analyst,0.0,34.5,Male,USA,Education,91583.56
43,Bachelor's,Sales Executive,7.0,37.4,Female,UK,Retail,98086.34
23,Master's,Sales Executive,4.0,24.5,Male,Canada,Healthcare,141963.56
38,Master's,Product Manager,5.4,64.5,Male,USA,Education,145697.21
56,PhD,HR Specialist,18.0,43.8,Male,India,Education,52554.42
28,Bachelor's,Marketing Manager,8.1,32.1,Female,Germany,Manufacturing,112450.89
38,High School,Data Analyst,14.7,26.9,Male,Germany,Technology,116551.61
30,Bachelor's,Sales Executive,4.0,51.2,Female,Australia,Finance,162228.5
40,Bachelor's,Software Engineer,15.6,52.4,Male,Australia,Education,118214.86
20,High School,Sales Executive,2.0,33.0,Female,Canada,Education,73165.42
20,High School,Marketing Manager,0.0,25.3,Male,India,Retail,29388.25
21,Master's,HR Specialist,0.1,48.3,Male,USA,Retail,136755.02
40,Bachelor's,Marketing Manager,7.4,30.9,Male,Canada,Technology,133964.46
41,High School,HR Specialist,14.1,52.3,Female,UK,Manufacturing,92900.63
35,Master's,Software Engineer,14.5,52.2,Female,Canada,Manufacturing,157452.85
33,Master's,Operations Manager,9.4,47.4,Female,Canada,Healthcare,144863.45
24,Bachelor's,Software Engineer,1.1,44.8,Male,Canada,Technology,181420.48
49,Master's,Financial Analyst,14.0,33.4,Male,USA,Education,169714.3
45,High School,Customer Support,15.3,40.8,Male,India,Technology,46551.67
36,Bachelor's,Software Engineer,0.0,43.4,Female,Germany,Retail,108539.07
29,Bachelor's,Mechanical Engineer,7.6,42.7,Female,Germany,Retail,124233.87
42,Bachelor's,Financial Analyst,12.0,47.2,Male,Australia,Finance,176105.35
24,High School,Product Manager,4.0,25.1,Female,USA,Finance,145450.16
31,Master's,Operations Manager,10.8,55.4,Male,UK,Finance,200369.58
50,Bachelor's,Product Manager,24.9,36.1,Female,Australia,Healthcare,153283.79
32,High School,Marketing Manager,0.0,45.1,Male,USA,Finance,138185.02
33,Master's,Financial Analyst,13.3,29.4,Female,Canada,Healthcare,170220.99
39,Bachelor's,Mechanical Engineer,6.8,28.7,Female,UK,Manufacturing,118783.37
42,Master's,Sales Executive,6.1,30.4,Male,Germany,Retail,120309.53
48,Bachelor's,Financial Analyst,13.1,53.8,Male,Australia,Retail,138611.26
54,PhD,Marketing Manager,20.5,35.9,Female,USA,Technology,300000.0
37,Bachelor's,Data Analyst,17.0,45.1,Male,USA,Manufacturing,170232.11
43,High School,Sales Executive,13.7,38.2,Male,India,Manufacturing,38676.01
28,Master's,Software Engineer,2.8,45.5,Female,USA,Education,166875.19
28,PhD,Financial Analyst,2.8,37.5,Female,Canada,Technology,220057.17
43,High School,Sales Executive,8.5,43.1,Female,Canada,Technology,131966.15
47,Master's,Marketing Manager,14.0,42.3,Female,Germany,Education,120702.75
47,PhD,Customer Support,15.0,28.9,Male,USA,Education,138235.46
31,Bachelor's,Mechanical Engineer,2.4,52.5,Female,Canada,Retail,110173.44
41,High School,Product Manager,9.2,47.9,Male,Australia,Technology,154490.93
37,Master's,Operations Manager,9.6,39.1,Female,Germany,Education,120727.54
45,Bachelor's,HR Specialist,13.6,42.4,Female,UK,Manufacturing,125029.16
20,High School,Financial Analyst,1.0,46.3,Female,UK,Healthcare,129560.4
44,Master's,Sales Executive,13.6,49.2,Male,Australia,Healthcare,157615.2
56,Master's,Sales Executive,21.2,54.4,Female,USA,Manufacturing,185592.39
31,Bachelor's,Operations Manager,0.0,44.1,Female,UK,Technology,142847.89
36,PhD,Mechanical Engineer,5.5,29.5,Female,Germany,Manufacturing,134921.01
55,Bachelor's,Mechanical Engineer,19.0,32.9,Female,UK,Finance,162367.33
26,Master's,Data Analyst,5.4,52.5,Female,Australia,Technology,199487.01
56,PhD,Data Analyst,21.9,41.1,Female,Germany,Healthcare,201142.75
47,Bachelor's,Financial Analyst,19.6,35.4,Female,Australia,Education,114970.49
27,Bachelor's,Operations Manager,7.8,48.0,Female,Australia,Healthcare,133327.75
45,Bachelor's,Marketing Manager,13.1,41.9,Male,Australia,Manufacturing,141910.82
38,Bachelor's,Software Engineer,8.5,57.1,Female,UK,Retail,123563.61
30,High School,Mechanical Engineer,2.5,57.8,Male,Germany,Manufacturing,86501.3
50,High School,Product Manager,16.1,30.1,Female,Canada,Finance,128910.93
18,Bachelor's,Product Manager,0.0,45.7,Female,Canada,Healthcare,169688.97
35,Bachelor's,Marketing Manager,3.3,31.3,Female,USA,Healthcare,156201.31
53,Bachelor's,Customer Support,21.0,28.2,Male,India,Manufacturing,48036.51
49,Bachelor's,Product Manager,17.0,31.8,Female,UK,Healthcare,176792.81
40,Bachelor's,Mechanical Engineer,6.7,39.6,Male,India,Manufacturing,45680.4
19,Bachelor's,Operations Manager,1.0,44.3,Male,India,Healthcare,50503.96
29,Bachelor's,Data Analyst,10.2,30.2,Male,Australia,Education,102054.23
34,Bachelor's,Sales Executive,8.9,38.2,Male,Australia,Technology,135610.74
52,Bachelor's,Financial Analyst,17.1,49.7,Other,Canada,Manufacturing,138072.06
39,High School,Product Manager,14.4,40.9,Male,Germany,Technology,154560.17
43,Master's,Software Engineer,16.7,49.7,Female,India,Manufacturing,76994.9
35,Bachelor's,Financial Analyst,4.7,47.3,Female,USA,Retail,134726.57
43,Bachelor's,Mechanical Engineer,15.1,41.5,Male,Germany,Manufacturing,113798.91
38,Bachelor's,Customer Support,7.6,38.9,Male,Australia,Retail,86802.53
40,Bachelor's,Marketing Manager,11.6,50.1,Female,India,Retail,50323.92
42,Bachelor's,Product Manager,17.8,61.1,Male,Germany,Education,118084.19
37,Master's,Sales Executive,7.7,33.5,Male,Germany,Education,90946.74
32,Master's,Mechanical Engineer,4.5,40.6,Male,Germany,Healthcare,129003.81
48,High School,Financial Analyst,9.9,43.6,Female,India,Finance,53693.98
24,Bachelor's,Data Analyst,5.9,44.5,Female,Germany,Technology,146217.92
39,Bachelor's,Marketing Manager,13.6,48.9,Male,USA,Education,124006.79
58,High School,Financial Analyst,16.9,29.1,Female,Australia,Finance,120206.65
29,High School,Marketing Manager,8.2,32.8,Female,India,Manufacturing,44274.16
22,Master's,Customer Support,4.0,41.1,Male,Australia,Finance,155514.18
31,Bachelor's,Operations Manager,6.7,34.6,Female,UK,Technology,149890.33
36,PhD,Software Engineer,8.3,33.2,Female,Australia,Retail,162159.44
18,PhD,Mechanical Engineer,0.0,41.9,Male,USA,Retail,157330.06
20,Bachelor's,Operations Manager,2.0,40.4,Male,India,Finance,52690.28
40,PhD,Customer Support,17.9,35.4,Male,Canada,Technology,184190.13
49,PhD,Financial Analyst,20.6,40.6,Female,Australia,Finance,265786.09
47,High School,Software Engineer,14.8,47.9,Female,USA,Healthcare,142764.1
42,High School,Operations Manager,17.1,46.0,Female,India,Education,29257.44
22,Master's,Sales Executive,0.0,42.9,Male,Germany,Manufacturing,104911.42
41,Bachelor's,Operations Manager,8.2,63.5,Female,Australia,Manufacturing,140707.94
33,Bachelor's,Customer Support,8.8,35.4,Female,Germany,Finance,136920.94
33,Bachelor's,HR Specialist,7.1,40.1,Male,UK,Finance,147063.55
43,Bachelor's,HR Specialist,9.1,30.8,Female,USA,Education,79433.25
33,Master's,Sales Executive,6.9,33.0,Male,Canada,Technology,174956.37
28,Master's,HR Specialist,1.9,36.6,Other,USA,Manufacturing,131658.53
25,High School,Financial Analyst,0.0,28.9,Male,USA,Education,80266.87
49,Bachelor's,Mechanical Engineer,10.8,56.6,Male,USA,Finance,203304.0
35,Master's,Software Engineer,4.8,35.2,Male,Germany,Manufacturing,141328.99
18,Bachelor's,Sales Executive,0.0,32.9,Female,India,Manufacturing,35694.73
35,Bachelor's,Operations Manager,11.5,44.2,Male,Australia,Manufacturing,105130.14
47,Bachelor's,Data Analyst,17.2,52.0,Male,Germany,Healthcare,157262.98
42,PhD,Marketing Manager,6.5,46.8,Female,India,Retail,66453.5
34,High School,Operations Manager,4.7,49.2,Female,Germany,Technology,97586.98
27,High School,Product Manager,9.0,33.9,Male,USA,Technology,169014.71
26,High School,Product Manager,5.6,39.1,Female,UK,Manufacturing,115760.56
34,High School,HR Specialist,7.8,46.6,Female,Australia,Finance,116187.76
57,High School,HR Specialist,8.0,37.9,Male,UK,Finance,99128.55
36,High School,Operations Manager,11.6,41.9,Male,Australia,Technology,134943.86
30,Master's,Mechanical Engineer,5.6,55.3,Female,Australia,Manufacturing,151188.04
52,Bachelor's,Mechanical Engineer,15.6,38.1,Female,India,Healthcare,51844.12
44,High School,HR Specialist,14.5,43.3,Male,Australia,Healthcare,115160.59
40,High School,Customer Support,3.8,53.7,Female,USA,Retail,94058.76
36,High School,Marketing Manager,13.4,49.2,Female,India,Education,39225.95
27,Bachelor's,Product Manager,0.7,46.2,Male,UK,Retail,97966.86
40,Master's,Customer Support,16.0,46.8,Female,UK,Healthcare,157176.7
47,Master's,Financial Analyst,17.2,31.3,Female,Germany,Manufacturing,138255.48
46,Master's,Product Manager,12.2,44.1,Male,India,Retail,62597.41
28,PhD,Sales Executive,0.0,33.3,Male,Canada,Healthcare,153457.69
32,Bachelor's,Operations Manager,8.8,36.4,Other,USA,Manufacturing,133298.37
41,High School,Mechanical Engineer,6.3,20.4,Male,Canada,Healthcare,94721.09
32,Master's,Customer Support,7.8,28.6,Female,USA,Education,120521.05
29,Master's,Software Engineer,1.7,37.6,Female,USA,Finance,258101.86
42,Bachelor's,Product Manager,11.5,50.7,Female,Australia,Healthcare,185219.38
47,PhD,Product Manager,8.3,36.2,Male,Germany,Healthcare,193374.71
33,Master's,HR Specialist,8.5,39.3,Female,Canada,Technology,154228.18
20,High School,HR Specialist,0.0,42.2,Male,Canada,Retail,63344.04
34,Bachelor's,Software Engineer,9.1,32.0,Male,Canada,Healthcare,152290.33
26,PhD,Financial Analyst,0.1,40.1,Male,India,Healthcare,78181.66
47,Bachelor's,Customer Support,19.0,28.2,Male,Germany,Healthcare,112562.37
52,Master's,Product Manager,16.8,38.7,Male,Canada,Manufacturing,170664.01
48,PhD,HR Specialist,20.7,30.5,Female,India,Retail,47958.11
48,Bachelor's,HR Specialist,14.7,28.4,Female,Australia,Retail,108442.6
36,High School,Operations Manager,10.5,38.2,Female,UK,Manufacturing,94479.94
29,PhD,Customer Support,11.0,41.7,Female,India,Retail,56840.41
36,Bachelor's,Customer Support,12.7,29.9,Male,UK,Finance,122391.78
40,High School,HR Specialist,9.0,34.3,Male,UK,Technology,104974.65
34,Master's,Customer Support,9.2,58.5,Female,UK,Education,119904.9
46,Master's,HR Specialist,13.2,40.5,Male,India,Manufacturing,51097.38
45,High School,Customer Support,15.2,55.4,Male,USA,Finance,123248.74
35,PhD,Software Engineer,12.5,49.1,Male,Australia,Retail,184600.13
38,Bachelor's,Software Engineer,16.5,44.2,Other,India,Retail,55171.26
42,Bachelor's,Operations Manager,14.0,49.8,Female,Australia,Manufacturing,117259.02
37,Bachelor's,Sales Executive,7.7,42.1,Female,India,Healthcare,54784.57
25,Bachelor's,Customer Support,0.0,23.2,Male,USA,Retail,101403.81
55,Master's,Operations Manager,14.3,45.5,Male,Germany,Retail,111303.5
23,High School,Data Analyst,3.2,26.3,Male,Canada,Healthcare,86626.33
57,Master's,Product Manager,26.8,48.0,Female,India,Retail,61994.21
32,High School,Operations Manager,7.2,33.3,Male,Canada,Manufacturing,87871.6
33,Bachelor's,Financial Analyst,9.3,35.8,Female,Germany,Finance,173922.31
33,Master's,Data Analyst,7.6,42.1,Female,UK,Retail,133589.37
36,Bachelor's,Customer Support,12.2,,Male,Australia,Retail,104930.81
54,Bachelor's,Mechanical Engineer,18.1,42.8,Female,Germany,Healthcare,164211.37
57,Master's,Customer Support,20.5,46.3,Female,Canada,Technology,187547.75
53,High School,Operations Manager,22.0,35.3,Female,Canada,Technology,115401.67
37,High School,Mechanical Engineer,10.3,28.5,Male,Australia,Education,74320.4
45,High School,Customer Support,10.0,32.0,Male,Australia,Retail,74551.29
30,High School,Product Manager,1.5,49.6,Male,Australia,Manufacturing,109604.59
34,Bachelor's,Software Engineer,9.2,37.6,Female,Australia,Manufacturing,138221.71
30,Bachelor's,Operations Manager,4.7,37.4,Male,Germany,Healthcare,132897.17
34,High School,HR Specialist,7.9,39.4,Other,Australia,Finance,101804.15
33,Bachelor's,Data Analyst,14.4,20.0,Male,Germany,Healthcare,129019.41
18,High School,Financial Analyst,0.0,49.0,Male,Germany,Technology,121012.5
33,Master's,Software Engineer,2.3,38.0,Female,UK,Manufacturing,154394.56
23,PhD,Product Manager,5.0,39.1,Female,Germany,Manufacturing,190086.45
23,Bachelor's,Mechanical Engineer,0.0,42.8,Female,Germany,Manufacturing,119336.13
44,Bachelor's,Data Analyst,15.6,40.5,Male,Canada,Finance,158785.6
38,PhD,HR Specialist,4.6,42.3,Female,USA,Technology,218536.84
36,PhD,HR Specialist,12.2,42.9,Female,UK,Finance,192290.59
42,Master's,HR Specialist,14.2,54.5,Female,India,Healthcare,55483.01
28,High School,Product Manager,7.9,39.8,Male,Germany,Education,82008.84
23,High School,Operations Manager,5.0,26.5,Male,Australia,Finance,94864.33
41,Bachelor's,Marketing Manager,10.3,38.7,Female,Germany,Retail,101675.37
45,Master's,Marketing Manager,12.6,46.1,Female,Germany,Retail,111336.88
40,Master's,Mechanical Engineer,11.1,53.9,Male,USA,Healthcare,220966.3
49,High School,Software Engineer,17.1,38.7,Male,Germany,Retail,98999.27
32,High School,Data Analyst,8.2,36.4,Female,USA,Finance,141597.65
34,Master's,Product Manager,5.2,46.6,Other,India,Retail,57363.05
30,High School,Data Analyst,0.0,26.7,Male,India,Education,28879.09
41,Master's,Customer Support,15.7,45.1,Female,USA,Manufacturing,158434.79
24,Bachelor's,Product Manager,3.5,43.9,Male,Australia,Manufacturing,131055.17
54,Bachelor's,Financial Analyst,9.7,34.0,Male,USA,Technology,220959.64
35,Bachelor's,Sales Executive,14.6,29.9,Male,Germany,Retail,100322.94
19,Bachelor's,HR Specialist,0.0,37.7,Female,Germany,Finance,127118.28
55,Bachelor's,Data Analyst,19.3,52.8,Male,USA,Healthcare,222708.26
41,PhD,Software Engineer,9.6,40.2,Male,USA,Education,188102.7
39,Bachelor's,Sales Executive,9.3,42.7,Male,UK,Technology,142358.86
51,Bachelor's,Product Manager,16.6,52.5,Male,USA,Manufacturing,165667.82
55,High School,Software Engineer,17.0,49.5,Other,Australia,Manufacturing,127597.6
33,Bachelor's,Marketing Manager,7.3,36.6,Female,USA,Manufacturing,143718.79
34,High School,Product Manager,10.1,47.0,Female,Canada,Education,94405.47
38,High School,Customer Support,3.3,38.5,Female,UK,Education,69926.73
47,Master's,Product Manager,16.4,50.2,Female,UK,Technology,255205.23
54,Bachelor's,Financial Analyst,16.3,32.5,Male,Australia,Finance,195505.19
39,Master's,Customer Support,18.1,51.5,Female,UK,Finance,149817.85
32,PhD,Software Engineer,2.6,39.7,Male,India,Manufacturing,55048.85
31,High School,Mechanical Engineer,9.4,43.3,Female,Canada,Finance,116960.3
24,Master's,Software Engineer,0.0,44.5,Female,India,Retail,55669.93
40,Master's,Marketing Manager,4.5,46.2,Female,India,Manufacturing,52551.67
43,Bachelor's,Operations Manager,11.8,42.1,Female,UK,Education,109921.16
21,Bachelor's,Software Engineer,0.0,45.9,Female,Canada,Manufacturing,113443.34
48,High School,Customer Support,9.8,33.7,Female,India,Education,29876.59
31,PhD,Operations Manager,11.6,39.9,Male,Germany,Retail,144039.04
44,High School,Software Engineer,11.2,35.2,Male,UK,Manufacturing,101024.42
37,Bachelor's,Financial Analyst,9.2,46.3,Male,UK,Manufacturing,126680.15
42,High School,Marketing Manager,13.6,42.2,Male,Canada,Education,76665.87
38,Bachelor's,Data Analyst,14.3,45.5,Male,Australia,Manufacturing,135884.0
51,High School,Sales Executive,17.5,49.0,Female,Germany,Retail,81680.27
39,Bachelor's,Mechanical Engineer,7.2,40.4,Female,UK,Education,115428.31
21,High School,Sales Executive,0.1,55.5,Male,Australia,Retail,76821.29
37,Master's,Data Analyst,5.7,50.7,Female,Germany,Education,132488.95
37,Bachelor's,HR Specialist,13.0,52.1,Male,Canada,Manufacturing,119278.26
30,High School,Sales Executive,10.5,48.6,Male,India,Technology,44422.13
37,Bachelor's,Operations Manager,9.1,33.9,Female,Australia,Manufacturing,107286.06
24,PhD,Marketing Manager,6.0,42.7,Male,India,Technology,91275.41
45,Master's,Operations Manager,19.4,51.8,Other,India,Technology,82458.24
44,PhD,Financial Analyst,13.4,39.8,Female,UK,Healthcare,210117.92
54,High School,Operations Manager,18.1,50.4,Male,Canada,Manufacturing,97057.08
51,Bachelor's,Marketing Manager,12.7,40.6,Female,UK,Manufacturing,160527.7
29,Master's,Data Analyst,8.2,41.8,Male,Australia,Healthcare,179261.91
31,Master's,Software Engineer,2.1,55.8,Male,Germany,Manufacturing,149232.93
40,Bachelor's,Marketing Manager,11.2,47.5,Male,UK,Finance,175056.94
44,Master's,Customer Support,7.2,49.5,Male,India,Technology,68139.04
48,Bachelor's,Financial Analyst,10.8,45.5,Female,UK,Technology,191847.65
24,Bachelor's,Sales Executive,1.6,46.4,Male,India,Retail,40915.36
31,High School,Mechanical Engineer,8.8,64.8,Female,UK,Finance,128140.19
45,High School,Product Manager,19.5,40.2,Male,Germany,Manufacturing,110341.07
54,High School,Mechanical Engineer,20.4,41.8,Female,UK,Finance,123968.26
41,High School,Operations Manager,10.1,39.9,Female,Canada,Technology,115746.55
35,High School,Product Manager,8.9,35.8,Female,Australia,Education,92607.6
43,Bachelor's,Customer Support,7.4,36.2,Female,India,Retail,38791.06
42,High School,Customer Support,13.6,46.1,Female,Canada,Education,62174.63
36,Bachelor's,Product Manager,4.3,52.1,Male,Australia,Retail,153567.96
40,Bachelor's,Mechanical Engineer,11.8,38.6,Male,Germany,Healthcare,139670.96
25,Master's,HR Specialist,7.0,26.1,Male,USA,Technology,159721.44
47,Bachelor's,Product Manager,18.4,51.2,Male,USA,Retail,149569.67
32,High School,Mechanical Engineer,5.8,38.5,Male,Australia,Retail,85603.27
35,Bachelor's,Mechanical Engineer,5.4,35.3,Female,Australia,Manufacturing,124018.11
24,High School,Financial Analyst,4.6,42.7,Female,Australia,Retail,80533.86
44,High School,Data Analyst,13.3,42.8,Male,UK,Manufacturing,97302.91
33,Master's,Marketing Manager,4.3,56.3,Female,Australia,Retail,142341.01
47,PhD,Financial Analyst,8.2,41.4,Female,Canada,Finance,209656.73
48,Bachelor's,Sales Executive,13.4,55.1,Female,UK,Manufacturing,138103.38
32,Bachelor's,Data Analyst,2.7,41.1,Male,India,Finance,56499.64
27,Bachelor's,Data Analyst,9.0,47.8,Male,India,Manufacturing,45383.06
41,Master's,Software Engineer,12.5,44.7,Male,Canada,Finance,238129.32
46,Bachelor's,Data Analyst,15.1,47.2,Male,India,Finance,59634.41
33,High School,HR Specialist,4.8,28.3,Male,Germany,Finance,85565.83
30,Bachelor's,Marketing Manager,5.5,51.4,Female,Australia,Finance,159664.19
23,Bachelor's,Operations Manager,0.0,53.8,Male,Germany,Technology,139323.44
44,Bachelor's,Operations Manager,15.2,42.3,Male,Germany,Retail,104234.78
42,Master's,HR Specialist,11.8,45.2,Female,Canada,Manufacturing,137756.98
35,PhD,HR Specialist,1.4,29.4,Female,Australia,Technology,166532.78
36,High School,HR Specialist,7.0,33.0,Female,India,Healthcare,40166.73
50,Master's,Mechanical Engineer,17.7,25.8,Male,Australia,Finance,182173.08
48,Bachelor's,Product Manager,17.7,44.8,Female,Canada,Education,104719.99
57,PhD,Operations Manager,18.7,40.8,Male,Canada,Healthcare,198463.81
49,High School,Operations Manager,8.8,49.7,Male,Germany,Healthcare,108349.66
27,Bachelor's,Mechanical Engineer,3.1,42.3,Female,Canada,Finance,131141.53
49,High School,Marketing Manager,11.8,23.1,Male,USA,Finance,126598.31
32,Master's,Data Analyst,5.7,36.3,Female,Canada,Retail,133639.31
35,High School,Product Manager,4.8,47.6,Female,Germany,Education,81004.79
18,Bachelor's,Data Analyst,0.0,47.0,Male,India,Manufacturing,41226.09
34,Master's,Product Manager,7.9,46.3,Female,Germany,Finance,189058.85
47,High School,Operations Manager,18.1,47.3,Female,Canada,Retail,72888.64
42,Bachelor's,HR Specialist,9.6,46.9,Female,Germany,Technology,158074.28
48,High School,Marketing Manager,9.4,51.5,Female,India,Education,26608.52
49,PhD,HR Specialist,21.0,31.3,Female,UK,Retail,159448.03
43,High School,Customer Support,13.2,40.0,Female,Australia,Manufacturing,86863.35
30,High School,Mechanical Engineer,10.7,40.6,Female,Canada,Manufacturing,103641.04
28,PhD,Customer Support,4.2,45.0,Female,Canada,Technology,185613.44
33,Bachelor's,Data Analyst,7.5,41.9,Female,Canada,Technology,152156.61
36,High School,Software Engineer,10.9,37.0,Male,Australia,Technology,145852.32
52,Master's,Operations Manager,18.2,40.2,Male,Australia,Finance,188881.54
46,PhD,Product Manager,11.1,27.7,Female,Germany,Finance,223368.04
37,PhD,Marketing Manager,14.0,43.5,Male,USA,Finance,292664.73
46,High School,Operations Manager,13.2,45.3,Male,UK,Finance,116515.66
50,Master's,Software Engineer,14.6,55.7,Female,Australia,Manufacturing,182745.5
39,Bachelor's,Financial Analyst,7.3,28.6,Female,Australia,Retail,103085.93
24,High School,Mechanical Engineer,6.0,36.4,Female,Australia,Education,82528.66
30,High School,Operations Manager,6.8,47.8,Female,India,Education,33100.45
43,High School,Operations Manager,11.8,35.4,Female,Germany,Retail,73390.54
47,High School,Operations Manager,18.2,30.5,Female,Germany,Retail,79887.26
30,Bachelor's,Operations Manager,0.0,40.5,Female,Australia,Retail,103384.22
44,High School,Sales Executive,11.9,32.5,Male,Canada,Technology,110252.37
45,Bachelor's,HR Specialist,12.5,42.1,Female,UK,Healthcare,130655.05
56,Master's,Marketing Manager,23.0,36.8,Male,Germany,Manufacturing,146776.56
27,High School,Mechanical Engineer,6.9,31.9,Male,Germany,Retail,81613.99
38,Bachelor's,Operations Manager,3.0,24.8,Female,Canada,Healthcare,123411.31
46,Master's,Marketing Manager,17.2,46.2,Male,Canada,Retail,147968.99
44,High School,HR Specialist,19.0,48.3,Female,USA,Manufacturing,93495.1
36,Bachelor's,Financial Analyst,13.9,43.1,Male,Canada,Retail,124865.18
43,Bachelor's,Sales Executive,12.2,32.4,Male,Australia,Technology,138206.05
43,Bachelor's,Financial Analyst,12.9,31.3,Male,Canada,Finance,153002.21
41,Bachelor's,Customer Support,6.8,40.7,Male,USA,Healthcare,147010.3
45,Bachelor's,Data Analyst,19.9,39.3,Male,Australia,Manufacturing,133436.4
35,High School,Mechanical Engineer,6.7,43.1,Male,UK,Technology,130623.7
43,High School,Customer Support,6.0,45.6,Female,USA,Finance,119673.77
45,Bachelor's,Mechanical Engineer,12.3,43.8,Male,Australia,Finance,160468.74
32,High School,Sales Executive,14.0,42.4,Female,Germany,Retail,76713.32
34,Bachelor's,Marketing Manager,15.5,20.4,Female,India,Healthcare,50073.77
26,High School,HR Specialist,0.6,54.4,Male,Australia,Retail,82677.45
38,Master's,Sales Executive,16.6,40.0,Male,Canada,Finance,165876.84
31,PhD,Operations Manager,6.2,49.5,Male,Australia,Education,154321.83
31,High School,Mechanical Engineer,7.2,33.4,Female,UK,Education,69863.92
37,Bachelor's,Software Engineer,11.4,36.8,Other,India,Manufacturing,51422.63
24,Bachelor's,Marketing Manager,1.3,57.7,Female,Australia,Technology,178132.75
20,High School,Customer Support,2.0,43.9,Male,Canada,Healthcare,81394.66
29,High School,Mechanical Engineer,11.0,36.3,Male,Canada,Technology,139943.73
41,Bachelor's,Mechanical Engineer,8.2,33.2,Female,Germany,Retail,91833.38
31,Master's,Data Analyst,5.7,51.2,Male,India,Manufacturing,60227.22
36,Master's,HR Specialist,8.8,36.1,Male,USA,Technology,178661.48
51,Master's,Sales Executive,15.7,48.0,Male,Canada,Technology,184209.26
48,Bachelor's,Sales Executive,14.4,40.9,Male,UK,Manufacturing,106262.54
56,Bachelor's,Financial Analyst,20.7,,Male,Canada,Technology,198919.61
52,Bachelor's,Sales Executive,11.7,31.7,Male,USA,Retail,116405.67
32,Bachelor's,Marketing Manager,8.0,49.6,Male,UK,Finance,179558.4
25,Bachelor's,Operations Manager,3.8,46.1,Female,Germany,Manufacturing,109588.74
49,Master's,Product Manager,15.6,48.9,Female,Australia,Manufacturing,184633.11
42,High School,Product Manager,4.3,34.4,Female,Australia,Manufacturing,99234.71
56,Master's,Software Engineer,20.6,42.7,Male,UK,Healthcare,174206.85
42,High School,Data Analyst,11.8,39.7,Male,India,Manufacturing,38103.8
18,Master's,Customer Support,0.0,47.3,Male,Australia,Education,98489.99
32,Bachelor's,Product Manager,4.6,56.7,Female,Canada,Healthcare,166792.61
36,Master's,Operations Manager,7.0,47.8,Female,Canada,Finance,189712.96
32,Bachelor's,Financial Analyst,7.4,26.6,Male,USA,Finance,160670.55
36,High School,Financial Analyst,5.3,43.4,Female,Canada,Education,80455.17
42,Master's,Financial Analyst,11.9,48.7,Female,UK,Education,132516.41
42,High School,Operations Manager,13.0,28.5,Female,USA,Manufacturing,98609.28
40,Bachelor's,HR Specialist,18.3,34.7,Female,USA,Education,120076.52
31,Bachelor's,Customer Support,3.6,50.7,Female,India,Manufacturing,41485.95
40,High School,Customer Support,8.8,38.0,Male,Australia,Education,60972.01
39,High School,Operations Manager,6.4,39.4,Male,India,Retail,32703.3
31,Master's,Customer Support,2.9,36.0,Female,India,Education,38550.49
42,Bachelor's,Sales Executive,9.3,38.2,Female,Canada,Manufacturing,122330.76
45,Bachelor's,Sales Executive,12.5,56.0,Male,Canada,Finance,168456.81
42,Bachelor's,HR Specialist,15.7,38.5,Female,Germany,Technology,131720.25
36,PhD,Data Analyst,14.5,42.3,Female,USA,Education,203702.42
30,High School,Data Analyst,4.0,51.6,Female,UK,Finance,120339.58
40,Bachelor's,Software Engineer,10.2,44.4,Female,India,Retail,48746.65
36,Bachelor's,Sales Executive,5.9,40.7,Female,Germany,Technology,118821.67
28,Master's,Product Manager,0.0,38.5,Female,Australia,Healthcare,211125.28
18,Bachelor's,Operations Manager,0.0,46.7,Other,Australia,Healthcare,132709.45
44,PhD,Customer Support,7.3,47.1,Male,India,Finance,70889.77
31,Bachelor's,Customer Support,4.7,32.2,Male,Australia,Healthcare,93096.33
27,Bachelor's,Product Manager,0.0,41.3,Female,Australia,Technology,163599.97
42,Bachelor's,Software Engineer,9.2,41.9,Female,USA,Healthcare,155756.86
29,Bachelor's,HR Specialist,8.9,30.2,Male,Canada,Technology,147828.55
32,Bachelor's,Operations Manager,5.4,61.7,Male,UK,Education,116487.15
29,Master's,Mechanical Engineer,10.0,47.0,Female,USA,Finance,227174.44
43,Master's,Software Engineer,9.0,61.1,Female,Canada,Manufacturing,170505.39
41,Master's,Financial Analyst,18.9,43.7,Male,UK,Manufacturing,171831.0
49,Bachelor's,Financial Analyst,16.4,27.3,Male,USA,Manufacturing,143139.67
42,High School,Software Engineer,13.7,44.3,Male,Germany,Technology,135459.91
29,Bachelor's,Marketing Manager,3.5,33.4,Female,Canada,Retail,105535.28
52,High School,Data Analyst,13.6,40.7,Male,USA,Retail,102494.39
35,PhD,Data Analyst,13.1,37.8,Male,Canada,Manufacturing,143567.33
34,Master's,Financial Analyst,1.2,39.3,Other,USA,Finance,237643.66
52,Bachelor's,Software Engineer,27.1,33.3,Female,Australia,Education,116548.99
58,Bachelor's,Customer Support,25.5,45.4,Female,Canada,Retail,109064.53
37,High School,Data Analyst,5.9,40.8,Male,India,Healthcare,44090.56
46,Master's,Product Manager,15.4,55.0,Male,Germany,Manufacturing,174940.17
40,PhD,Marketing Manager,1.2,40.2,Male,Canada,Finance,204727.7
48,High School,Data Analyst,11.0,56.9,Male,Germany,Finance,134311.15
41,Bachelor's,Customer Support,11.0,36.9,Male,USA,Technology,167095.11
42,Master's,Customer Support,12.7,26.3,Female,Canada,Finance,160852.67
47,Master's,Operations Manager,10.8,59.0,Male,India,Education,45886.74
32,PhD,Mechanical Engineer,8.2,37.6,Male,Canada,Healthcare,179787.35
43,PhD,Financial Analyst,19.5,46.9,Male,Australia,Technology,258230.48
20,Bachelor's,Software Engineer,0.0,38.3,Other,Canada,Finance,161538.9
34,Master's,HR Specialist,6.2,56.1,Male,India,Retail,48881.71
25,PhD,HR Specialist,2.7,38.0,Female,India,Healthcare,70722.81
32,Master's,Mechanical Engineer,8.6,48.2,Male,Germany,Retail,115483.99
41,Bachelor's,Mechanical Engineer,14.2,45.1,Female,Germany,Finance,150290.43
44,Bachelor's,Sales Executive,18.6,54.0,Male,USA,Manufacturing,148974.21
53,High School,Mechanical Engineer,11.5,43.8,Male,Canada,Technology,116835.61
20,Master's,Operations Manager,1.4,57.9,Male,Australia,Finance,193211.42
43,Bachelor's,Software Engineer,9.6,35.2,Female,Germany,Technology,153314.97
37,Master's,Sales Executive,9.7,50.4,Female,India,Education,44806.56
38,PhD,Customer Support,12.3,51.1,Male,UK,Manufacturing,177786.96
38,Bachelor's,HR Specialist,14.5,50.0,Male,India,Education,43952.92
47,Bachelor's,Operations Manager,19.9,55.7,Male,UK,Retail,131494.82
41,Master's,Operations Manager,4.0,31.6,Male,UK,Healthcare,144613.96
42,Master's,Operations Manager,9.0,36.5,Female,India,Technology,70926.37
38,High School,Customer Support,17.7,42.5,Female,USA,Education,89483.03
51,High School,Mechanical Engineer,14.4,50.8,Male,Australia,Education,86401.0
40,Master's,Data Analyst,15.3,51.3,Male,Germany,Manufacturing,150709.35
55,High School,Sales Executive,20.4,46.4,Male,USA,Technology,148180.47
50,High School,Data Analyst,14.9,43.3,Male,India,Finance,55576.49
50,Bachelor's,Operations Manager,23.2,35.0,Female,UK,Education,114180.19
55,Bachelor's,Marketing Manager,10.5,57.5,Male,Canada,Technology,177992.54
33,Bachelor's,Software Engineer,11.7,41.6,Male,USA,Healthcare,159378.89
63,Master's,Marketing Manager,24.2,26.7,Male,Germany,Manufacturing,145069.23
34,Bachelor's,Mechanical Engineer,6.6,33.8,Female,Canada,Finance,133527.95
32,PhD,Data Analyst,14.0,41.9,Male,India,Healthcare,78846.11
30,High School,Sales Executive,2.7,47.2,Male,India,Manufacturing,32264.95
48,Bachelor's,Operations Manager,16.1,35.8,Other,UK,Technology,145376.07
45,PhD,Customer Support,12.5,39.5,Female,India,Finance,66060.08
52,Master's,Operations Manager,14.5,36.4,Male,UK,Healthcare,173651.91
34,Master's,Marketing Manager,10.9,48.4,Female,Germany,Finance,212798.66
28,High School,Operations Manager,2.3,45.1,Female,UK,Technology,124637.6
41,Master's,Mechanical Engineer,6.7,43.7,Male,Australia,Healthcare,176585.03
26,Bachelor's,Operations Manager,4.4,49.0,Female,USA,Healthcare,165557.23
58,PhD,Product Manager,20.6,46.1,Male,India,Retail,75045.14
37,Bachelor's,Data Analyst,13.1,41.0,Male,UK,Retail,129095.11
53,Master's,Financial Analyst,15.1,46.1,Male,Australia,Healthcare,228254.39
34,High School,Customer Support,10.1,53.3,Male,USA,Education,80559.62
26,High School,Software Engineer,2.7,32.7,Male,Germany,Finance,135558.99
47,High School,Financial Analyst,17.8,32.5,Male,Australia,Finance,137206.52
20,PhD,Sales Executive,2.0,41.5,Female,India,Retail,55668.17
54,High School,Sales Executive,19.3,33.4,Female,Australia,Retail,72836.06
53,High School,Product Manager,16.8,45.4,Female,Germany,Education,92667.38
34,Bachelor's,Marketing Manager,0.0,40.8,Male,Canada,Education,97237.02
40,Bachelor's,Sales Executive,10.7,40.4,Female,UK,Finance,149186.83
25,Master's,Customer Support,2.4,55.0,Male,Canada,Manufacturing,126566.95
32,Bachelor's,HR Specialist,2.1,44.4,Female,Canada,Finance,140539.01
18,Master's,Sales Executive,0.0,34.4,Male,India,Finance,48514.72
34,High School,HR Specialist,9.1,33.8,Male,UK,Education,74608.11
44,High School,Data Analyst,15.2,47.0,Male,Germany,Finance,106841.62
50,Bachelor's,Sales Executive,20.8,36.0,Female,USA,Manufacturing,153719.01
39,Bachelor's,Software Engineer,8.1,43.5,Female,India,Finance,68082.0
59,PhD,Customer Support,25.1,56.1,Other,Australia,Finance,229378.26
46,Bachelor's,Marketing Manager,8.5,34.5,Male,Canada,Manufacturing,125942.7
36,PhD,Marketing Manager,0.8,51.2,Female,India,Education,59853.19
37,Bachelor's,Financial Analyst,8.8,45.5,Female,Germany,Manufacturing,118961.49
33,Master's,Mechanical Engineer,1.3,40.6,Male,India,Finance,68709.92
57,Bachelor's,Operations Manager,19.2,44.4,Male,India,Healthcare,57632.87
29,Bachelor's,Sales Executive,6.5,41.7,Male,Australia,Finance,139793.92
64,Bachelor's,Financial Analyst,23.2,24.7,Male,Australia,Education,110742.42
55,Master's,Mechanical Engineer,20.2,26.5,Female,Germany,Education,125103.99
28,Bachelor's,Product Manager,0.7,46.5,Male,Germany,Education,95853.45
46,Bachelor's,Operations Manager,15.2,47.9,Male,UK,Manufacturing,140698.53
32,High School,Product Manager,6.7,35.7,Male,Canada,Education,94550.66
25,High School,Marketing Manager,5.9,36.1,Female,Australia,Manufacturing,82179.79
43,Master's,Product Manager,5.0,35.2,Female,USA,Education,148369.05
34,High School,Data Analyst,2.3,48.9,Male,USA,Finance,154458.55
52,Master's,HR Specialist,16.5,47.0,Female,India,Healthcare,64146.08
28,Bachelor's,Software Engineer,10.0,46.1,Male,Germany,Technology,177118.9
36,Bachelor's,Sales Executive,10.4,37.6,Female,Canada,Manufacturing,119406.83
38,Bachelor's,Data Analyst,1.5,44.3,Male,India,Finance,57592.02
34,Master's,Marketing Manager,3.5,33.8,Male,USA,Manufacturing,169064.82
53,High School,Marketing Manager,20.2,47.3,Female,Canada,Healthcare,105101.75
39,Bachelor's,Product Manager,11.4,46.8,Female,Australia,Technology,182906.46
21,High School,Mechanical Engineer,3.0,39.5,Female,USA,Education,99280.15
35,High School,Data Analyst,15.2,54.2,Female,UK,Finance,128517.52
36,High School,Marketing Manager,1.7,44.8,Male,Germany,Retail,80380.0
58,High School,Operations Manager,16.6,33.1,Female,USA,Finance,148010.92
41,Bachelor's,Customer Support,15.6,21.8,Male,Canada,Education,84440.54
20,PhD,Sales Executive,0.0,43.5,Female,India,Technology,83258.48
38,Master's,Product Manager,12.8,54.8,Female,Germany,Manufacturing,192905.91
18,Master's,Data Analyst,0.0,42.9,Female,India,Retail,49442.18
34,PhD,Software Engineer,5.3,52.2,Female,USA,Healthcare,260833.98
49,Bachelor's,Product Manager,14.0,41.4,Other,Canada,Retail,124927.66
36,Bachelor's,Software Engineer,2.8,40.5,Female,USA,Retail,137949.57
36,High School,Product Manager,9.2,49.8,Male,Canada,Healthcare,131397.17
41,Bachelor's,Operations Manager,10.1,45.3,Female,Australia,Manufacturing,112419.94
41,Bachelor's,HR Specialist,16.2,32.4,Male,Canada,Healthcare,129449.57
52,Bachelor's,HR Specialist,14.8,39.0,Male,Australia,Manufacturing,120083.17
27,Bachelor's,HR Specialist,4.4,47.6,Female,Canada,Education,90674.56
29,PhD,Operations Manager,4.3,31.9,Male,India,Finance,67711.54
34,Master's,Sales Executive,12.1,34.1,Female,USA,Finance,194817.19
53,High School,Mechanical Engineer,19.2,45.9,Male,India,Retail,35655.05
40,Bachelor's,Sales Executive,9.5,62.6,Female,India,Technology,65532.44
39,Bachelor's,Software Engineer,9.6,49.0,Male,Canada,Education,103484.54
39,Master's,Customer Support,14.8,46.6,Female,Germany,Finance,169667.58
36,Bachelor's,HR Specialist,0.5,29.8,Female,Australia,Education,80748.44
31,High School,Product Manager,9.7,44.0,Male,USA,Healthcare,145355.73
47,High School,Customer Support,11.7,42.8,Male,UK,Retail,80276.88
33,Bachelor's,HR Specialist,7.5,53.2,Male,Germany,Retail,108885.76
61,PhD,Financial Analyst,30.1,32.0,Female,Canada,Healthcare,198351.76
27,High School,Product Manager,4.7,39.1,Female,Canada,Healthcare,118100.25
43,High School,HR Specialist,13.2,43.6,Female,Australia,Technology,120355.33
25,PhD,Financial Analyst,1.1,43.3,Male,Canada,Finance,193687.56
37,Bachelor's,Data Analyst,15.9,38.8,Male,Australia,Technology,167699.75
48,Master's,Software Engineer,18.0,55.3,Male,India,Retail,60516.12
26,Bachelor's,Sales Executive,7.9,36.1,Male,Canada,Manufacturing,111502.85
43,PhD,HR Specialist,13.0,38.4,Female,Canada,Healthcare,194068.71
37,Master's,Software Engineer,8.9,34.8,Male,USA,Finance,227333.95
25,High School,Sales Executive,2.3,30.0,Male,India,Technology,41405.01
29,Master's,Financial Analyst,9.4,42.6,Male,Canada,Finance,192760.59
43,Master's,Operations Manager,5.8,29.8,Other,India,Education,52831.05
42,PhD,Product Manager,12.6,35.8,Male,Canada,Education,155515.74
18,Bachelor's,Customer Support,0.0,43.8,Male,Canada,Retail,80389.07
65,Bachelor's,HR Specialist,22.5,46.9,Male,Australia,Healthcare,134870.04
28,Bachelor's,HR Specialist,7.7,46.9,Female,Germany,Education,88849.62
53,Bachelor's,Financial Analyst,16.5,42.7,Female,Canada,Manufacturing,123948.79
33,Bachelor's,Data Analyst,2.1,37.1,Female,Canada,Manufacturing,112691.05
41,Bachelor's,Sales Executive,15.2,35.9,Other,India,Education,36747.52
39,Master's,Product Manager,6.2,46.3,Female,Canada,Retail,128918.91
46,Master's,Customer Support,15.5,50.6,Male,India,Finance,66404.36
35,High School,Mechanical Engineer,4.5,38.4,Male,India,Manufacturing,34261.17
23,Master's,Marketing Manager,3.9,40.8,Female,Germany,Manufacturing,130219.42
28,PhD,Product Manager,0.0,40.1,Female,Australia,Finance,233582.34
43,Bachelor's,Data Analyst,14.0,38.5,Female,USA,Education,124785.12
47,Bachelor's,Sales Executive,4.3,46.9,Female,India,Retail,39438.05
27,Bachelor's,Financial Analyst,5.2,48.3,Female,India,Education,39295.15
63,PhD,Marketing Manager,20.0,47.6,Female,India,Retail,72364.88
23,Bachelor's,Customer Support,0.0,37.1,Female,USA,Finance,129437.46
37,High School,Marketing Manager,14.2,39.7,Male,Australia,Finance,124319.55
54,High School,Customer Support,14.2,25.1,Male,UK,Retail,71253.93
41,High School,Mechanical Engineer,14.1,44.7,Male,India,Healthcare,51494.96
45,Bachelor's,HR Specialist,16.3,40.5,Female,UK,Retail,99263.08
40,High School,HR Specialist,14.6,44.7,Male,USA,Education,93067.91
37,High School,Sales Executive,7.9,48.0,Female,Germany,Education,76245.66
51,Bachelor's,Operations Manager,14.2,34.9,Male,USA,Manufacturing,139803.57
32,Bachelor's,Mechanical Engineer,11.0,49.1,Female,Germany,Finance,156398.67
38,PhD,HR Specialist,12.5,38.3,Male,Germany,Retail,141838.07
46,High School,Data Analyst,10.7,39.5,Female,USA,Retail,110213.02
34,Master's,HR Specialist,7.7,36.5,Male,Canada,Healthcare,141694.48
35,Bachelor's,Financial Analyst,5.0,37.0,Male,Germany,Healthcare,155095.4
41,Bachelor's,Financial Analyst,10.8,44.6,Female,India,Healthcare,64393.55
38,Master's,Software Engineer,13.7,48.0,Female,USA,Technology,254925.96
31,Master's,Operations Manager,7.3,40.0,Female,Germany,Manufacturing,137964.25
38,Master's,Data Analyst,2.4,28.6,Male,USA,Education,157901.06
47,Master's,Product Manager,11.7,46.2,Male,UK,Healthcare,184557.55
38,Master's,Software Engineer,8.8,38.0,Male,Australia,Finance,193496.74
38,Bachelor's,Software Engineer,17.1,30.8,Male,UK,Technology,186701.69
28,Bachelor's,Product Manager,10.0,38.8,Male,UK,Healthcare,139961.18
46,Master's,Data Analyst,13.8,57.3,Male,USA,Technology,236227.05
35,Bachelor's,HR Specialist,6.9,29.2,Female,Australia,Education,88173.71
30,Master's,HR Specialist,10.4,38.3,Female,Canada,Finance,157681.37
27,Bachelor's,Software Engineer,9.0,40.6,Female,India,Retail,44632.49
35,PhD,Marketing Manager,13.1,46.8,Male,India,Healthcare,86021.46
49,Master's,Financial Analyst,14.4,39.3,Male,India,Healthcare,74287.58
42,Bachelor's,Mechanical Engineer,6.2,60.2,Male,India,Finance,59872.68
50,Bachelor's,Software Engineer,13.2,35.4,Female,Canada,Finance,171205.47
31,Bachelor's,Customer Support,9.1,39.0,Male,Germany,Education,80094.14
21,High School,Product Manager,3.0,46.4,Female,India,Technology,56752.11
42,Bachelor's,Financial Analyst,17.0,44.7,Male,Australia,Education,135540.14
49,High School,Sales Executive,17.0,44.4,Female,Canada,Manufacturing,73991.41
39,Bachelor's,Software Engineer,14.4,50.8,Male,Germany,Technology,184684.34
21,Bachelor's,HR Specialist,3.0,38.0,Female,USA,Manufacturing,116118.5
41,High School,Product Manager,9.5,43.8,Female,Australia,Finance,144745.48
29,Bachelor's,Operations Manager,11.0,39.6,Male,USA,Education,113001.34
37,Master's,Mechanical Engineer,3.9,28.6,Female,USA,Retail,138683.4
31,Bachelor's,Customer Support,4.4,46.0,Female,Australia,Manufacturing,106298.81
49,Master's,Software Engineer,18.2,28.7,Female,Canada,Technology,221454.56
37,Master's,Product Manager,10.6,39.1,Male,India,Finance,94116.91
43,Bachelor's,Operations Manager,17.1,34.0,Male,USA,Technology,201823.54
27,Bachelor's,Sales Executive,9.0,38.8,Male,Canada,Finance,124885.22
31,Bachelor's,Software Engineer,11.1,26.9,Other,India,Finance,56648.62
42,Bachelor's,Data Analyst,10.8,46.6,Male,UK,Education,111544.06
50,PhD,Data Analyst,10.0,39.4,Male,Germany,Manufacturing,173204.61
31,High School,Product Manager,0.0,41.5,Other,India,Education,34537.05
24,Master's,Sales Executive,4.5,45.6,Other,India,Education,40976.67
36,High School,Mechanical Engineer,10.4,53.7,Male,USA,Manufacturing,117281.52
29,High School,Customer Support,6.8,44.1,Female,Canada,Finance,87580.58
43,High School,Mechanical Engineer,15.1,39.2,Male,Canada,Technology,136663.86
27,Master's,Customer Support,5.8,53.8,Female,Germany,Manufacturing,118710.99
38,High School,Customer Support,12.4,43.8,Female,India,Finance,47200.9
35,Bachelor's,Mechanical Engineer,6.9,47.2,Male,Canada,Technology,148352.37
41,Master's,Customer Support,12.2,38.3,Female,USA,Manufacturing,162115.56
22,Master's,Sales Executive,2.8,30.8,Female,Canada,Healthcare,152453.25
46,High School,Data Analyst,15.3,45.6,Female,Germany,Technology,131341.21
41,Master's,Financial Analyst,12.2,40.8,Female,India,Education,58704.66
22,PhD,Mechanical Engineer,3.6,37.1,Female,Germany,Technology,190130.25
27,Bachelor's,HR Specialist,5.9,33.3,Female,Australia,Education,100186.19
51,Bachelor's,Marketing Manager,17.8,40.6,Male,UK,Manufacturing,119685.51
43,PhD,Financial Analyst,9.9,39.2,Female,USA,Healthcare,275662.04
49,Bachelor's,Data Analyst,12.4,46.0,Male,UK,Education,130417.64
33,Master's,Financial Analyst,6.5,41.0,Male,UK,Education,134435.94
31,High School,HR Specialist,5.9,43.5,Female,India,Education,23899.31
45,Bachelor's,Customer Support,14.3,54.4,Female,UK,Education,102208.5
25,PhD,Financial Analyst,7.0,45.0,Male,Australia,Manufacturing,182796.44
38,Master's,Product Manager,5.1,44.6,Male,Canada,Technology,213800.29
26,High School,Data Analyst,8.0,33.0,Male,Germany,Technology,107034.28
45,Bachelor's,Marketing Manager,6.0,56.5,Female,Canada,Retail,127073.23
41,Bachelor's,Financial Analyst,14.5,38.5,Female,USA,Manufacturing,154667.87
47,Bachelor's,Customer Support,16.0,33.9,Other,India,Education,35643.29
49,Master's,Sales Executive,22.9,36.3,Female,UK,Healthcare,179568.34
51,Master's,HR Specialist,14.3,46.8,Female,UK,Manufacturing,167220.91
35,Bachelor's,Sales Executive,8.1,40.3,Female,Australia,Healthcare,126539.47
39,Master's,Sales Executive,8.0,42.5,Female,India,Manufacturing,54647.05
40,Bachelor's,Product Manager,8.0,37.5,Female,Canada,Technology,203800.5
36,Bachelor's,Marketing Manager,1.9,39.7,Female,USA,Technology,171818.51
35,High School,Financial Analyst,7.2,45.8,Female,Australia,Technology,133185.02
51,Master's,Marketing Manager,19.6,37.3,Male,USA,Education,179238.09
39,Master's,Mechanical Engineer,13.8,47.3,Male,UK,Retail,119578.75
34,Master's,Mechanical Engineer,6.5,54.1,Male,India,Retail,51115.33
27,High School,Data Analyst,0.0,46.7,Female,Canada,Technology,109885.51
21,Bachelor's,Sales Executive,1.6,55.1,Female,Germany,Education,99836.99
48,Master's,Operations Manager,13.2,29.9,Female,Australia,Technology,182232.45
36,Master's,Financial Analyst,7.4,38.1,Male,Germany,Education,117926.14
46,Bachelor's,Financial Analyst,14.2,35.7,Female,Australia,Retail,128596.58
38,Master's,Marketing Manager,11.1,33.6,Female,India,Retail,54775.07
37,Bachelor's,Mechanical Engineer,5.0,47.4,Male,UK,Healthcare,152707.81
23,Bachelor's,Product Manager,5.0,46.9,Male,USA,Healthcare,222607.68
39,Master's,Operations Manager,9.6,45.0,Male,Canada,Technology,200819.55
42,Master's,Data Analyst,12.8,36.5,Male,UK,Finance,174272.79
54,PhD,HR Specialist,19.9,48.4,Female,Germany,Technology,226598.55
34,Master's,Financial Analyst,7.1,45.6,Female,Germany,Manufacturing,154563.92
44,Master's,Mechanical Engineer,17.3,23.9,Female,Germany,Manufacturing,135591.78
18,Bachelor's,Sales Executive,0.0,46.8,Male,India,Healthcare,48542.66
45,High School,Financial Analyst,19.5,33.3,Male,India,Manufacturing,38708.25
25,High School,Financial Analyst,5.5,44.2,Female,UK,Education,76058.68
55,Bachelor's,Software Engineer,15.9,44.7,Female,Germany,Healthcare,140900.39
29,Bachelor's,Marketing Manager,9.3,56.2,Male,Germany,Education,92234.68
32,Bachelor's,Financial Analyst,9.6,55.2,Female,Canada,Technology,175557.87
39,High School,Marketing Manager,10.5,45.8,Male,USA,Education,79626.13
44,High School,Operations Manager,13.7,45.1,Female,India,Retail,32419.71
33,Bachelor's,Marketing Manager,3.0,47.0,Male,UK,Manufacturing,131585.6
44,Bachelor's,Customer Support,11.2,46.7,Male,India,Retail,39000.18
22,Bachelor's,Software Engineer,2.4,25.5,Male,UK,Education,109980.54
23,Bachelor's,Mechanical Engineer,1.8,54.2,Female,UK,Education,100138.23
38,High School,HR Specialist,7.2,54.1,Female,India,Retail,34778.18
49,Master's,Customer Support,15.5,31.8,Female,UK,Technology,151643.1
40,High School,Financial Analyst,19.5,20.3,Male,USA,Retail,100204.38
21,Bachelor's,Product Manager,0.0,39.9,Female,India,Technology,68487.65
55,Bachelor's,Customer Support,21.9,42.0,Male,UK,Healthcare,145447.01
38,Master's,Financial Analyst,7.2,45.6,Male,Canada,Retail,142755.82
36,High School,Marketing Manager,8.9,40.2,Female,Canada,Finance,134600.64
36,Bachelor's,HR Specialist,7.4,34.0,Female,USA,Technology,151774.33
29,Bachelor's,HR Specialist,9.1,47.3,Male,Germany,Retail,111545.32
32,High School,Mechanical Engineer,0.0,46.1,Female,Germany,Manufacturing,92166.11
33,Master's,Product Manager,1.5,42.2,Female,Australia,Retail,129164.01
51,High School,HR Specialist,19.9,35.5,Female,Australia,Healthcare,109224.72
35,PhD,Marketing Manager,11.0,50.3,Female,Australia,Education,152709.98
64,Bachelor's,Sales Executive,20.4,40.8,Male,India,Education,42268.35
34,Bachelor's,HR Specialist,6.4,39.8,Male,USA,Technology,183130.09
28,Bachelor's,Operations Manager,1.7,45.1,Female,UK,Education,111469.86
22,Master's,Product Manager,0.2,35.2,Male,Australia,Technology,186060.86
26,Master's,HR Specialist,0.6,58.4,Female,UK,Retail,113990.57
37,High School,Software Engineer,10.3,43.9,Other,Australia,Manufacturing,98297.56
36,PhD,Financial Analyst,11.9,39.2,Female,Canada,Healthcare,191742.17
32,Master's,Marketing Manager,10.2,47.9,Male,Canada,Manufacturing,146649.81
40,Master's,Operations Manager,4.1,47.0,Female,India,Finance,69278.0
47,PhD,Operations Manager,16.3,41.5,Female,Germany,Healthcare,166141.15
30,Master's,Financial Analyst,4.9,31.9,Male,Germany,Healthcare,155452.43
36,Bachelor's,Marketing Manager,7.4,52.0,Female,USA,Manufacturing,153330.73
24,PhD,Product Manager,6.0,41.0,Male,USA,Finance,276278.46
18,Bachelor's,Mechanical Engineer,0.0,45.6,Male,UK,Finance,145199.12
38,Bachelor's,Marketing Manager,13.5,44.0,Female,Germany,Education,95996.11
49,High School,HR Specialist,7.8,35.8,Male,Australia,Finance,104887.47
39,Master's,Software Engineer,12.8,37.3,Male,Australia,Finance,179789.67
60,Bachelor's,Marketing Manager,12.2,33.6,Female,UK,Finance,176077.06
51,Bachelor's,Operations Manager,17.3,44.1,Female,Australia,Healthcare,131433.89
43,Master's,Mechanical Engineer,15.6,54.4,Female,Germany,Retail,119416.95
32,Bachelor's,Mechanical Engineer,2.6,42.1,Female,Australia,Technology,138237.52
31,Bachelor's,Financial Analyst,5.7,40.1,Other,USA,Healthcare,167262.48
30,Bachelor's,Marketing Manager,11.2,52.2,Female,UK,Retail,126932.39
44,PhD,Marketing Manager,8.3,34.4,Male,Canada,Finance,221020.62
37,Bachelor's,Sales Executive,7.5,33.7,Male,India,Finance,57815.21
43,Bachelor's,Data Analyst,5.8,51.9,Male,India,Finance,61747.91
48,Master's,Financial Analyst,18.8,34.9,Male,Canada,Healthcare,185657.29
28,Bachelor's,Product Manager,2.3,39.6,Male,Australia,Healthcare,157490.54
32,Bachelor's,Financial Analyst,5.0,40.6,Male,USA,Finance,192498.73
27,PhD,Financial Analyst,5.7,31.3,Female,Australia,Manufacturing,184975.28
21,High School,Data Analyst,0.0,37.5,Female,USA,Finance,127873.51
38,High School,Financial Analyst,6.4,39.6,Male,Canada,Retail,91068.85
36,High School,HR Specialist,3.8,38.9,Male,Canada,Technology,89087.46
28,High School,Product Manager,5.0,55.2,Female,India,Technology,55251.62
43,Bachelor's,Operations Manager,13.4,41.9,Male,India,Education,38604.3
57,Master's,Operations Manager,17.7,40.1,Female,Germany,Technology,195510.27
21,Master's,Financial Analyst,0.0,27.7,Male,Canada,Finance,171797.9
31,PhD,HR Specialist,13.0,33.7,Male,Canada,Finance,175672.37
23,Bachelor's,Financial Analyst,0.0,50.0,Female,USA,Finance,217451.54
33,Master's,Product Manager,9.7,42.7,Female,India,Finance,85834.0
31,Bachelor's,Software Engineer,7.4,49.1,Male,UK,Manufacturing,124766.41
30,Bachelor's,Software Engineer,11.5,42.9,Female,USA,Finance,209322.31
51,Bachelor's,Marketing Manager,13.4,38.7,Female,India,Technology,76753.02
36,Master's,HR Specialist,9.5,51.7,Female,Germany,Education,117796.62
39,Bachelor's,HR Specialist,9.3,44.7,Female,Canada,Manufacturing,116668.43
42,Master's,HR Specialist,15.5,37.8,Male,Australia,Technology,187012.38
24,PhD,Mechanical Engineer,4.1,22.7,Female,UK,Finance,199735.82
47,Bachelor's,Data Analyst,11.5,44.7,Female,Germany,Finance,154307.84
50,High School,Product Manager,17.1,49.1,Male,India,Education,39379.3
50,Master's,Software Engineer,13.1,39.9,Male,India,Retail,51942.71
18,PhD,Customer Support,0.0,39.2,Male,USA,Retail,113225.66
31,Master's,Mechanical Engineer,13.0,43.8,Male,Australia,Education,141433.01
37,PhD,HR Specialist,3.0,52.2,Female,Canada,Technology,216189.9
51,Master's,Sales Executive,14.7,47.4,Male,Canada,Finance,161893.54
57,PhD,Financial Analyst,22.0,33.8,Female,UK,Manufacturing,182221.63
33,Bachelor's,Data Analyst,5.5,43.3,Female,UK,Finance,163547.89
27,PhD,HR Specialist,3.6,28.9,Male,Germany,Education,110413.37
40,Master's,Marketing Manager,13.3,53.0,Female,UK,Finance,245043.33
43,Master's,Financial Analyst,4.2,38.6,Male,Germany,Healthcare,180766.97
38,High School,HR Specialist,6.4,35.0,Female,USA,Finance,132520.22
30,PhD,Operations Manager,2.7,48.2,Male,Canada,Healthcare,204506.35
29,PhD,Financial Analyst,6.3,34.7,Male,India,Retail,64357.74
30,High School,Data Analyst,10.0,44.5,Female,Germany,Healthcare,100850.72
39,Bachelor's,Mechanical Engineer,8.4,34.1,Male,Germany,Manufacturing,82667.05
27,Bachelor's,Mechanical Engineer,7.4,39.4,Male,Canada,Manufacturing,124918.95
33,Bachelor's,Marketing Manager,8.7,41.8,Male,Canada,Education,103104.83
40,Master's,Mechanical Engineer,12.5,52.0,Female,India,Healthcare,76908.02
53,Bachelor's,Financial Analyst,21.2,48.4,Female,Canada,Education,137903.88
46,Bachelor's,Mechanical Engineer,19.4,29.4,Male,Germany,Technology,146047.1
59,Master's,Operations Manager,27.5,36.1,Female,Australia,Finance,203634.13
48,Bachelor's,Product Manager,14.7,43.0,Female,USA,Healthcare,195096.3
28,Bachelor's,Customer Support,6.2,41.6,Female,India,Healthcare,50687.87
19,Bachelor's,Operations Manager,1.0,44.3,Male,India,Technology,57483.73
18,PhD,Operations Manager,0.0,38.0,Female,Germany,Manufacturing,100075.43
47,Bachelor's,Product Manager,18.0,35.5,Female,Australia,Technology,205374.93
45,High School,Marketing Manager,13.5,33.0,Male,UK,Healthcare,104900.61
35,High School,HR Specialist,12.6,37.9,Male,USA,Manufacturing,106550.12
22,High School,Operations Manager,3.5,39.1,Female,India,Manufacturing,35158.32
57,PhD,Product Manager,21.6,51.3,Male,India,Finance,112179.64
28,High School,Data Analyst,1.6,52.7,Female,Germany,Technology,116758.27
34,Bachelor's,HR Specialist,4.0,38.3,Female,Germany,Manufacturing,100511.61
47,Bachelor's,Software Engineer,14.8,53.4,Female,India,Healthcare,55922.81
24,Bachelor's,Software Engineer,0.0,46.2,Female,Germany,Healthcare,144382.57
40,High School,Marketing Manager,7.2,50.7,Male,Canada,Education,86919.33
46,Bachelor's,Financial Analyst,13.0,43.7,Male,UK,Education,115431.28
33,Master's,Marketing Manager,10.9,59.4,Male,Australia,Retail,150446.93
53,High School,Sales Executive,11.0,41.7,Male,USA,Retail,91551.86
57,Bachelor's,Product Manager,22.1,55.5,Male,UK,Technology,203093.29
35,Master's,HR Specialist,8.2,38.7,Female,USA,Manufacturing,178222.6
40,High School,Customer Support,11.2,42.5,Male,UK,Manufacturing,91844.87
27,Master's,Product Manager,0.1,42.0,Male,UK,Retail,119963.66
36,Bachelor's,Software Engineer,7.9,45.0,Male,Canada,Technology,206373.34
35,Bachelor's,Sales Executive,10.2,20.0,Female,Germany,Finance,112136.48
40,High School,Operations Manager,13.4,41.7,Male,Australia,Healthcare,107167.07
43,Master's,Sales Executive,13.7,34.3,Other,USA,Retail,148410.18
38,Master's,Operations Manager,6.3,47.5,Male,India,Healthcare,63597.37
44,High School,Marketing Manager,19.6,42.5,Female,USA,Education,96111.39
44,High School,Financial Analyst,12.3,43.5,Male,Germany,Retail,80414.79
41,Bachelor's,Customer Support,16.2,32.6,Female,USA,Retail,115923.08
48,High School,Data Analyst,14.2,41.6,Male,Australia,Manufacturing,100634.22
36,Bachelor's,Software Engineer,5.9,45.7,Male,USA,Manufacturing,171678.01
34,PhD,Sales Executive,8.8,55.6,Male,UK,Technology,204930.19
24,High School,Sales Executive,6.0,51.1,Male,UK,Healthcare,116544.23
50,Master's,Sales Executive,12.8,45.3,Male,UK,Education,111639.8
35,Master's,Mechanical Engineer,7.8,36.9,Male,UK,Manufacturing,141004.06
25,Bachelor's,Sales Executive,5.0,48.5,Female,India,Retail,40549.6
38,Bachelor's,Data Analyst,13.6,53.8,Female,Australia,Manufacturing,136769.87
41,Master's,Operations Manager,11.5,48.6,Male,USA,Education,139492.79
43,Bachelor's,Data Analyst,12.9,37.4,Male,UK,Education,116599.7
20,Master's,Software Engineer,2.0,60.5,Female,Germany,Technology,191668.57
30,Bachelor's,HR Specialist,0.0,47.3,Male,USA,Finance,121276.78
41,High School,Sales Executive,7.4,37.3,Male,Germany,Education,68089.33
26,Bachelor's,Software Engineer,7.5,30.8,Female,Germany,Education,108646.69
28,Master's,Operations Manager,6.6,42.1,Male,Germany,Healthcare,158414.8
28,Bachelor's,Software Engineer,2.7,43.8,Male,India,Manufacturing,46132.74
25,Bachelor's,Data Analyst,0.0,31.5,Female,UK,Education,96008.68
28,Master's,Marketing Manager,8.4,26.9,Male,Australia,Healthcare,177143.56
56,PhD,Customer Support,19.9,44.5,Female,Canada,Retail,145643.03
48,Bachelor's,HR Specialist,12.2,49.3,Male,Germany,Retail,89431.0
18,High School,Financial Analyst,0.0,34.3,Male,Germany,Healthcare,87827.9
26,Bachelor's,Marketing Manager,8.0,51.5,Female,USA,Manufacturing,168299.92
54,Bachelor's,Software Engineer,17.8,56.8,Male,Australia,Education,127038.61
44,Bachelor's,Data Analyst,20.2,30.2,Female,Australia,Education,112462.16
31,PhD,Mechanical Engineer,7.0,45.3,Female,India,Technology,79774.86
30,Master's,Sales Executive,10.4,51.7,Female,Canada,Manufacturing,156608.99
34,Bachelor's,Sales Executive,8.7,34.9,Male,Canada,Retail,96338.34
38,Master's,Product Manager,5.4,38.7,Male,Australia,Technology,214258.42
45,Bachelor's,Sales Executive,5.7,41.9,Male,Australia,Healthcare,121586.9
40,Bachelor's,Software Engineer,8.2,45.9,Male,USA,Retail,167059.19
44,Master's,Data Analyst,15.3,50.8,Female,USA,Education,158484.63
44,Bachelor's,Financial Analyst,11.5,41.4,Female,Canada,Healthcare,131082.42
46,Bachelor's,Customer Support,2.9,55.1,Female,Australia,Education,99399.06
45,Bachelor's,HR Specialist,6.3,42.6,Male,Canada,Retail,84188.61
35,Master's,Product Manager,13.1,57.1,Male,India,Technology,88159.53
47,Bachelor's,Mechanical Engineer,13.8,41.5,Male,Australia,Retail,116413.76
45,High School,Mechanical Engineer,11.4,41.2,Female,UK,Healthcare,123348.64
34,Bachelor's,Financial Analyst,10.5,47.1,Female,Canada,Education,118469.99
37,Master's,Customer Support,4.0,54.8,Female,USA,Manufacturing,157928.37
30,Master's,Financial Analyst,9.1,37.0,Male,UK,Finance,177130.81
56,Master's,HR Specialist,20.3,45.4,Male,India,Manufacturing,52054.83
28,High School,Operations Manager,6.6,44.7,Female,USA,Finance,142585.25
52,Master's,Marketing Manager,15.7,43.3,Male,Germany,Manufacturing,154320.06
48,Master's,Software Engineer,13.4,27.8,Male,India,Healthcare,64679.7
50,Bachelor's,Software Engineer,19.3,43.8,Male,India,Education,48271.34
44,Master's,Operations Manager,16.6,40.0,Male,Canada,Finance,163431.4
20,Bachelor's,Mechanical Engineer,0.0,36.9,Female,Canada,Manufacturing,112483.07
41,Bachelor's,Operations Manager,16.1,41.4,Other,UK,Retail,106015.68
43,PhD,Mechanical Engineer,12.0,45.3,Male,Germany,Finance,198911.27
35,Bachelor's,Financial Analyst,14.4,43.1,Male,India,Technology,73406.61
48,Master's,Marketing Manager,11.4,42.6,Female,Germany,Retail,157173.53
37,High School,Financial Analyst,7.4,36.6,Male,USA,Retail,98078.45
29,Master's,Customer Support,11.0,31.3,Female,UK,Technology,168535.54
46,High School,Operations Manager,22.2,40.1,Female,Canada,Manufacturing,88610.53
38,High School,Data Analyst,7.8,52.6,Male,India,Healthcare,42073.06
25,Bachelor's,Operations Manager,0.0,33.1,Female,UK,Education,76996.09
38,Bachelor's,Product Manager,5.3,42.8,Male,Germany,Technology,187107.9
33,PhD,Mechanical Engineer,8.0,36.1,Male,UK,Manufacturing,178775.92
41,PhD,Financial Analyst,15.6,47.8,Male,Canada,Education,175728.09
57,High School,Data Analyst,20.1,39.8,Male,UK,Manufacturing,103183.07
33,Master's,HR Specialist,7.1,48.5,Female,India,Healthcare,59810.9
22,Master's,Sales Executive,4.0,26.1,Male,India,Manufacturing,45935.42
38,High School,Mechanical Engineer,7.4,49.2,Male,Australia,Finance,118196.45
47,High School,Sales Executive,13.1,34.2,Male,Germany,Education,62322.39
64,Bachelor's,HR Specialist,24.9,45.0,Male,USA,Healthcare,166130.83
41,High School,HR Specialist,7.2,46.8,Female,Australia,Education,74535.36
31,Bachelor's,HR Specialist,0.0,51.0,Male,UK,Retail,102389.27
21,Bachelor's,Product Manager,3.0,39.4,Female,India,Finance,67352.16
36,High School,Sales Executive,14.1,44.1,Male,Australia,Retail,87513.89
41,Bachelor's,Financial Analyst,14.2,40.2,Male,UK,Finance,168880.62
33,High School,Product Manager,5.3,53.3,Male,Australia,Finance,137906.58
40,PhD,Product Manager,15.4,35.8,Female,India,Healthcare,109888.78
34,Bachelor's,Product Manager,7.2,44.0,Female,India,Education,56183.81
50,High School,Marketing Manager,15.8,39.4,Male,Australia,Manufacturing,107808.82
34,Bachelor's,Sales Executive,11.1,52.5,Male,USA,Healthcare,127467.0
29,Master's,Product Manager,6.8,27.8,Female,Germany,Finance,198794.0
27,Master's,HR Specialist,1.3,48.0,Female,India,Education,45677.16
45,Bachelor's,HR Specialist,12.1,43.8,Male,Canada,Manufacturing,100011.31
42,Master's,Mechanical Engineer,15.7,27.5,Other,Canada,Manufacturing,133960.07
18,High School,Software Engineer,0.0,58.2,Male,India,Finance,53189.16
32,High School,Operations Manager,8.9,53.8,Male,India,Healthcare,44473.86
40,High School,Financial Analyst,9.9,50.8,Male,Canada,Healthcare,115374.38
42,Bachelor's,Marketing Manager,16.8,32.0,Female,India,Retail,43743.9
38,Bachelor's,HR Specialist,8.9,33.6,Male,UK,Finance,156018.44
50,Bachelor's,Operations Manager,18.4,33.1,Female,UK,Finance,154729.34
33,PhD,Operations Manager,12.7,52.9,Male,Canada,Education,128245.41
62,High School,HR Specialist,28.1,45.8,Female,Australia,Manufacturing,90336.15
34,Master's,HR Specialist,11.6,41.1,Female,Germany,Education,110426.71
28,PhD,Sales Executive,5.5,40.1,Female,UK,Retail,113203.14
38,Bachelor's,Customer Support,16.2,27.7,Female,Australia,Education,89463.89
18,PhD,Sales Executive,0.0,44.9,Male,Australia,Retail,133331.28
53,Master's,Customer Support,5.6,51.2,Female,UK,Manufacturing,130848.69
40,Bachelor's,Software Engineer,14.9,63.0,Male,USA,Manufacturing,202517.43
30,High School,Product Manager,12.0,37.9,Male,India,Technology,59565.06
42,Master's,Data Analyst,7.2,34.3,Male,Canada,Education,123184.25
41,High School,Mechanical Engineer,0.0,48.4,Male,India,Healthcare,38699.2
37,Master's,HR Specialist,3.4,36.2,Male,India,Education,36729.52
49,Bachelor's,Data Analyst,17.5,32.4,Male,Canada,Education,112652.68
45,Master's,Data Analyst,13.6,32.8,Male,Canada,Manufacturing,137565.45
44,Bachelor's,HR Specialist,15.5,45.6,Male,USA,Healthcare,142942.37
28,Master's,Sales Executive,10.0,42.1,Female,USA,Retail,161024.26
33,Bachelor's,HR Specialist,10.6,50.8,Male,India,Technology,64689.33
28,Bachelor's,Mechanical Engineer,4.1,28.8,Male,USA,Healthcare,153951.99
34,High School,Mechanical Engineer,12.9,28.4,Male,Canada,Technology,125982.49
37,High School,Product Manager,12.3,43.9,Male,Canada,Retail,103159.34
38,High School,Mechanical Engineer,7.0,33.4,Male,Canada,Technology,112699.4
44,Master's,Software Engineer,9.4,37.8,Male,Canada,Finance,198721.22
54,Bachelor's,Data Analyst,19.2,36.4,Female,Canada,Manufacturing,134454.99
58,Bachelor's,Mechanical Engineer,20.4,42.5,Female,Germany,Manufacturing,129711.79
37,High School,Financial Analyst,12.4,48.7,Male,Australia,Manufacturing,109888.63
44,Master's,HR Specialist,14.0,52.4,Female,USA,Education,136729.65
61,Bachelor's,Marketing Manager,22.3,41.4,Female,Germany,Education,104469.11
43,Master's,Data Analyst,13.8,54.6,Female,Canada,Technology,206008.19
38,Master's,Software Engineer,5.1,55.8,Other,USA,Manufacturing,174841.0
29,Master's,Operations Manager,10.6,30.6,Female,Australia,Education,120769.22
51,Bachelor's,HR Specialist,13.9,43.2,Female,UK,Retail,115177.63
32,Master's,Financial Analyst,1.3,33.1,Female,Germany,Manufacturing,144272.8
36,Master's,Sales Executive,12.2,48.6,Female,USA,Technology,200686.61
36,High School,Mechanical Engineer,8.7,57.0,Male,USA,Education,100890.84
45,High School,Data Analyst,11.4,42.8,Male,India,Education,30358.91
25,PhD,HR Specialist,6.2,43.5,Female,USA,Technology,250022.75
48,High School,Sales Executive,10.6,47.0,Male,USA,Retail,110295.79
35,Bachelor's,HR Specialist,14.7,50.7,Male,India,Technology,60793.41
35,Bachelor's,Data Analyst,5.2,47.0,Female,USA,Technology,203644.59
24,Bachelor's,HR Specialist,0.0,,Female,Australia,Retail,91525.25
48,Bachelor's,Marketing Manager,15.8,44.2,Male,UK,Finance,151857.64
57,Bachelor's,Financial Analyst,24.7,23.8,Female,UK,Retail,111558.55
57,High School,Product Manager,22.2,32.9,Female,India,Healthcare,49039.77
27,Bachelor's,Software Engineer,4.8,45.4,Female,UK,Retail,119242.77
43,Master's,HR Specialist,16.4,34.4,Male,UK,Retail,118823.45
18,High School,Marketing Manager,0.0,38.1,Female,USA,Education,103942.54
34,High School,Operations Manager,9.0,33.6,Male,India,Finance,46015.94
41,Master's,Software Engineer,8.9,53.0,Female,Australia,Technology,213240.47
23,PhD,Mechanical Engineer,0.0,35.0,Male,UK,Manufacturing,165401.78
31,Master's,Customer Support,12.0,37.6,Male,India,Finance,64314.87
25,Bachelor's,Marketing Manager,0.0,32.2,Male,Canada,Finance,139843.9
41,High School,Sales Executive,0.7,34.3,Male,USA,Healthcare,100616.65
40,Bachelor's,Marketing Manager,5.4,41.6,Male,Canada,Manufacturing,121446.47
39,High School,Marketing Manager,5.3,62.4,Female,Canada,Finance,146520.75
48,PhD,Customer Support,14.0,50.2,Female,UK,Healthcare,177157.02
45,Bachelor's,Marketing Manager,14.3,,Female,Australia,Manufacturing,136310.42
31,Master's,Marketing Manager,9.7,42.2,Male,USA,Manufacturing,174781.8
44,Master's,Data Analyst,13.9,46.4,Female,Australia,Retail,157010.09
26,Bachelor's,Customer Support,8.0,45.5,Male,UK,Education,84238.84
51,Bachelor's,Financial Analyst,13.6,33.6,Male,USA,Finance,199046.64
46,Bachelor's,Software Engineer,7.9,55.4,Female,Australia,Technology,194192.88
43,Master's,Marketing Manager,16.0,38.7,Other,UK,Technology,211573.1
48,PhD,HR Specialist,9.2,37.2,Female,India,Finance,76402.46
41,High School,Software Engineer,10.2,31.3,Female,USA,Retail,93491.62
25,Master's,Software Engineer,1.3,58.3,Male,USA,Finance,256809.05
31,PhD,Software Engineer,6.4,41.4,Male,USA,Healthcare,271372.79
37,Bachelor's,Product Manager,8.3,35.6,Male,UK,Finance,199292.23
45,Bachelor's,Mechanical Engineer,15.6,42.6,Male,India,Education,43222.39
29,Master's,Financial Analyst,7.1,30.2,Female,USA,Education,151622.72
20,Master's,Software Engineer,2.0,40.8,Male,USA,Manufacturing,199450.7
52,Bachelor's,HR Specialist,16.5,42.9,Female,Germany,Finance,134872.11
33,Master's,Customer Support,9.5,47.2,Female,USA,Healthcare,199237.67
52,Bachelor's,HR Specialist,11.4,43.4,Male,UK,Education,90711.35
51,Bachelor's,Product Manager,14.6,42.0,Female,Canada,Technology,170845.93
49,High School,Financial Analyst,14.7,50.7,Female,Germany,Education,80716.35
34,Bachelor's,Operations Manager,7.5,31.0,Female,India,Education,34297.74
41,Bachelor's,Mechanical Engineer,12.1,47.1,Male,USA,Healthcare,175812.73
35,Bachelor's,Sales Executive,12.5,41.4,Female,Canada,Manufacturing,116539.66
18,Bachelor's,Sales Executive,0.0,26.1,Female,India,Technology,45459.03
25,Master's,Data Analyst,4.6,46.1,Male,USA,Retail,181534.34
46,Bachelor's,Product Manager,11.9,52.5,Female,Germany,Retail,110823.32
30,Master's,Operations Manager,6.5,35.2,Female,Canada,Retail,120370.87
24,Bachelor's,Customer Support,4.9,37.7,Female,UK,Healthcare,108716.69
24,Bachelor's,Product Manager,3.0,31.0,Male,Germany,Manufacturing,122427.23
47,High School,Financial Analyst,13.8,46.5,Female,Germany,Finance,123131.36
41,Master's,Financial Analyst,5.5,49.7,Female,USA,Retail,159240.58
29,High School,Customer Support,5.2,37.3,Other,USA,Retail,87981.63
34,PhD,Software Engineer,8.6,44.3,Female,UK,Retail,171082.24
29,Master's,Customer Support,5.6,30.6,Male,Canada,Manufacturing,112565.39
42,Bachelor's,Mechanical Engineer,20.4,40.4,Female,UK,Technology,168840.75
49,High School,Data Analyst,21.0,36.7,Male,USA,Healthcare,129795.64
36,Master's,Software Engineer,11.7,42.5,Male,Germany,Education,142838.45
39,High School,Sales Executive,13.3,34.9,Male,Germany,Healthcare,92505.6
33,Bachelor's,Mechanical Engineer,5.8,36.9,Female,India,Finance,57644.23
36,Bachelor's,Financial Analyst,12.2,42.0,Male,Canada,Technology,176817.55
38,High School,Customer Support,9.7,33.8,Male,India,Healthcare,35023.35
32,PhD,Operations Manager,2.6,56.7,Male,Germany,Technology,210340.77
41,Master's,Customer Support,11.4,35.3,Female,USA,Retail,118070.13
56,PhD,Sales Executive,20.7,28.0,Female,UK,Manufacturing,166446.54
37,Master's,Operations Manager,14.4,40.6,Male,Germany,Healthcare,145727.81
29,High School,Marketing Manager,11.0,33.5,Male,Canada,Retail,88801.94
34,High School,Sales Executive,10.3,45.9,Male,Canada,Technology,121068.31
30,Master's,Customer Support,9.1,43.7,Male,Australia,Manufacturing,129803.43
45,Master's,Customer Support,7.1,49.4,Female,India,Technology,68966.23
32,Bachelor's,Customer Support,7.6,46.2,Female,UK,Technology,136650.77
44,High School,Sales Executive,11.3,32.7,Other,Germany,Healthcare,96468.33
33,Bachelor's,Financial Analyst,4.3,46.3,Female,Australia,Finance,154310.48
39,Master's,Financial Analyst,3.2,41.4,Male,India,Technology,92184.6
37,PhD,Mechanical Engineer,12.3,37.6,Female,UK,Manufacturing,171918.75
42,Bachelor's,Marketing Manager,17.3,52.7,Male,Australia,Healthcare,153507.05
55,Bachelor's,Mechanical Engineer,17.8,32.1,Male,UK,Finance,152062.91
18,Bachelor's,Data Analyst,0.0,33.5,Female,Australia,Manufacturing,107144.62
40,Bachelor's,Mechanical Engineer,10.1,40.7,Female,UK,Healthcare,134812.86
25,High School,Product Manager,7.0,39.4,Female,Canada,Education,85351.4
36,Master's,HR Specialist,12.8,29.1,Male,India,Technology,67900.89
42,Bachelor's,Sales Executive,13.0,43.8,Male,Germany,Finance,148275.02
40,Master's,Customer Support,7.6,35.7,Male,USA,Finance,161938.75
23,Master's,Sales Executive,1.7,49.7,Female,USA,Manufacturing,162276.42
50,Master's,Financial Analyst,22.1,24.7,Male,Canada,Retail,120262.86
33,High School,Marketing Manager,6.4,44.3,Female,Australia,Technology,136502.43
41,High School,Marketing Manager,17.0,46.3,Male,Germany,Retail,76144.99
28,Bachelor's,Mechanical Engineer,9.2,47.4,Female,USA,Manufacturing,151646.66
54,High School,HR Specialist,17.6,60.5,Male,USA,Healthcare,123427.33
40,Bachelor's,Software Engineer,3.9,34.4,Female,Canada,Finance,164706.53
45,Bachelor's,Sales Executive,11.7,40.7,Male,USA,Retail,130476.94
31,High School,Financial Analyst,6.5,42.7,Female,India,Retail,34822.05
18,High School,Software Engineer,0.0,20.7,Male,USA,Manufacturing,102093.75
45,Bachelor's,HR Specialist,5.7,49.1,Male,Australia,Retail,111951.0
26,Bachelor's,Data Analyst,1.1,32.7,Male,India,Technology,57676.9
33,Bachelor's,Financial Analyst,7.3,34.4,Female,Australia,Manufacturing,128863.33
35,Master's,Customer Support,8.3,38.8,Male,UK,Retail,121766.64
26,High School,Software Engineer,3.9,41.4,Female,India,Healthcare,47301.07
46,Bachelor's,Sales Executive,18.4,38.6,Female,India,Education,37907.83
37,Master's,Product Manager,17.6,40.1,Male,Canada,Technology,219013.57
32,High School,HR Specialist,13.7,54.1,Male,India,Healthcare,41164.48
23,Bachelor's,Operations Manager,4.7,42.2,Female,Germany,Education,98528.56
33,Bachelor's,Software Engineer,6.7,48.9,Female,USA,Manufacturing,168868.49
18,PhD,Financial Analyst,0.0,43.5,Female,USA,Manufacturing,225933.44
38,PhD,Product Manager,12.0,55.4,Female,UK,Retail,200860.1
33,PhD,HR Specialist,7.4,37.0,Female,UK,Education,142115.92
25,Bachelor's,Software Engineer,7.0,44.3,Female,Germany,Manufacturing,129608.42
37,Master's,Operations Manager,11.5,40.9,Female,India,Education,48000.78
27,Bachelor's,Mechanical Engineer,6.3,30.4,Female,Canada,Retail,99857.84
44,PhD,Data Analyst,15.1,27.6,Male,USA,Manufacturing,221931.08
51,PhD,Marketing Manager,11.0,37.3,Female,USA,Technology,296125.33
31,PhD,Operations Manager,11.5,50.8,Male,India,Finance,81933.78
36,Master's,Sales Executive,8.7,41.5,Female,UK,Retail,127672.18
46,Bachelor's,Mechanical Engineer,15.1,42.8,Male,Australia,Manufacturing,121649.63
40,Master's,HR Specialist,15.8,46.2,Female,Australia,Education,124254.21
47,PhD,Marketing Manager,13.4,61.6,Female,Australia,Technology,275566.27
42,Bachelor's,Operations Manager,8.1,30.9,Male,Canada,Technology,138409.48
18,PhD,Software Engineer,0.0,33.9,Female,USA,Education,157592.21
36,Master's,Mechanical Engineer,10.0,39.9,Female,India,Finance,76542.6
24,PhD,Operations Manager,6.0,41.1,Male,India,Technology,72886.15
36,High School,Sales Executive,5.1,41.8,Male,Australia,Technology,120190.62
39,PhD,Data Analyst,5.6,57.9,Male,Canada,Healthcare,233779.08
32,Bachelor's,Operations Manager,6.4,43.6,Female,Canada,Finance,128883.61
49,Bachelor's,Financial Analyst,14.4,57.8,Male,Germany,Technology,164867.65
43,Bachelor's,Product Manager,10.5,36.2,Male,India,Retail,47457.01
41,Master's,HR Specialist,12.4,46.7,Female,India,Healthcare,61754.06
39,Bachelor's,Software Engineer,11.6,50.0,Female,India,Education,40904.86
25,Bachelor's,Operations Manager,4.4,50.1,Male,Germany,Retail,92367.43
37,Bachelor's,Operations Manager,5.7,34.8,Female,Australia,Technology,154540.82
41,Bachelor's,Software Engineer,12.8,39.9,Male,Australia,Finance,159211.4
36,PhD,Data Analyst,2.6,42.8,Male,Canada,Education,144080.61
29,Master's,Marketing Manager,3.4,55.5,Female,USA,Manufacturing,179233.48
49,PhD,Financial Analyst,18.1,54.8,Female,India,Retail,64801.55
23,Master's,Data Analyst,0.0,38.9,Male,UK,Healthcare,159602.21
52,PhD,Software Engineer,15.8,30.2,Male,Germany,Healthcare,232314.97
26,Bachelor's,Mechanical Engineer,8.0,47.8,Male,Australia,Finance,160730.55
38,Master's,Mechanical Engineer,6.6,44.1,Female,Australia,Finance,192988.39
49,PhD,Marketing Manager,17.6,36.2,Female,Germany,Retail,159372.98
40,High School,Software Engineer,10.2,42.0,Female,UK,Education,99008.62
24,Bachelor's,Sales Executive,6.0,39.1,Female,India,Manufacturing,43196.74
42,Master's,Sales Executive,13.3,36.2,Female,Germany,Finance,154778.43
28,Bachelor's,Marketing Manager,8.2,37.4,Male,India,Manufacturing,51825.12
30,High School,HR Specialist,3.5,52.6,Female,USA,Education,92416.68
44,Master's,Mechanical Engineer,11.7,31.3,Male,India,Technology,82448.88
54,High School,Operations Manager,17.1,42.2,Other,Canada,Finance,122647.39
19,Master's,Product Manager,1.0,52.4,Female,Germany,Technology,191694.1
35,High School,Software Engineer,12.4,53.8,Male,Australia,Manufacturing,118979.64
37,Bachelor's,Data Analyst,4.6,41.1,Male,India,Retail,39525.64
26,High School,Operations Manager,8.0,49.5,Male,Germany,Retail,70064.94
18,PhD,Marketing Manager,0.0,28.0,Female,Australia,Manufacturing,138310.6
25,Master's,Sales Executive,0.0,36.2,Female,Australia,Technology,151450.26
49,Master's,Software Engineer,10.2,59.5,Female,Canada,Technology,225258.26
18,High School,Marketing Manager,0.0,32.9,Female,UK,Technology,123007.95
22,Master's,Customer Support,4.0,60.0,Female,India,Finance,59033.79
41,High School,HR Specialist,12.2,30.3,Male,USA,Manufacturing,93798.32
40,PhD,Financial Analyst,12.0,53.8,Female,Germany,Healthcare,184510.61
29,Master's,HR Specialist,8.8,39.3,Female,Australia,Healthcare,159969.15
40,Bachelor's,Product Manager,15.0,28.4,Male,India,Healthcare,65631.63
30,Bachelor's,Operations Manager,0.0,52.6,Male,Canada,Finance,128188.79
52,High School,Marketing Manager,14.1,39.1,Male,USA,Finance,134841.54
19,High School,Operations Manager,0.0,39.3,Female,Canada,Manufacturing,84003.31
22,Bachelor's,Marketing Manager,0.3,43.0,Male,Canada,Technology,161975.97
23,Bachelor's,Sales Executive,4.0,30.8,Female,Australia,Technology,149203.95
43,Bachelor's,Financial Analyst,14.3,56.9,Male,UK,Finance,173578.56
45,Bachelor's,Financial Analyst,18.9,44.2,Male,India,Healthcare,68868.09
22,Bachelor's,Operations Manager,0.0,44.3,Female,Australia,Manufacturing,124285.38
38,Bachelor's,Product Manager,14.8,33.5,Other,Germany,Healthcare,149228.9
36,High School,Financial Analyst,6.1,44.5,Male,India,Healthcare,44761.7
26,Master's,Mechanical Engineer,3.3,41.1,Other,Australia,Technology,178420.74
40,High School,Data Analyst,12.8,50.6,Male,Australia,Healthcare,110702.66
45,High School,HR Specialist,11.4,38.4,Female,Canada,Healthcare,106658.83
24,Master's,HR Specialist,0.0,44.5,Female,UK,Manufacturing,144810.81
52,Master's,Product Manager,22.3,38.3,Male,USA,Technology,238587.23
32,Bachelor's,Mechanical Engineer,4.8,44.9,Male,Canada,Healthcare,113105.91
19,High School,Customer Support,1.0,50.5,Male,Germany,Manufacturing,81103.94
31,Bachelor's,Financial Analyst,4.7,45.1,Female,Canada,Healthcare,136520.07
22,Bachelor's,Operations Manager,0.9,40.3,Female,USA,Technology,157381.83
35,Master's,Customer Support,6.1,60.6,Female,Australia,Retail,119439.61
32,Bachelor's,Software Engineer,5.0,46.9,Female,India,Finance,66385.07
33,Bachelor's,Sales Executive,15.0,32.1,Male,UK,Finance,154101.76
40,Bachelor's,Software Engineer,13.1,49.8,Female,Australia,Finance,193935.34
36,Bachelor's,Software Engineer,8.8,44.6,Female,Canada,Technology,177502.43
42,Master's,Software Engineer,2.2,34.3,Female,UK,Healthcare,194807.48
50,Bachelor's,Financial Analyst,20.5,33.9,Male,Canada,Technology,158066.93
23,Bachelor's,Operations Manager,2.8,38.5,Female,UK,Retail,123139.93
24,PhD,Sales Executive,6.0,35.1,Male,UK,Education,124426.19
25,Bachelor's,HR Specialist,0.8,41.1,Female,Canada,Education,96146.54
52,PhD,Financial Analyst,13.3,66.8,Female,India,Finance,100531.17
47,Master's,Financial Analyst,14.7,43.0,Female,Canada,Manufacturing,140584.13
32,Master's,Sales Executive,9.1,41.0,Female,Germany,Finance,144360.02
38,Bachelor's,Financial Analyst,13.8,53.2,Male,Canada,Manufacturing,139975.75
45,Bachelor's,Data Analyst,10.4,47.3,Male,Canada,Finance,147199.13
36,PhD,Customer Support,5.4,32.7,Male,UK,Finance,146275.67
64,Bachelor's,Customer Support,22.3,51.1,Female,Canada,Retail,105318.99
37,High School,Product Manager,6.4,40.3,Male,USA,Education,105614.54
56,Master's,Marketing Manager,20.5,66.5,Female,USA,Healthcare,221041.11
34,Master's,Operations Manager,8.7,40.1,Female,USA,Healthcare,202643.8
33,Bachelor's,Software Engineer,6.8,43.1,Male,Australia,Finance,154008.53
29,Bachelor's,Operations Manager,5.6,43.0,Female,Canada,Education,90335.76
42,High School,Sales Executive,13.4,55.7,Male,India,Healthcare,46819.33
43,Bachelor's,Product Manager,15.4,37.8,Female,USA,Education,149031.86
37,Bachelor's,Software Engineer,10.2,39.7,Female,UK,Technology,199653.15
28,High School,Customer Support,10.0,33.1,Male,USA,Healthcare,98931.05
30,Bachelor's,Data Analyst,6.4,60.7,Male,India,Technology,70250.81
38,Master's,Marketing Manager,3.3,54.2,Male,Canada,Finance,197529.54
46,PhD,Operations Manager,15.4,45.9,Male,Australia,Technology,273777.19
48,High School,Software Engineer,20.1,50.4,Male,Germany,Healthcare,126837.83
18,Master's,Financial Analyst,0.0,50.4,Male,Germany,Retail,124899.58
38,High School,Data Analyst,7.7,44.3,Male,UK,Healthcare,117720.01
43,Master's,Operations Manager,9.6,57.8,Other,UK,Retail,140716.21
33,High School,Customer Support,3.5,40.6,Male,UK,Finance,89032.42
38,Master's,Marketing Manager,14.3,47.1,Male,USA,Healthcare,216734.96
49,Bachelor's,HR Specialist,17.2,52.0,Female,India,Retail,45210.49
37,High School,Product Manager,11.2,36.4,Female,Canada,Healthcare,124571.92
48,Master's,Mechanical Engineer,17.0,46.6,Female,UK,Manufacturing,141325.68
65,High School,Customer Support,26.5,44.9,Male,Australia,Finance,112215.5
33,High School,HR Specialist,5.9,46.7,Other,USA,Healthcare,114368.7
41,Bachelor's,Data Analyst,12.0,44.1,Female,USA,Education,125897.99
40,Master's,Operations Manager,19.3,44.9,Female,USA,Retail,162343.07
61,Master's,Financial Analyst,22.4,44.2,Female,Australia,Education,139485.74
35,High School,Financial Analyst,1.0,43.9,Female,Germany,Manufacturing,84326.23
39,Master's,Customer Support,5.3,45.8,Male,Australia,Finance,167015.8
55,Master's,Customer Support,19.9,67.5,Male,Germany,Education,132032.84
39,Bachelor's,Financial Analyst,7.2,35.2,Female,Australia,Education,102300.53
33,Bachelor's,Software Engineer,15.0,37.9,Female,Australia,Technology,185591.23
38,PhD,Financial Analyst,9.3,38.8,Female,USA,Education,196028.09
45,High School,HR Specialist,6.2,43.3,Male,USA,Education,94671.73
30,PhD,Marketing Manager,7.1,47.3,Male,Canada,Manufacturing,186319.1
39,Bachelor's,Data Analyst,10.7,41.1,Female,UK,Finance,179903.95
28,High School,Marketing Manager,6.4,35.2,Male,Canada,Finance,137690.98
43,Bachelor's,Data Analyst,15.3,44.2,Male,India,Education,46218.62
41,Bachelor's,Mechanical Engineer,4.3,35.6,Other,Canada,Education,102086.33
26,Bachelor's,Marketing Manager,4.9,51.1,Male,Australia,Education,115147.16
25,PhD,Marketing Manager,1.4,56.3,Female,Germany,Education,149407.78
55,Master's,HR Specialist,23.3,27.9,Male,UK,Manufacturing,145071.59
41,Master's,Product Manager,16.0,41.0,Male,India,Education,54786.28
27,High School,Financial Analyst,6.0,37.9,Male,Australia,Education,74452.45
20,Master's,Financial Analyst,0.0,42.4,Male,Australia,Education,126249.07
36,High School,Data Analyst,10.6,46.8,Male,Germany,Finance,109196.24
35,Bachelor's,Marketing Manager,4.7,42.8,Female,Canada,Finance,153109.88
19,High School,Product Manager,0.0,53.5,Female,India,Technology,46956.49
31,Bachelor's,Product Manager,8.2,35.5,Male,Canada,Education,123028.91
22,High School,Software Engineer,4.0,45.5,Male,Germany,Healthcare,109113.77
46,Bachelor's,Mechanical Engineer,14.9,53.8,Female,UK,Healthcare,164021.29
42,Bachelor's,Customer Support,18.8,38.4,Female,Australia,Healthcare,115458.6
37,Master's,Product Manager,17.2,44.9,Male,Australia,Finance,204152.32
29,High School,Operations Manager,8.0,46.8,Female,Canada,Retail,87109.71
31,Master's,Sales Executive,12.1,45.5,Male,UK,Retail,112422.14
18,High School,Product Manager,0.0,39.7,Male,USA,Retail,101817.63
28,Bachelor's,Marketing Manager,1.5,48.1,Female,India,Education,38569.97
32,Master's,HR Specialist,9.9,28.8,Male,India,Technology,67118.61
34,Bachelor's,Operations Manager,4.3,47.0,Female,Canada,Retail,90665.98
65,Master's,Customer Support,31.8,33.2,Female,Germany,Finance,161576.85
40,Master's,Product Manager,9.3,28.4,Female,India,Finance,81915.39
32,Master's,Mechanical Engineer,2.6,49.3,Female,USA,Finance,230095.24
57,Bachelor's,Customer Support,16.7,39.8,Female,Canada,Finance,164574.76
28,Bachelor's,Financial Analyst,6.7,34.6,Female,USA,Manufacturing,140857.25
23,PhD,Operations Manager,3.9,36.4,Female,Canada,Education,115916.02
45,Bachelor's,Financial Analyst,11.2,35.0,Male,Australia,Technology,167686.46
18,Master's,Marketing Manager,0.0,37.5,Female,Canada,Technology,181928.45
33,Bachelor's,Sales Executive,7.9,44.2,Male,UK,Retail,106462.09
45,Master's,Sales Executive,16.4,40.2,Female,Germany,Healthcare,166176.41
33,High School,Financial Analyst,5.1,34.0,Other,Australia,Retail,73593.92
35,High School,Customer Support,8.3,38.9,Female,India,Technology,41483.29
33,High School,Marketing Manager,7.9,46.9,Female,UK,Technology,141696.55
44,High School,Mechanical Engineer,14.2,50.5,Female,Australia,Technology,125471.62
18,Master's,Mechanical Engineer,0.0,47.3,Male,Germany,Education,108161.87
27,High School,Customer Support,3.2,41.5,Female,UK,Manufacturing,74447.26
50,Bachelor's,Customer Support,13.6,39.5,Male,Australia,Retail,95939.69
49,Bachelor's,Marketing Manager,12.3,25.3,Other,India,Retail,43540.65
51,High School,Financial Analyst,15.3,42.9,Male,India,Healthcare,40924.07
51,Master's,Operations Manager,16.8,54.7,Female,Canada,Retail,147647.23
40,High School,Mechanical Engineer,9.9,31.0,Male,Germany,Finance,113170.45
24,High School,Customer Support,0.0,63.6,Female,Australia,Retail,68196.66
34,Bachelor's,Software Engineer,9.6,42.4,Female,Canada,Technology,177221.97
52,Bachelor's,Mechanical Engineer,22.3,40.8,Female,Germany,Education,107467.65
37,Master's,Software Engineer,10.3,32.7,Female,Australia,Finance,179927.16
41,Bachelor's,Operations Manager,12.2,55.7,Female,India,Manufacturing,60470.31
38,High School,Mechanical Engineer,12.7,47.7,Female,India,Retail,35557.38
28,Bachelor's,Data Analyst,5.8,43.0,Female,UK,Finance,155199.53
41,Bachelor's,Financial Analyst,9.5,48.1,Male,Australia,Manufacturing,160713.36
44,Bachelor's,HR Specialist,11.3,47.6,Male,Germany,Education,100919.43
41,High School,Mechanical Engineer,12.8,42.2,Male,Canada,Technology,112359.81
37,Bachelor's,Sales Executive,6.3,41.0,Female,Germany,Finance,129110.44
29,Bachelor's,Operations Manager,11.0,51.5,Male,Australia,Finance,165230.93
46,PhD,Product Manager,9.8,49.2,Female,Australia,Manufacturing,212658.71
59,Bachelor's,Data Analyst,18.2,35.0,Male,Australia,Finance,161680.2
41,High School,HR Specialist,6.0,43.7,Male,UK,Manufacturing,84616.76
47,High School,Software Engineer,10.7,46.9,Male,Australia,Retail,92567.54
18,PhD,Software Engineer,0.0,44.1,Female,USA,Technology,262507.72
42,Master's,Operations Manager,9.6,50.1,Male,Canada,Manufacturing,156578.47
32,Bachelor's,Sales Executive,8.0,54.4,Female,India,Retail,43070.47
39,Bachelor's,Mechanical Engineer,11.4,36.1,Male,Germany,Education,104416.84
32,Bachelor's,Product Manager,6.3,43.1,Male,Canada,Finance,178516.74
35,Master's,Mechanical Engineer,5.0,44.1,Female,Germany,Education,104719.9
44,Bachelor's,Marketing Manager,11.0,31.4,Male,UK,Finance,143839.53
34,High School,Product Manager,13.6,51.5,Female,UK,Manufacturing,118321.2
35,High School,Operations Manager,3.9,59.0,Male,Australia,Education,80669.57
25,Bachelor's,Data Analyst,0.0,49.4,Male,Canada,Education,101347.68
34,Master's,HR Specialist,4.3,27.4,Male,USA,Healthcare,185422.18
45,High School,Marketing Manager,19.4,50.9,Male,India,Retail,39449.29
37,PhD,Product Manager,15.6,51.8,Female,USA,Manufacturing,239246.41
29,PhD,Product Manager,3.2,37.1,Female,Germany,Manufacturing,187172.22
58,Bachelor's,Sales Executive,21.5,37.2,Female,Canada,Technology,149571.63
43,Bachelor's,HR Specialist,11.3,38.9,Female,UK,Finance,139481.42
41,High School,Data Analyst,5.0,35.0,Female,India,Education,28812.88
27,Bachelor's,Software Engineer,8.5,41.1,Female,Germany,Technology,164733.77
58,Master's,Customer Support,17.3,37.5,Female,India,Healthcare,61640.3
32,PhD,Product Manager,8.9,53.0,Male,UK,Retail,169087.27
37,Bachelor's,Financial Analyst,8.4,44.1,Male,Germany,Retail,100358.74
37,PhD,Mechanical Engineer,10.4,43.1,Female,USA,Technology,251837.29
36,Master's,Marketing Manager,2.8,43.9,Male,USA,Education,130202.06
47,PhD,Sales Executive,16.0,47.4,Female,Germany,Healthcare,189381.45
55,Bachelor's,Data Analyst,14.9,46.3,Male,USA,Retail,157482.03
18,Bachelor's,Mechanical Engineer,0.0,47.0,Female,Australia,Technology,146641.6
51,PhD,Product Manager,12.4,42.9,Female,Germany,Finance,249136.9
46,Bachelor's,Mechanical Engineer,15.1,41.8,Female,Australia,Technology,162080.3
56,Bachelor's,HR Specialist,12.3,40.6,Male,Germany,Education,94070.44
47,Bachelor's,Marketing Manager,10.1,36.1,Male,USA,Finance,200018.71
36,Master's,Operations Manager,6.8,38.5,Female,Australia,Healthcare,177408.73
44,Bachelor's,Mechanical Engineer,17.6,38.1,Female,India,Manufacturing,50503.92
40,Master's,Software Engineer,9.5,51.8,Female,Canada,Technology,224138.53
27,PhD,HR Specialist,9.0,26.4,Female,Australia,Technology,178761.25
34,High School,Financial Analyst,5.3,34.4,Male,USA,Technology,165260.43
30,High School,Data Analyst,8.3,45.7,Male,UK,Education,80087.58
31,Bachelor's,Customer Support,5.4,55.7,Female,USA,Manufacturing,133253.41
47,Master's,Mechanical Engineer,18.9,40.5,Female,Canada,Technology,194048.85
29,PhD,Operations Manager,0.5,40.9,Female,Australia,Healthcare,141880.34
33,Bachelor's,HR Specialist,7.6,50.0,Male,Canada,Technology,148424.69
20,Master's,HR Specialist,0.3,47.5,Male,India,Education,43048.42
42,Bachelor's,Mechanical Engineer,15.2,33.6,Female,Australia,Education,113246.17
37,Bachelor's,Mechanical Engineer,14.1,50.1,Male,Germany,Education,105026.06
42,Master's,Product Manager,11.4,44.7,Female,Canada,Manufacturing,165038.09
36,Bachelor's,Operations Manager,12.8,38.8,Male,India,Education,38280.53
53,High School,Marketing Manager,19.5,44.7,Male,UK,Manufacturing,116481.04
26,Bachelor's,Customer Support,8.0,24.6,Male,Germany,Manufacturing,84214.3
27,Bachelor's,Customer Support,5.3,37.7,Female,USA,Healthcare,137351.98
27,High School,Data Analyst,5.4,35.1,Male,UK,Finance,120122.81
37,Master's,Product Manager,12.9,43.8,Female,Australia,Education,156044.66
37,Bachelor's,Product Manager,10.7,41.9,Female,USA,Healthcare,197306.41
39,Bachelor's,Product Manager,0.0,39.8,Male,Germany,Manufacturing,114988.85
61,Bachelor's,Mechanical Engineer,21.2,50.8,Female,Germany,Manufacturing,111196.83
25,Bachelor's,Mechanical Engineer,2.5,44.9,Male,Germany,Manufacturing,117569.95
49,PhD,Marketing Manager,21.1,52.4,Male,USA,Technology,256958.24
55,Bachelor's,Financial Analyst,16.0,46.1,Female,UK,Education,125765.68
36,PhD,HR Specialist,6.5,53.6,Male,UK,Education,127552.57
27,High School,Financial Analyst,9.0,49.7,Female,India,Education,34670.92
45,Master's,Marketing Manager,6.3,32.2,Female,Canada,Finance,170760.18
31,High School,Customer Support,9.2,34.6,Female,USA,Retail,80935.44
35,Bachelor's,Data Analyst,9.6,34.1,Male,Germany,Education,95117.6
26,High School,Marketing Manager,7.6,40.0,Male,Germany,Technology,117663.4
43,PhD,Data Analyst,10.0,36.3,Female,UK,Healthcare,205823.24
32,High School,Software Engineer,5.1,37.7,Female,Australia,Manufacturing,110563.49
18,Master's,Operations Manager,0.0,28.8,Male,Germany,Manufacturing,105909.08
52,Master's,Marketing Manager,18.0,39.5,Female,Australia,Education,134210.21
56,High School,Data Analyst,20.8,38.9,Male,Australia,Technology,131227.23
31,PhD,Financial Analyst,6.8,33.4,Male,Germany,Education,142292.94
40,High School,Mechanical Engineer,8.6,47.9,Male,UK,Healthcare,125203.93
35,Master's,Operations Manager,12.6,42.3,Female,India,Finance,76985.7
36,High School,Mechanical Engineer,13.6,55.1,Female,UK,Finance,117687.97
32,Bachelor's,Software Engineer,11.4,46.2,Male,India,Retail,51191.22
48,Bachelor's,Sales Executive,9.8,34.2,Male,UK,Finance,121374.31
46,Bachelor's,Mechanical Engineer,5.2,37.7,Female,USA,Manufacturing,150375.39
45,PhD,Sales Executive,16.4,29.2,Male,Germany,Finance,179750.09
39,High School,Customer Support,8.1,30.5,Male,USA,Manufacturing,100001.47
41,Master's,Customer Support,9.6,42.9,Female,Canada,Retail,106796.49
41,Master's,HR Specialist,16.2,42.1,Male,UK,Finance,173765.93
35,High School,Marketing Manager,8.6,36.1,Female,Canada,Retail,89215.24
49,Bachelor's,Mechanical Engineer,11.0,44.6,Other,Canada,Healthcare,156808.51
49,Bachelor's,Marketing Manager,9.3,54.3,Male,Germany,Education,105811.82
33,Master's,Operations Manager,5.3,43.5,Female,UK,Manufacturing,133786.33
29,Master's,HR Specialist,4.9,52.6,Male,UK,Education,103389.66
31,Master's,Customer Support,8.7,47.4,Female,Germany,Manufacturing,119131.26
38,Master's,Mechanical Engineer,8.5,40.3,Male,UK,Manufacturing,150820.31
37,High School,Marketing Manager,0.0,34.1,Male,UK,Manufacturing,90939.32
28,Bachelor's,Customer Support,5.7,55.4,Female,USA,Education,121422.46
51,Bachelor's,Marketing Manager,10.7,44.6,Female,India,Manufacturing,53809.16
32,Master's,HR Specialist,3.3,35.5,Female,Germany,Finance,139226.55
54,PhD,Product Manager,14.0,53.2,Male,USA,Technology,300000.0
40,High School,Customer Support,10.8,51.3,Male,Australia,Finance,90036.26
52,Bachelor's,Customer Support,13.7,47.3,Male,UK,Retail,106388.66
41,Master's,HR Specialist,13.1,42.7,Female,USA,Finance,180579.74
35,Bachelor's,Marketing Manager,2.5,45.5,Female,UK,Education,105254.66
44,High School,Mechanical Engineer,11.8,29.5,Female,Australia,Education,85849.75
32,Master's,Financial Analyst,4.1,43.7,Female,Canada,Manufacturing,140254.86
47,Master's,Marketing Manager,18.0,48.6,Female,UK,Technology,231894.04
41,Bachelor's,Financial Analyst,15.3,42.1,Female,Germany,Manufacturing,110030.08
26,Master's,Product Manager,0.0,38.2,Female,Canada,Healthcare,174634.04
32,Bachelor's,Sales Executive,6.3,36.7,Female,UK,Retail,91763.79
37,Master's,Product Manager,9.2,46.5,Male,Canada,Technology,185439.49
48,Master's,Product Manager,9.2,53.7,Female,UK,Finance,194286.39
25,Bachelor's,HR Specialist,7.0,38.4,Female,Australia,Finance,142557.9
53,Bachelor's,Product Manager,23.0,32.0,Female,Australia,Education,125300.63
42,Bachelor's,Operations Manager,12.9,50.7,Female,Germany,Education,94260.92
39,High School,Mechanical Engineer,19.1,53.2,Female,India,Manufacturing,38334.53
25,Master's,Financial Analyst,1.1,50.1,Male,Germany,Education,131804.91
35,Bachelor's,Sales Executive,8.8,40.9,Female,UK,Technology,160512.06
60,PhD,Sales Executive,24.3,45.9,Female,Canada,Healthcare,202802.15
34,Bachelor's,Product Manager,10.0,43.1,Female,Germany,Technology,180903.6
45,High School,Sales Executive,19.4,44.5,Male,USA,Healthcare,122571.48
48,Bachelor's,Product Manager,19.6,50.2,Male,UK,Finance,190104.34
34,Master's,HR Specialist,14.5,25.7,Female,Canada,Technology,170146.15
36,PhD,Software Engineer,6.9,44.4,Male,India,Manufacturing,85378.36
36,Bachelor's,Product Manager,8.3,43.8,Male,USA,Education,151639.64
41,High School,Financial Analyst,11.0,40.4,Female,Canada,Retail,95839.43
29,Bachelor's,Sales Executive,9.9,57.2,Male,India,Retail,42020.19
20,High School,Customer Support,2.0,36.6,Male,UK,Technology,93405.58
33,Bachelor's,Software Engineer,1.4,37.4,Female,Germany,Retail,98958.12
36,Master's,Marketing Manager,14.0,41.1,Male,USA,Healthcare,235487.52
43,Master's,Mechanical Engineer,13.8,57.8,Female,USA,Retail,149948.92
55,Master's,Data Analyst,21.4,35.1,Female,UK,Education,123634.63
41,Master's,Financial Analyst,15.2,45.5,Male,Canada,Education,138599.23
29,Bachelor's,Financial Analyst,5.4,44.0,Male,USA,Technology,198024.72
47,Master's,Customer Support,14.0,30.9,Male,USA,Retail,123086.1
49,Master's,HR Specialist,11.4,49.2,Male,Australia,Finance,180649.91
57,Master's,Sales Executive,22.9,49.3,Male,UK,Technology,203244.32
43,Master's,HR Specialist,6.7,34.2,Female,Germany,Retail,115736.24
37,PhD,Customer Support,7.8,36.0,Male,UK,Technology,196785.52
40,Bachelor's,Software Engineer,5.8,41.5,Male,USA,Healthcare,205426.78
53,Master's,Product Manager,21.8,,Male,India,Education,56091.02
50,PhD,Operations Manager,12.7,36.6,Female,India,Technology,83184.43
48,Bachelor's,Sales Executive,10.0,47.4,Female,UK,Manufacturing,127229.73
37,High School,Operations Manager,15.5,52.3,Female,India,Education,32306.26
35,Bachelor's,Financial Analyst,2.0,49.1,Female,UK,Healthcare,165516.03
36,High School,Sales Executive,5.3,36.0,Female,Australia,Education,73106.89
30,Master's,Product Manager,0.9,44.1,Female,Germany,Retail,133349.8
47,Master's,Financial Analyst,11.5,57.2,Male,Australia,Technology,214310.23
37,PhD,Marketing Manager,12.2,53.0,Male,India,Finance,102838.72
24,Bachelor's,Financial Analyst,2.3,33.1,Female,India,Finance,60179.38
34,Master's,Mechanical Engineer,11.2,33.2,Male,Germany,Manufacturing,140292.14
36,Master's,Sales Executive,9.5,48.8,Female,UK,Retail,127869.0
40,High School,HR Specialist,12.0,51.9,Female,India,Manufacturing,39906.37
37,High School,HR Specialist,5.2,51.5,Male,Germany,Retail,75231.17
47,Bachelor's,Software Engineer,16.2,42.9,Male,Canada,Manufacturing,137627.05
32,Master's,Software Engineer,6.1,36.5,Male,Australia,Finance,198607.25
33,High School,HR Specialist,15.0,42.0,Female,USA,Retail,92236.49
42,Bachelor's,Marketing Manager,12.6,32.1,Male,Canada,Manufacturing,112463.34
45,High School,Operations Manager,14.0,47.6,Female,USA,Education,92519.55
29,Master's,Data Analyst,9.2,42.6,Female,UK,Finance,184194.28
40,Bachelor's,Mechanical Engineer,8.2,34.3,Male,India,Healthcare,52447.06
37,Bachelor's,Operations Manager,13.1,42.2,Female,India,Education,44569.99
29,Master's,Marketing Manager,6.6,36.9,Male,USA,Finance,210452.38
31,Bachelor's,Marketing Manager,2.6,44.7,Male,Canada,Retail,111430.07
34,PhD,Marketing Manager,13.9,27.6,Male,Australia,Education,146272.42
38,Bachelor's,Mechanical Engineer,10.6,43.5,Male,India,Manufacturing,53868.09
38,High School,Marketing Manager,16.7,44.8,Female,India,Healthcare,51389.33
19,Master's,Mechanical Engineer,0.0,53.8,Male,UK,Retail,112746.03
44,High School,Software Engineer,20.4,47.8,Female,Canada,Manufacturing,110686.8
56,High School,Software Engineer,19.8,49.5,Male,UK,Manufacturing,120148.02
34,Bachelor's,Financial Analyst,6.0,,Male,UK,Technology,171899.2
37,High School,Data Analyst,8.5,33.5,Female,UK,Manufacturing,102062.88
31,Master's,Mechanical Engineer,6.6,49.7,Male,Australia,Finance,188508.87
52,Master's,HR Specialist,19.4,31.5,Female,Germany,Healthcare,150081.97
45,Bachelor's,HR Specialist,15.6,45.8,Male,Canada,Manufacturing,98024.21
53,PhD,Product Manager,15.9,42.6,Female,Australia,Manufacturing,196801.65
51,Bachelor's,HR Specialist,15.6,39.3,Female,India,Manufacturing,48516.94
29,Bachelor's,Marketing Manager,3.5,42.9,Female,USA,Finance,191939.33
34,Master's,Sales Executive,11.8,47.1,Male,Australia,Technology,172279.63
39,Bachelor's,HR Specialist,12.0,43.0,Female,Australia,Technology,159017.97
42,Bachelor's,Customer Support,9.1,40.5,Female,USA,Retail,111077.41
56,Bachelor's,Product Manager,21.2,51.6,Female,Canada,Education,135588.11
27,PhD,HR Specialist,0.0,27.9,Male,Canada,Education,100499.14
34,Bachelor's,Software Engineer,6.4,47.1,Male,UK,Education,132066.68
47,PhD,Data Analyst,18.0,42.0,Female,Germany,Technology,199551.38
20,Master's,HR Specialist,2.0,30.0,Male,USA,Education,102861.51
19,High School,Customer Support,1.0,51.6,Female,UK,Technology,107694.68
26,PhD,Operations Manager,0.0,38.7,Male,Australia,Finance,192282.07
35,High School,Product Manager,4.7,35.7,Male,USA,Technology,161251.02
49,High School,Software Engineer,19.0,42.1,Female,USA,Technology,175310.09
49,PhD,HR Specialist,9.0,33.0,Female,India,Finance,76896.48
49,Master's,Customer Support,14.0,39.6,Male,Germany,Technology,166363.81
27,Bachelor's,Software Engineer,9.0,37.5,Male,UK,Retail,130574.89
21,Bachelor's,Data Analyst,0.6,45.3,Male,Australia,Education,114432.31
48,Master's,Customer Support,15.5,33.7,Male,Canada,Technology,176170.04
38,Master's,Software Engineer,10.3,52.8,Female,India,Retail,62773.42
52,Bachelor's,HR Specialist,13.8,49.6,Male,USA,Healthcare,171252.98
49,Bachelor's,Marketing Manager,15.8,28.7,Female,Canada,Manufacturing,118450.94
43,Bachelor's,HR Specialist,13.4,45.0,Female,UK,Technology,149054.34
32,Bachelor's,Sales Executive,10.1,37.0,Male,India,Technology,49400.91
33,Master's,Product Manager,7.3,63.2,Male,Canada,Education,156527.62
32,Master's,Data Analyst,4.5,54.1,Male,Australia,Finance,173001.11
22,High School,HR Specialist,3.5,34.8,Female,Canada,Finance,108382.57
44,Bachelor's,Operations Manager,11.6,51.7,Other,UK,Retail,101626.39
25,High School,Mechanical Engineer,0.0,36.4,Female,Germany,Finance,105047.55
33,Bachelor's,Mechanical Engineer,6.0,35.1,Male,India,Education,33861.0
41,PhD,Operations Manager,7.2,46.1,Female,India,Education,54600.57
51,Bachelor's,Data Analyst,12.8,28.4,Other,India,Technology,63858.89
46,High School,Marketing Manager,15.9,47.8,Female,Canada,Healthcare,121193.98
51,Master's,HR Specialist,13.4,54.8,Female,UK,Retail,134661.52
31,Master's,Sales Executive,1.9,40.0,Male,Canada,Education,97608.58
24,Master's,Operations Manager,6.0,36.5,Female,Canada,Manufacturing,138171.94
34,Bachelor's,Financial Analyst,8.5,42.7,Male,USA,Finance,192684.85
20,High School,Data Analyst,0.4,38.7,Female,Germany,Finance,105613.04
53,High School,Operations Manager,16.5,39.1,Male,India,Manufacturing,36226.2
36,Master's,Mechanical Engineer,7.9,34.2,Male,Germany,Retail,130421.09
42,Bachelor's,Customer Support,10.9,42.8,Male,India,Healthcare,48635.72
56,PhD,Software Engineer,20.7,40.0,Female,UK,Healthcare,247959.62
37,Master's,Software Engineer,8.8,48.7,Male,Canada,Technology,213512.49
36,Master's,Financial Analyst,4.1,38.0,Male,Germany,Retail,133102.23
39,Master's,Financial Analyst,13.6,21.3,Female,India,Education,50662.8
26,High School,Data Analyst,0.0,57.7,Female,Canada,Finance,112980.84
34,Master's,Sales Executive,13.3,31.2,Male,India,Manufacturing,49927.34
49,Bachelor's,Product Manager,13.7,41.5,Female,Australia,Technology,216187.82
37,Master's,Sales Executive,9.3,46.8,Male,Australia,Technology,170617.93
27,High School,Software Engineer,1.7,46.0,Female,Australia,Finance,139558.25
37,Master's,Mechanical Engineer,8.8,37.1,Male,Australia,Manufacturing,144228.01
53,High School,Mechanical Engineer,14.8,46.8,Female,UK,Education,75681.76
49,PhD,Data Analyst,9.3,45.1,Female,Australia,Manufacturing,163049.29
30,Bachelor's,Marketing Manager,4.6,38.5,Male,India,Manufacturing,54777.72
57,Bachelor's,Sales Executive,18.1,38.8,Other,UK,Education,110836.47
52,Master's,Customer Support,16.3,20.0,Male,UK,Manufacturing,119942.94
57,Master's,Product Manager,20.6,39.3,Male,Canada,Manufacturing,157014.84
31,Bachelor's,Customer Support,5.4,31.0,Female,UK,Education,82235.33
49,PhD,HR Specialist,11.6,34.2,Male,Australia,Finance,174480.76
31,Master's,Operations Manager,11.7,43.4,Male,UK,Manufacturing,170174.05
40,Bachelor's,Sales Executive,14.2,59.1,Male,Canada,Healthcare,160779.78
28,Bachelor's,Customer Support,6.1,61.7,Female,Germany,Healthcare,129464.83
46,High School,HR Specialist,8.1,62.2,Male,Canada,Finance,111964.57
36,Bachelor's,Marketing Manager,9.1,37.4,Male,UK,Healthcare,170606.99
33,Bachelor's,HR Specialist,9.9,21.9,Female,USA,Manufacturing,121373.86
58,Bachelor's,HR Specialist,18.5,43.1,Male,UK,Technology,140378.09
46,PhD,Sales Executive,16.6,41.5,Male,UK,Healthcare,193401.65
52,Master's,Data Analyst,18.5,47.0,Male,Germany,Finance,186656.74
31,High School,Sales Executive,7.0,38.7,Female,Canada,Finance,99151.55
40,Bachelor's,HR Specialist,7.2,48.0,Male,Germany,Healthcare,132914.53
49,Master's,Customer Support,21.6,32.8,Male,India,Retail,47247.26
36,High School,Customer Support,0.0,48.5,Male,Australia,Technology,98975.43
26,PhD,Sales Executive,0.3,37.0,Male,USA,Retail,155367.69
38,Bachelor's,Sales Executive,5.7,39.7,Male,USA,Retail,117156.66
36,Bachelor's,Sales Executive,5.7,37.6,Other,Germany,Healthcare,111235.06
34,Bachelor's,Data Analyst,7.2,20.0,Male,Canada,Retail,103586.28
24,High School,Data Analyst,6.0,43.1,Female,USA,Manufacturing,106667.16
29,Master's,Operations Manager,8.6,36.6,Female,India,Healthcare,64232.72
41,Master's,Sales Executive,11.7,39.9,Female,Canada,Manufacturing,127243.66
54,PhD,Software Engineer,7.2,44.2,Female,USA,Retail,185102.71
50,PhD,Financial Analyst,16.2,46.8,Female,Germany,Finance,209361.45
40,Bachelor's,HR Specialist,9.5,40.3,Male,UK,Manufacturing,120683.21
43,High School,Marketing Manager,14.0,49.7,Male,Canada,Finance,127064.83
45,Bachelor's,Financial Analyst,12.3,54.1,Male,USA,Manufacturing,171502.16
38,High School,Marketing Manager,11.6,35.6,Male,UK,Education,89298.95
53,Bachelor's,Sales Executive,17.8,34.2,Male,UK,Education,107880.99
39,Bachelor's,Financial Analyst,11.1,30.5,Male,India,Education,44694.39
34,High School,Financial Analyst,11.5,39.6,Female,Australia,Finance,128307.87
27,Master's,Sales Executive,5.2,42.6,Male,USA,Manufacturing,190888.06
49,Bachelor's,Mechanical Engineer,15.6,42.6,Female,Germany,Retail,95521.27
43,Master's,Sales Executive,16.9,36.4,Female,India,Retail,57200.07
36,Bachelor's,HR Specialist,12.1,56.0,Male,India,Education,35542.99
57,Master's,Operations Manager,18.3,39.6,Female,UK,Technology,176931.79
38,High School,Product Manager,17.7,39.3,Male,Germany,Manufacturing,88563.99
31,Master's,Operations Manager,13.0,38.3,Female,India,Technology,73732.1
37,Bachelor's,Marketing Manager,18.6,45.8,Male,UK,Healthcare,173613.68
37,Master's,Marketing Manager,14.6,28.1,Male,UK,Finance,205263.13
40,PhD,Financial Analyst,11.4,40.1,Female,UK,Technology,262007.1
47,Bachelor's,Customer Support,9.6,37.9,Male,USA,Education,112145.55
30,Master's,Product Manager,3.8,45.4,Female,Australia,Finance,228833.9
48,High School,Mechanical Engineer,14.9,44.6,Female,Canada,Healthcare,110052.21
37,Master's,Operations Manager,10.0,49.1,Male,Germany,Retail,111482.58
18,Bachelor's,Operations Manager,0.0,34.3,Female,Australia,Healthcare,118123.58
18,Bachelor's,Marketing Manager,0.0,42.0,Male,USA,Finance,178656.07
45,High School,Product Manager,9.6,38.4,Female,Germany,Healthcare,117936.84
42,High School,Sales Executive,14.1,39.7,Male,UK,Technology,96880.11
44,Bachelor's,Product Manager,17.4,35.7,Male,UK,Finance,187029.1
33,Master's,Product Manager,11.8,56.6,Male,Germany,Healthcare,216398.25
49,Master's,Mechanical Engineer,17.3,44.1,Female,USA,Finance,225946.54
30,High School,Marketing Manager,9.8,33.6,Female,Australia,Finance,113512.21
23,Bachelor's,Sales Executive,4.8,40.1,Male,Canada,Retail,102825.07
41,Bachelor's,Financial Analyst,15.5,42.8,Female,India,Finance,70466.69
45,Bachelor's,Mechanical Engineer,14.2,43.8,Male,India,Manufacturing,46089.23
28,Master's,Operations Manager,0.0,33.1,Female,UK,Healthcare,141293.88
49,Bachelor's,HR Specialist,22.0,52.2,Female,UK,Retail,111010.24
35,Bachelor's,HR Specialist,10.4,45.9,Female,India,Retail,43826.5
44,PhD,Mechanical Engineer,8.5,33.4,Male,Germany,Education,121239.16
34,Bachelor's,HR Specialist,8.4,44.2,Male,USA,Retail,120128.43
30,Bachelor's,Sales Executive,10.6,47.6,Male,UK,Education,112306.4
38,Bachelor's,Financial Analyst,19.9,31.0,Female,Canada,Technology,167979.34
28,Bachelor's,Product Manager,0.2,48.9,Male,India,Technology,75783.74
48,Bachelor's,Software Engineer,12.8,38.3,Male,India,Technology,60793.25
34,High School,Operations Manager,6.9,30.8,Male,USA,Manufacturing,105965.11
40,Bachelor's,Marketing Manager,7.3,45.0,Female,Australia,Education,107622.18
35,Master's,HR Specialist,4.8,37.3,Female,Canada,Education,89412.85
47,Bachelor's,Marketing Manager,12.3,35.8,Female,UK,Technology,162594.44
45,Master's,Marketing Manager,6.5,47.4,Male,Canada,Retail,132432.85
37,Master's,Operations Manager,15.8,42.9,Male,India,Retail,53184.42
39,Master's,Sales Executive,13.7,51.5,Male,Canada,Retail,116809.87
49,High School,Mechanical Engineer,13.2,34.9,Female,Germany,Retail,68723.82
45,Bachelor's,Sales Executive,13.8,49.9,Male,USA,Manufacturing,149132.71
29,Master's,Customer Support,0.0,36.0,Male,Germany,Finance,154542.94
39,Bachelor's,Mechanical Engineer,20.1,49.6,Male,USA,Technology,183342.31
46,Master's,Marketing Manager,14.1,40.2,Male,India,Education,58551.4
27,Bachelor's,HR Specialist,4.8,44.2,Female,USA,Finance,171797.8
26,Bachelor's,Financial Analyst,3.8,45.6,Female,UK,Healthcare,164024.01
47,Bachelor's,Product Manager,11.8,,Male,Canada,Retail,131260.43
41,PhD,Financial Analyst,12.6,54.5,Other,Germany,Retail,174565.43
38,Bachelor's,Operations Manager,8.7,40.4,Female,Germany,Education,89335.91
18,Bachelor's,Customer Support,0.0,46.6,Other,UK,Healthcare,110302.35
47,High School,Product Manager,11.5,40.5,Other,USA,Education,111870.48
31,Bachelor's,Data Analyst,4.9,35.1,Male,UK,Technology,165446.93
59,Master's,HR Specialist,17.7,37.6,Other,USA,Finance,205742.45
29,Master's,Data Analyst,11.0,35.4,Male,Canada,Retail,122115.89
29,High School,Mechanical Engineer,11.0,45.8,Female,UK,Retail,98044.41
25,Bachelor's,Software Engineer,0.0,43.1,Female,Germany,Manufacturing,112897.07
51,Master's,Customer Support,18.5,45.1,Male,UK,Finance,171542.25
41,Master's,Operations Manager,1.4,55.6,Male,UK,Retail,128699.82
42,Bachelor's,Product Manager,10.0,40.9,Other,Canada,Education,94581.99
33,PhD,Customer Support,10.9,33.7,Male,Germany,Healthcare,162249.68
26,Master's,Financial Analyst,2.6,49.3,Female,USA,Retail,164953.13
34,PhD,Product Manager,5.3,35.0,Female,Germany,Manufacturing,168248.11
35,PhD,Customer Support,5.7,37.5,Male,USA,Healthcare,194604.12
29,Bachelor's,Customer Support,9.4,49.1,Male,UK,Finance,136211.47
33,High School,Operations Manager,6.9,40.7,Male,Australia,Healthcare,106668.6
18,Master's,Customer Support,0.0,47.4,Female,Australia,Manufacturing,108931.7
21,High School,Customer Support,1.2,40.1,Male,USA,Healthcare,99772.65
42,Bachelor's,Financial Analyst,12.1,30.4,Male,UK,Education,124782.4
21,Master's,Marketing Manager,3.0,41.1,Male,Germany,Technology,177645.68
27,Master's,HR Specialist,9.0,52.1,Male,USA,Finance,260135.59
18,PhD,Financial Analyst,0.0,48.4,Male,USA,Healthcare,233709.27
46,Master's,Product Manager,13.2,54.0,Female,Australia,Manufacturing,147264.06
33,Bachelor's,Mechanical Engineer,1.1,38.1,Male,Canada,Finance,141591.2
46,High School,Financial Analyst,8.3,44.9,Male,UK,Finance,136742.7
44,Bachelor's,Marketing Manager,13.0,35.9,Female,India,Education,47966.34
47,Master's,Financial Analyst,19.7,38.9,Male,USA,Healthcare,199349.07
46,High School,Data Analyst,14.4,44.1,Female,Canada,Retail,80189.23
20,High School,Marketing Manager,2.0,25.0,Male,Germany,Technology,99611.13
22,Bachelor's,Operations Manager,4.0,34.8,Female,USA,Technology,174667.29
21,PhD,Product Manager,3.0,46.1,Female,Germany,Technology,223598.32
53,High School,Financial Analyst,17.5,39.9,Male,UK,Technology,144364.5
52,Bachelor's,Data Analyst,12.9,34.3,Female,Australia,Manufacturing,123838.42
37,Bachelor's,Data Analyst,5.2,52.8,Male,Canada,Education,106288.06
42,Bachelor's,Mechanical Engineer,8.8,30.3,Female,Canada,Technology,147020.84
45,Bachelor's,Financial Analyst,11.2,42.8,Other,Germany,Finance,171386.57
33,Bachelor's,HR Specialist,2.2,45.1,Female,Canada,Manufacturing,89098.24
32,Bachelor's,Software Engineer,9.5,42.9,Male,UK,Manufacturing,144784.59
45,Bachelor's,Data Analyst,13.0,51.4,Female,USA,Finance,184411.06
38,Master's,Data Analyst,14.4,43.2,Male,UK,Manufacturing,149329.55
36,PhD,Customer Support,10.7,39.0,Female,USA,Retail,136885.01
41,High School,Mechanical Engineer,11.1,40.1,Female,Australia,Education,88286.75
29,Master's,Financial Analyst,2.3,47.2,Male,USA,Finance,227843.91
40,Bachelor's,Sales Executive,14.6,40.6,Female,Germany,Retail,90109.97
18,Bachelor's,Marketing Manager,0.0,33.7,Male,UK,Retail,110025.66
35,High School,Financial Analyst,12.2,48.8,Female,India,Healthcare,42484.44
35,High School,Product Manager,5.3,43.2,Female,Australia,Education,93754.59
32,Bachelor's,Software Engineer,4.6,44.0,Male,India,Technology,65336.41
34,High School,Product Manager,3.8,41.4,Female,USA,Education,106877.54
52,High School,Mechanical Engineer,16.0,33.3,Female,Germany,Finance,108830.07
31,High School,Product Manager,13.0,45.2,Female,Australia,Education,93754.3
39,Master's,Software Engineer,15.6,55.3,Female,Canada,Retail,170446.44
28,Bachelor's,HR Specialist,3.8,39.2,Female,Canada,Retail,102096.98
44,High School,Mechanical Engineer,13.3,48.5,Male,USA,Finance,148083.89
29,Bachelor's,Sales Executive,7.5,53.8,Male,USA,Manufacturing,153835.99
50,Bachelor's,Sales Executive,12.2,39.7,Female,USA,Manufacturing,128979.94
46,High School,Sales Executive,12.1,36.7,Female,USA,Manufacturing,114319.39
37,Bachelor's,Customer Support,10.5,43.9,Other,Canada,Education,90437.22
31,Master's,Product Manager,12.0,53.7,Female,Canada,Healthcare,226131.93
49,Bachelor's,Mechanical Engineer,16.2,35.9,Other,USA,Healthcare,189490.77
28,Bachelor's,Mechanical Engineer,6.2,45.2,Female,Germany,Technology,139095.57
32,Bachelor's,Operations Manager,7.7,,Female,India,Healthcare,56435.38
37,Master's,Data Analyst,13.8,37.6,Male,UK,Technology,191548.09
37,Bachelor's,Marketing Manager,6.7,49.6,Male,UK,Finance,167975.91
37,Bachelor's,Customer Support,11.7,43.0,Female,USA,Retail,103515.12
25,Bachelor's,HR Specialist,4.8,48.6,Male,USA,Finance,146840.48
43,Master's,Data Analyst,14.3,37.0,Female,Germany,Education,127150.85
29,Bachelor's,Product Manager,0.6,33.1,Male,UK,Finance,169497.52
56,Master's,Customer Support,24.5,41.1,Female,USA,Manufacturing,160394.55
51,Master's,Data Analyst,15.3,43.3,Male,Germany,Manufacturing,143212.09
37,Bachelor's,Data Analyst,4.9,46.9,Female,Germany,Retail,107165.06
44,Bachelor's,Data Analyst,12.4,36.3,Male,USA,Retail,150434.81
27,High School,Mechanical Engineer,0.1,44.7,Female,Germany,Technology,106032.07
44,PhD,Customer Support,18.9,48.5,Male,India,Manufacturing,67164.91
48,Bachelor's,Sales Executive,16.1,44.1,Female,Canada,Healthcare,130897.76
37,Bachelor's,Marketing Manager,7.9,40.5,Male,UK,Education,115837.68
48,Master's,HR Specialist,11.7,33.4,Male,USA,Finance,191270.61
29,Master's,Product Manager,5.0,42.5,Male,Germany,Healthcare,181517.6
31,Master's,Product Manager,4.4,40.4,Female,India,Manufacturing,72416.17
33,Master's,Financial Analyst,5.9,56.8,Female,India,Technology,93720.82
24,Bachelor's,Marketing Manager,0.0,60.5,Female,USA,Healthcare,167763.32
40,PhD,Data Analyst,9.0,45.9,Female,Germany,Retail,136495.96
38,Bachelor's,Data Analyst,8.3,52.3,Female,India,Technology,69305.53
46,High School,Sales Executive,12.8,33.2,Male,UK,Education,68692.21
49,Master's,Sales Executive,12.2,42.9,Female,USA,Retail,118334.62
39,High School,Product Manager,9.2,53.2,Male,India,Technology,61093.6
43,Bachelor's,HR Specialist,12.5,33.3,Female,Germany,Technology,161178.27
26,High School,Financial Analyst,5.9,42.2,Male,India,Education,32662.19
27,Master's,Product Manager,1.7,37.1,Female,Australia,Education,115281.56
24,Master's,HR Specialist,4.0,36.5,Male,Germany,Manufacturing,111250.22
29,PhD,Mechanical Engineer,2.8,32.4,Male,India,Retail,49304.09
43,Master's,Customer Support,4.5,37.4,Female,UK,Finance,133078.74
37,Bachelor's,Mechanical Engineer,12.9,47.0,Male,Australia,Retail,119270.66
54,Bachelor's,Data Analyst,26.4,41.9,Male,Germany,Finance,154732.41
46,High School,Operations Manager,14.2,44.0,Female,USA,Healthcare,146940.37
19,PhD,Sales Executive,1.0,38.9,Male,USA,Technology,211539.99
44,Master's,Customer Support,15.9,39.2,Female,Germany,Manufacturing,117978.98
62,High School,Financial Analyst,20.6,44.1,Female,India,Education,38815.26
45,Bachelor's,Marketing Manager,14.2,34.3,Male,USA,Education,122730.88
39,Bachelor's,Data Analyst,18.1,43.0,Male,Australia,Manufacturing,109684.69
24,Bachelor's,Marketing Manager,3.7,53.4,Female,Germany,Manufacturing,134655.49
42,Bachelor's,Marketing Manager,17.9,44.5,Male,Canada,Finance,162481.74
50,PhD,Mechanical Engineer,12.9,42.5,Female,UK,Retail,166034.08
34,High School,HR Specialist,1.2,57.4,Female,Canada,Finance,112062.24
41,Master's,Data Analyst,8.5,33.3,Female,Germany,Manufacturing,145899.38
35,High School,Software Engineer,11.0,46.3,Female,UK,Healthcare,123952.56
32,Master's,Marketing Manager,6.3,43.4,Male,USA,Education,159103.62
36,Bachelor's,Operations Manager,8.4,46.6,Female,India,Manufacturing,43111.79
38,Bachelor's,Mechanical Engineer,14.3,37.6,Male,USA,Healthcare,168300.4
37,Master's,Mechanical Engineer,16.6,44.7,Female,Australia,Finance,201721.93
30,Bachelor's,HR Specialist,9.4,34.3,Male,Germany,Technology,141428.35
46,High School,Customer Support,9.3,31.5,Male,Australia,Manufacturing,82520.43
32,Bachelor's,Software Engineer,8.2,42.4,Male,Germany,Retail,118623.16
48,High School,Mechanical Engineer,14.5,45.8,Female,India,Education,31575.35
57,Master's,Mechanical Engineer,22.3,39.3,Male,India,Education,51860.98
51,Bachelor's,Product Manager,16.3,50.7,Male,Germany,Technology,186196.09
28,High School,Marketing Manager,2.3,34.7,Male,India,Technology,46735.42
57,High School,Customer Support,23.6,51.3,Female,Germany,Education,75774.16
56,Bachelor's,Customer Support,24.1,39.4,Other,India,Technology,59706.95
22,PhD,Operations Manager,1.9,44.8,Female,UK,Finance,184353.28
61,Bachelor's,Marketing Manager,19.7,39.8,Female,India,Healthcare,61404.38
33,High School,Financial Analyst,3.6,45.2,Female,Canada,Finance,118767.21
45,PhD,Software Engineer,9.7,54.2,Male,Australia,Education,170552.29
32,High School,Marketing Manager,2.8,44.7,Male,USA,Education,92019.4
33,Bachelor's,Product Manager,11.6,42.1,Female,USA,Education,150048.3
50,Master's,Mechanical Engineer,13.5,20.0,Female,India,Technology,64328.71
31,Bachelor's,HR Specialist,9.0,51.0,Female,Germany,Manufacturing,86080.05
47,PhD,Customer Support,20.9,47.7,Female,Australia,Education,141482.3
42,Bachelor's,Marketing Manager,11.9,46.3,Male,Canada,Technology,192960.49
34,Bachelor's,Financial Analyst,7.7,27.7,Other,Canada,Finance,158340.74
28,Bachelor's,Customer Support,4.4,54.7,Male,India,Technology,57142.81
30,Bachelor's,Operations Manager,1.7,42.3,Male,USA,Retail,137859.65
24,Bachelor's,HR Specialist,6.0,39.8,Female,Germany,Technology,133668.97
24,High School,Product Manager,3.4,21.9,Male,USA,Healthcare,142851.65
41,Bachelor's,Product Manager,10.7,36.7,Female,UK,Retail,146945.29
45,PhD,Marketing Manager,11.5,56.2,Male,Germany,Manufacturing,198385.04
48,High School,HR Specialist,14.6,38.8,Male,Canada,Healthcare,95429.71
54,Bachelor's,Data Analyst,22.7,37.4,Male,UK,Technology,189936.18
32,Master's,Financial Analyst,0.8,33.9,Other,UK,Healthcare,148857.76
40,Bachelor's,Sales Executive,8.8,20.8,Female,Canada,Education,85367.49
47,Master's,Marketing Manager,11.6,38.4,Female,Australia,Manufacturing,159385.76
38,Bachelor's,Software Engineer,8.6,40.2,Female,India,Education,48538.85
41,Bachelor's,Customer Support,8.3,42.3,Other,Australia,Manufacturing,114833.71
37,High School,Operations Manager,5.4,50.3,Female,UK,Manufacturing,100821.4
44,PhD,Product Manager,18.1,42.9,Female,UK,Retail,170757.37
32,Bachelor's,Customer Support,7.1,48.1,Male,UK,Manufacturing,113682.54
42,Master's,Operations Manager,15.6,20.0,Male,UK,Finance,177781.75
32,Bachelor's,Software Engineer,4.3,29.8,Female,UK,Technology,176661.19
54,PhD,Marketing Manager,16.3,51.5,Female,Germany,Technology,237767.33
44,High School,Product Manager,15.7,27.5,Female,UK,Manufacturing,108181.49
48,High School,Customer Support,18.0,41.8,Female,Germany,Education,59979.55
43,Bachelor's,Marketing Manager,15.1,47.3,Male,USA,Manufacturing,157160.98
55,Bachelor's,Software Engineer,15.0,50.1,Male,Germany,Technology,198538.3
58,PhD,Data Analyst,22.4,51.4,Other,Canada,Education,165564.81
26,Bachelor's,Operations Manager,7.1,40.3,Male,Australia,Education,99582.14
22,Bachelor's,Sales Executive,0.0,39.3,Female,Canada,Technology,116969.25
42,PhD,Mechanical Engineer,11.1,46.9,Female,UK,Retail,162339.24
44,High School,Financial Analyst,11.1,48.7,Male,Australia,Manufacturing,114046.64
38,PhD,HR Specialist,0.0,46.9,Male,USA,Manufacturing,190583.39
51,Bachelor's,Product Manager,17.7,46.5,Male,USA,Finance,220959.3
55,Bachelor's,Customer Support,21.1,24.7,Male,Canada,Retail,97837.75
54,PhD,Software Engineer,21.4,43.5,Male,USA,Manufacturing,271287.78
53,Bachelor's,Product Manager,19.9,47.4,Male,UK,Finance,202396.98
22,Master's,Product Manager,1.7,,Male,Canada,Education,133601.75
56,Bachelor's,Software Engineer,12.7,34.7,Male,India,Healthcare,59936.94
55,High School,Sales Executive,17.1,48.3,Male,USA,Healthcare,124687.71
34,Bachelor's,Sales Executive,11.2,45.7,Male,UK,Finance,153759.38
35,High School,Software Engineer,5.4,48.9,Female,Germany,Finance,124102.07
32,Master's,Sales Executive,0.8,34.3,Male,Germany,Healthcare,145835.41
26,Bachelor's,Sales Executive,3.4,59.1,Male,Germany,Retail,104091.49
46,PhD,Data Analyst,13.6,43.1,Female,India,Education,59526.31
23,High School,Customer Support,1.8,21.8,Female,Australia,Education,59632.58
19,Bachelor's,Sales Executive,0.0,37.6,Female,UK,Manufacturing,99532.58
27,Bachelor's,Customer Support,3.6,31.4,Female,Australia,Finance,113507.32
59,Master's,HR Specialist,17.6,49.9,Male,Australia,Retail,108060.25
26,High School,Financial Analyst,5.7,38.2,Male,Germany,Healthcare,94775.7
36,High School,Software Engineer,1.2,57.1,Female,Germany,Technology,128912.61
48,Master's,Financial Analyst,12.4,51.9,Female,Germany,Finance,183392.59
34,High School,Mechanical Engineer,13.6,35.9,Male,USA,Technology,134273.24
35,Bachelor's,Customer Support,4.9,40.1,Female,India,Finance,50246.02
36,Bachelor's,Financial Analyst,6.4,55.2,Male,Germany,Manufacturing,127637.05
30,Bachelor's,Software Engineer,0.0,48.8,Male,Germany,Technology,146536.28
50,Master's,Financial Analyst,13.3,30.5,Female,UK,Education,129085.63
47,High School,Mechanical Engineer,17.7,37.6,Female,India,Technology,51212.09
18,PhD,Marketing Manager,0.0,60.0,Female,USA,Healthcare,231047.52
20,PhD,Mechanical Engineer,0.0,42.3,Male,USA,Education,142049.0
42,PhD,Operations Manager,12.1,37.5,Female,USA,Retail,184341.44
25,PhD,Mechanical Engineer,7.0,35.0,Female,USA,Education,181309.04
39,PhD,Customer Support,3.8,49.5,Female,Germany,Healthcare,155716.76
37,Master's,Operations Manager,15.0,34.8,Female,Australia,Technology,184947.92
42,Master's,Data Analyst,9.4,,Male,Canada,Retail,115445.04
24,Master's,Software Engineer,5.5,42.3,Male,Germany,Retail,138046.87
38,PhD,Marketing Manager,5.8,38.1,Female,UK,Finance,250424.93
41,High School,Operations Manager,11.4,36.5,Male,UK,Retail,84994.75
45,High School,Customer Support,15.6,39.4,Female,Australia,Manufacturing,77113.99
35,Bachelor's,Financial Analyst,12.1,28.0,Female,Canada,Technology,177515.36
40,Master's,Operations Manager,9.9,38.1,Male,India,Manufacturing,56578.44
52,PhD,Product Manager,18.7,38.9,Female,USA,Manufacturing,277048.56
32,PhD,Data Analyst,7.2,46.2,Female,Canada,Technology,217657.34
35,High School,Software Engineer,11.6,42.0,Female,Canada,Healthcare,118838.09
18,Master's,Operations Manager,0.0,41.8,Male,UK,Technology,168705.27
22,Bachelor's,HR Specialist,2.9,47.7,Male,USA,Technology,195938.47
43,High School,Sales Executive,12.9,49.3,Female,UK,Healthcare,127379.58
39,High School,Customer Support,12.6,49.8,Female,UK,Finance,114959.96
52,High School,Mechanical Engineer,28.6,48.1,Male,India,Retail,41763.5
55,Master's,HR Specialist,11.0,47.8,Female,Australia,Technology,172466.67
29,Bachelor's,Operations Manager,9.4,39.1,Male,India,Healthcare,57409.82
39,High School,Product Manager,6.2,37.6,Other,India,Manufacturing,45252.5
25,High School,HR Specialist,7.0,46.2,Female,USA,Healthcare,121684.6
27,Bachelor's,Sales Executive,1.6,36.6,Male,Germany,Education,85864.65
47,PhD,Operations Manager,19.2,43.0,Female,UK,Retail,163044.93
26,Master's,Data Analyst,8.0,47.3,Male,USA,Manufacturing,184540.43
28,Master's,Product Manager,4.0,39.7,Female,Germany,Healthcare,170922.36
28,Bachelor's,Software Engineer,3.9,41.4,Female,Australia,Finance,186875.48
31,Master's,Data Analyst,9.3,48.7,Female,USA,Healthcare,233353.87
33,High School,Software Engineer,5.8,51.8,Male,India,Education,38009.41
40,Bachelor's,Mechanical Engineer,11.1,57.1,Female,Australia,Technology,159737.42
47,Master's,Marketing Manager,12.3,58.0,Male,UK,Finance,200564.81
38,Master's,Operations Manager,16.8,42.6,Female,Canada,Education,134202.05
44,Master's,Sales Executive,12.8,41.6,Female,Canada,Healthcare,174398.39
42,Master's,Product Manager,17.2,32.0,Male,India,Manufacturing,71512.63
35,Bachelor's,Data Analyst,16.1,42.9,Female,Australia,Finance,164339.17
30,High School,HR Specialist,7.3,43.4,Female,UK,Technology,114529.31
45,Bachelor's,HR Specialist,19.5,40.2,Male,Germany,Technology,138592.02
41,Master's,HR Specialist,5.0,26.1,Female,Australia,Retail,122925.17
29,High School,Financial Analyst,11.0,60.0,Male,USA,Technology,169252.34
36,Bachelor's,Product Manager,11.2,36.2,Male,UK,Manufacturing,139943.32
53,Bachelor's,HR Specialist,30.1,36.0,Male,India,Finance,67858.84
49,Master's,Sales Executive,15.7,36.7,Male,Germany,Manufacturing,121166.56
45,High School,HR Specialist,8.3,38.8,Female,Australia,Healthcare,103921.93
46,Bachelor's,HR Specialist,17.6,39.9,Male,Germany,Education,74341.09
48,Master's,Mechanical Engineer,17.8,48.4,Female,India,Healthcare,67990.87
43,Bachelor's,Operations Manager,16.4,44.8,Female,India,Healthcare,58905.03
45,High School,Customer Support,12.8,37.3,Female,Canada,Retail,79875.55
44,Bachelor's,Financial Analyst,10.6,37.8,Female,USA,Finance,194952.68
33,Bachelor's,Product Manager,6.5,38.4,Male,India,Education,43462.58
45,High School,Sales Executive,6.7,56.1,Female,Canada,Manufacturing,93315.14
56,Bachelor's,Product Manager,22.8,36.6,Female,Canada,Finance,184811.95
18,Master's,Customer Support,0.0,45.8,Other,Canada,Manufacturing,109217.52
60,Bachelor's,Customer Support,21.5,52.8,Female,India,Technology,64024.35
35,High School,Data Analyst,8.6,45.2,Female,Australia,Manufacturing,100836.91
37,Master's,Marketing Manager,7.8,41.4,Male,India,Finance,79482.03
18,Bachelor's,Operations Manager,0.0,48.2,Female,USA,Manufacturing,115722.56
32,Bachelor's,Product Manager,13.3,46.6,Female,Canada,Healthcare,152719.75
38,Master's,Sales Executive,15.6,47.0,Male,UK,Retail,135987.38
28,High School,Mechanical Engineer,3.4,49.0,Male,Germany,Education,76246.01
37,Bachelor's,Operations Manager,7.5,48.6,Female,USA,Technology,210883.89
39,Master's,Financial Analyst,12.8,35.9,Female,Germany,Education,126573.29
40,High School,HR Specialist,9.3,38.3,Male,USA,Finance,121688.88
25,Bachelor's,Operations Manager,4.1,53.2,Female,India,Education,33640.52
45,Bachelor's,Sales Executive,7.3,42.3,Female,UK,Finance,135051.46
32,Bachelor's,Operations Manager,3.2,30.8,Female,Germany,Technology,147707.33
41,Bachelor's,Data Analyst,15.7,36.3,Female,Canada,Education,108323.04
44,High School,Marketing Manager,13.6,46.3,Male,India,Finance,56054.77
47,High School,Operations Manager,17.4,44.4,Female,UK,Healthcare,120820.94
29,Master's,Software Engineer,6.7,39.1,Female,Australia,Retail,143110.62
21,Master's,HR Specialist,3.0,28.2,Female,UK,Education,95935.29
47,PhD,HR Specialist,21.0,55.2,Female,UK,Education,144728.49
47,Bachelor's,Customer Support,26.7,41.7,Female,Australia,Manufacturing,137193.37
19,Bachelor's,Sales Executive,0.0,44.3,Male,Canada,Finance,124830.64
46,Bachelor's,Customer Support,7.0,49.7,Female,USA,Education,105532.5
47,Bachelor's,Mechanical Engineer,12.7,31.4,Male,UK,Finance,168593.52
34,High School,Customer Support,10.3,43.4,Female,Germany,Education,65975.58
45,High School,HR Specialist,11.2,51.7,Male,Canada,Education,77198.81
30,Master's,Operations Manager,0.0,49.9,Female,Germany,Education,112518.84
34,PhD,Sales Executive,4.1,40.9,Female,India,Retail,51844.75
34,High School,Financial Analyst,4.8,45.1,Male,UK,Finance,134136.19
39,PhD,Financial Analyst,0.0,39.8,Female,India,Manufacturing,61852.02
19,Master's,Data Analyst,1.0,39.1,Female,UK,Education,124518.23
31,Bachelor's,Marketing Manager,8.0,52.8,Female,USA,Manufacturing,150034.48
34,Bachelor's,Sales Executive,6.0,36.1,Female,Canada,Manufacturing,107448.91
49,Master's,HR Specialist,13.0,47.2,Female,Canada,Education,108401.94
36,Master's,Operations Manager,14.1,42.9,Male,India,Finance,73017.35
34,PhD,Marketing Manager,4.2,38.0,Female,Germany,Finance,178591.58
48,High School,Mechanical Engineer,15.4,34.8,Male,UK,Education,79693.09
38,Bachelor's,Software Engineer,17.1,54.6,Female,Germany,Retail,140690.56
46,High School,Data Analyst,8.4,51.4,Female,USA,Manufacturing,115098.12
37,PhD,Marketing Manager,8.0,38.5,Female,UK,Manufacturing,175677.35
27,Master's,Software Engineer,2.6,36.9,Male,UK,Retail,146859.48
44,Bachelor's,Customer Support,16.6,45.6,Female,Germany,Manufacturing,102943.78
38,Bachelor's,Data Analyst,6.8,51.9,Male,Germany,Education,109006.24
30,Bachelor's,Product Manager,5.0,35.8,Male,USA,Education,121585.89
41,Bachelor's,Product Manager,12.3,49.6,Female,India,Finance,78856.67
34,Bachelor's,Marketing Manager,8.7,43.7,Male,Australia,Manufacturing,143734.9
48,Bachelor's,Operations Manager,12.4,42.2,Female,Germany,Retail,112935.17
48,Master's,Financial Analyst,12.5,43.4,Female,Australia,Retail,155563.58
24,Bachelor's,Operations Manager,1.1,50.6,Male,Canada,Retail,94905.47
26,High School,Operations Manager,2.8,53.0,Female,UK,Technology,121655.37
18,High School,Mechanical Engineer,0.0,25.2,Male,UK,Finance,103268.83
33,High School,Financial Analyst,7.0,49.6,Male,India,Manufacturing,43761.11
31,High School,Product Manager,8.1,40.4,Male,Germany,Manufacturing,120610.83
19,High School,Sales Executive,0.0,44.2,Male,India,Retail,25476.99
29,Bachelor's,Financial Analyst,7.7,23.4,Female,Germany,Retail,103621.87
55,Bachelor's,Mechanical Engineer,17.2,48.8,Male,UK,Manufacturing,130089.88
42,Bachelor's,Operations Manager,6.8,39.3,Male,Germany,Healthcare,131418.69
37,High School,Sales Executive,5.5,46.2,Female,Australia,Healthcare,89454.65
30,Bachelor's,Operations Manager,6.1,54.8,Other,USA,Technology,223137.86
24,Bachelor's,Mechanical Engineer,5.2,43.8,Female,Canada,Technology,138535.32
48,Bachelor's,Software Engineer,14.1,44.2,Female,Australia,Finance,203031.82
48,High School,Sales Executive,8.6,42.3,Male,UK,Retail,82673.0
37,Bachelor's,Software Engineer,4.7,56.8,Male,Germany,Retail,118405.27
39,High School,Mechanical Engineer,6.9,48.9,Male,Germany,Finance,99489.35
30,High School,Sales Executive,7.6,44.3,Male,USA,Technology,139766.04
35,High School,Data Analyst,9.4,51.9,Female,Germany,Finance,115650.47
39,PhD,Customer Support,8.0,37.8,Male,Canada,Manufacturing,145386.12
45,Bachelor's,Data Analyst,6.5,40.3,Male,Germany,Retail,103622.04
33,Master's,Product Manager,6.0,29.9,Male,UK,Finance,210538.79
35,PhD,Data Analyst,8.7,23.0,Female,Germany,Technology,192023.11
49,Bachelor's,HR Specialist,13.9,29.2,Female,India,Finance,53363.9
44,High School,Sales Executive,17.6,45.5,Female,Australia,Technology,128071.26
51,Bachelor's,Marketing Manager,17.0,50.7,Male,UK,Finance,184892.09
33,PhD,Operations Manager,3.8,45.1,Male,Germany,Technology,191339.44
65,Bachelor's,Software Engineer,21.6,41.6,Male,UK,Technology,181747.74
30,Master's,Mechanical Engineer,1.6,40.1,Male,Australia,Manufacturing,150938.38
36,Master's,Customer Support,14.4,29.3,Male,Germany,Technology,133108.93
30,Bachelor's,Customer Support,7.0,51.7,Female,Germany,Education,80289.14
39,PhD,Mechanical Engineer,6.1,37.3,Male,USA,Technology,238797.83
36,Bachelor's,Marketing Manager,13.3,23.7,Female,Germany,Education,101929.48
65,Master's,Operations Manager,28.4,55.8,Female,Germany,Retail,154649.03
43,High School,Software Engineer,13.6,52.2,Female,USA,Healthcare,160047.76
36,Bachelor's,Software Engineer,6.9,49.2,Male,Canada,Retail,117794.81
43,Bachelor's,Data Analyst,19.7,41.8,Male,Canada,Healthcare,121253.31
64,High School,Data Analyst,24.0,35.3,Female,UK,Technology,148889.44
43,Master's,Marketing Manager,21.0,45.0,Male,Canada,Retail,142602.6
42,Bachelor's,Financial Analyst,20.8,46.9,Male,UK,Manufacturing,143460.47
57,High School,Sales Executive,17.3,51.4,Male,Canada,Technology,121528.02
44,Bachelor's,Software Engineer,8.5,36.9,Male,Canada,Manufacturing,122206.07
49,Master's,Financial Analyst,13.5,43.4,Male,UK,Healthcare,191423.0
27,Bachelor's,HR Specialist,0.9,58.5,Female,India,Education,35885.56
44,High School,Mechanical Engineer,11.6,38.9,Female,Germany,Education,85167.74
45,Master's,Financial Analyst,13.5,57.1,Male,Australia,Retail,160297.47
63,High School,HR Specialist,23.0,29.9,Male,USA,Healthcare,118395.76
44,High School,Marketing Manager,11.4,54.5,Male,USA,Healthcare,132331.38
37,Bachelor's,Mechanical Engineer,9.2,25.2,Female,USA,Finance,140206.88
31,High School,Software Engineer,11.7,51.4,Other,Germany,Healthcare,129992.29
44,High School,Software Engineer,21.7,42.9,Male,India,Healthcare,52357.0
41,PhD,Software Engineer,12.9,43.7,Female,Germany,Education,159158.32
42,High School,Product Manager,12.5,46.6,Male,UK,Healthcare,129439.0
50,High School,HR Specialist,16.2,55.7,Male,UK,Retail,81038.97
40,High School,Financial Analyst,12.8,54.1,Female,India,Retail,38215.15
18,Bachelor's,Marketing Manager,0.0,28.6,Male,Germany,Technology,145557.29
37,High School,Data Analyst,6.9,41.9,Male,Germany,Technology,133563.21
37,Master's,Financial Analyst,17.2,64.7,Male,India,Healthcare,83563.29
26,Master's,HR Specialist,3.6,39.7,Other,Australia,Education,97783.27
56,PhD,Product Manager,20.9,39.1,Male,Canada,Education,164846.3
34,Bachelor's,HR Specialist,5.2,47.7,Male,USA,Retail,101616.36
26,Master's,Mechanical Engineer,0.0,32.4,Female,UK,Manufacturing,152284.82
39,Bachelor's,Product Manager,12.0,50.3,Male,Germany,Retail,131076.6
41,PhD,Product Manager,3.5,39.1,Female,UK,Manufacturing,198936.82
36,Bachelor's,Data Analyst,8.7,48.6,Male,Australia,Manufacturing,133230.98
45,Master's,Data Analyst,9.2,40.8,Male,India,Education,48998.33
43,Bachelor's,Operations Manager,19.8,38.1,Female,Germany,Retail,107107.46
50,Master's,Customer Support,13.3,52.5,Female,Australia,Manufacturing,148853.84
35,Bachelor's,Mechanical Engineer,3.7,40.6,Female,Germany,Manufacturing,90752.26
36,Bachelor's,Customer Support,5.9,38.9,Male,Australia,Education,91116.18
41,Bachelor's,Customer Support,1.8,49.1,Male,USA,Finance,160910.79
28,High School,Sales Executive,3.8,42.3,Female,UK,Retail,95147.54
27,Bachelor's,Operations Manager,0.0,54.8,Male,Canada,Healthcare,133707.5
47,Bachelor's,Sales Executive,16.7,37.9,Male,UK,Manufacturing,130164.99
42,Bachelor's,Data Analyst,13.7,40.7,Male,USA,Finance,178572.49
58,High School,Product Manager,21.1,37.9,Male,UK,Technology,143196.92
27,Master's,Product Manager,6.4,40.2,Male,UK,Education,132291.45
48,Master's,Marketing Manager,13.5,46.1,Male,Australia,Finance,231201.09
27,High School,Marketing Manager,9.0,49.7,Male,Germany,Finance,117694.56
28,Master's,Operations Manager,0.0,51.6,Male,UK,Education,117407.35
35,Master's,Financial Analyst,10.7,40.6,Male,UK,Education,133304.55
29,High School,Operations Manager,7.7,37.4,Male,USA,Retail,90549.44
37,Bachelor's,Financial Analyst,7.7,41.5,Female,India,Finance,63085.6
25,High School,Data Analyst,0.4,37.9,Male,Germany,Technology,112941.61
55,Bachelor's,Product Manager,21.1,34.1,Female,USA,Healthcare,181711.15
43,Bachelor's,Sales Executive,13.7,53.7,Female,Canada,Technology,162636.62
18,Bachelor's,HR Specialist,0.0,32.4,Female,USA,Education,98909.02
24,Bachelor's,Financial Analyst,5.5,41.7,Male,India,Retail,49771.69
27,PhD,Mechanical Engineer,7.2,50.1,Female,USA,Healthcare,237806.29
37,Bachelor's,Operations Manager,6.6,52.2,Female,Australia,Technology,152144.13
24,Bachelor's,Financial Analyst,0.0,49.8,Male,Australia,Healthcare,141570.98
38,Master's,Operations Manager,9.9,47.1,Female,India,Retail,46362.08
37,Bachelor's,Mechanical Engineer,10.9,22.6,Female,Australia,Retail,115646.53
27,Master's,Mechanical Engineer,1.7,35.9,Male,Australia,Finance,162999.54
47,Bachelor's,Customer Support,18.8,47.0,Male,Germany,Healthcare,113004.61
34,Bachelor's,Operations Manager,6.9,36.4,Female,UK,Retail,101445.68
30,Master's,HR Specialist,3.4,42.0,Male,USA,Technology,198517.37
38,Bachelor's,Financial Analyst,4.4,42.7,Male,Germany,Finance,128208.07
38,High School,Mechanical Engineer,12.6,49.1,Male,Australia,Manufacturing,95885.36
33,Master's,Operations Manager,8.4,43.1,Male,Germany,Finance,192192.64
31,Master's,Customer Support,12.7,36.6,Male,USA,Retail,135927.34
31,Bachelor's,Sales Executive,7.2,41.2,Other,Canada,Manufacturing,108389.09
18,Bachelor's,HR Specialist,0.0,40.5,Male,Germany,Manufacturing,83288.82
45,Bachelor's,Data Analyst,16.6,48.2,Female,Australia,Manufacturing,138412.49
39,Bachelor's,Financial Analyst,8.4,28.3,Male,UK,Education,112776.71
40,Bachelor's,Marketing Manager,10.3,34.9,Male,Australia,Retail,108215.83
49,High School,Sales Executive,13.9,52.6,Female,UK,Healthcare,125528.86
37,Master's,HR Specialist,6.3,37.6,Male,India,Retail,46946.47
51,Bachelor's,Customer Support,18.4,41.2,Male,UK,Healthcare,139315.08
53,High School,Data Analyst,14.5,43.6,Male,Australia,Manufacturing,94759.29
52,Bachelor's,Data Analyst,19.1,42.3,Male,UK,Technology,169563.75
42,Bachelor's,Customer Support,21.6,35.5,Male,India,Healthcare,46563.62
42,High School,Customer Support,10.0,49.9,Female,Germany,Finance,92988.7
42,Master's,Mechanical Engineer,8.0,38.3,Other,Canada,Healthcare,166651.5
29,Bachelor's,Mechanical Engineer,6.5,59.1,Female,Germany,Manufacturing,139611.71
42,Bachelor's,Operations Manager,10.8,43.9,Female,Germany,Manufacturing,112495.91
31,Bachelor's,Marketing Manager,10.3,45.8,Female,Australia,Retail,112063.46
26,High School,Data Analyst,2.6,35.5,Male,UK,Retail,86784.74
38,Bachelor's,Sales Executive,6.6,43.3,Male,Australia,Retail,104841.38
25,High School,Mechanical Engineer,0.0,29.7,Male,India,Manufacturing,29856.56
44,Master's,Software Engineer,14.2,,Male,USA,Retail,177892.46
40,Bachelor's,Data Analyst,16.8,38.7,Male,Australia,Healthcare,150687.87
37,Master's,Customer Support,15.1,40.7,Male,India,Technology,60257.88
18,Bachelor's,Operations Manager,0.0,52.3,Female,Germany,Manufacturing,100592.62
26,Master's,HR Specialist,8.0,36.6,Female,Germany,Education,102118.03
22,Master's,Customer Support,4.0,20.0,Male,Canada,Manufacturing,102616.32
51,High School,Financial Analyst,11.2,46.7,Male,UK,Retail,111910.97
51,Master's,Operations Manager,14.8,41.3,Female,Germany,Education,115073.07
27,PhD,HR Specialist,8.3,46.7,Male,UK,Education,153904.42
35,High School,Mechanical Engineer,12.6,43.8,Female,India,Finance,41830.25
35,Bachelor's,Product Manager,14.1,38.2,Female,UK,Education,130159.67
39,High School,Customer Support,9.1,45.3,Male,USA,Technology,124678.63
34,Master's,Software Engineer,12.7,33.7,Female,India,Education,57273.19
45,Bachelor's,Data Analyst,16.4,38.7,Male,USA,Finance,175467.42
39,High School,Sales Executive,14.5,32.9,Female,Canada,Finance,106727.1
37,Master's,Customer Support,8.9,41.5,Male,Australia,Education,112495.37
29,Master's,Data Analyst,8.0,64.7,Female,India,Technology,85466.57
46,Bachelor's,Customer Support,16.8,44.5,Female,USA,Healthcare,148436.23
50,PhD,Financial Analyst,15.3,61.3,Male,UK,Education,162957.48
59,PhD,HR Specialist,18.9,40.0,Female,Australia,Education,132632.07
37,Master's,Customer Support,7.7,54.4,Female,Canada,Retail,111814.23
20,Master's,Financial Analyst,2.0,48.9,Male,Australia,Finance,219517.44
53,Bachelor's,Customer Support,14.0,36.5,Female,USA,Retail,104895.8
30,Master's,Operations Manager,11.7,46.6,Female,India,Healthcare,77597.03
41,Bachelor's,Financial Analyst,14.2,46.6,Male,UK,Technology,173396.78
52,High School,Product Manager,21.0,48.8,Female,Canada,Finance,148419.72
27,Master's,Sales Executive,5.7,31.4,Male,Canada,Manufacturing,137201.56
37,PhD,Product Manager,3.5,48.3,Male,Australia,Technology,230186.47
30,Master's,Financial Analyst,9.9,51.2,Male,Australia,Finance,207558.88
57,High School,Data Analyst,15.6,55.9,Female,Germany,Technology,126851.69
47,Bachelor's,Product Manager,11.9,,Female,UK,Technology,198558.96
34,Master's,Marketing Manager,2.7,32.8,Female,UK,Finance,180270.49
40,High School,HR Specialist,12.8,36.6,Male,India,Education,25365.21
35,Master's,HR Specialist,11.3,45.7,Male,Canada,Finance,168175.54
33,Bachelor's,Operations Manager,0.0,42.6,Female,UK,Retail,93931.08
36,Bachelor's,Marketing Manager,12.7,41.7,Male,Germany,Technology,182758.23
65,Master's,Financial Analyst,17.7,40.2,Male,Australia,Education,140570.34
39,Bachelor's,Data Analyst,12.2,35.8,Female,India,Education,39019.6
38,PhD,Product Manager,14.6,42.5,Female,USA,Retail,255969.81
40,Master's,Data Analyst,15.5,47.8,Male,UK,Technology,207534.91
37,High School,Operations Manager,1.8,26.2,Female,Germany,Finance,102614.51
37,Master's,Product Manager,10.2,39.3,Male,Australia,Manufacturing,176772.16
36,Master's,Mechanical Engineer,9.8,35.0,Male,Australia,Retail,129388.1
35,Master's,HR Specialist,12.3,57.4,Male,Australia,Education,126723.4
43,Bachelor's,Operations Manager,1.1,41.2,Other,USA,Finance,179214.19
23,Bachelor's,Customer Support,3.1,45.5,Female,India,Retail,35941.66
60,Master's,Software Engineer,24.5,29.3,Male,USA,Finance,258028.07
55,Master's,Data Analyst,11.1,44.9,Other,Australia,Education,128321.61
36,Bachelor's,Mechanical Engineer,15.2,48.5,Female,Germany,Education,115411.69
21,Bachelor's,Software Engineer,3.0,36.0,Other,Germany,Healthcare,139359.19
22,Bachelor's,Marketing Manager,4.0,39.5,Female,India,Retail,38613.14
27,Master's,Financial Analyst,4.5,42.4,Male,Canada,Technology,188041.04
32,Master's,Product Manager,3.8,27.1,Male,Canada,Education,126534.29
28,High School,Marketing Manager,0.0,40.7,Male,USA,Healthcare,118329.5
42,Bachelor's,HR Specialist,4.5,55.0,Female,Canada,Manufacturing,107459.34
46,Master's,Mechanical Engineer,10.0,47.3,Female,UK,Retail,130528.93
35,Master's,HR Specialist,15.3,45.1,Female,USA,Manufacturing,185397.59
37,Master's,Sales Executive,8.4,46.6,Male,Australia,Finance,172522.96
20,Bachelor's,Sales Executive,0.0,50.0,Male,Australia,Finance,141565.04
43,Bachelor's,Product Manager,18.7,28.7,Male,USA,Retail,153466.61
39,Bachelor's,Mechanical Engineer,8.0,30.4,Male,Australia,Retail,110336.0
30,Bachelor's,Data Analyst,4.9,29.0,Female,UK,Manufacturing,96631.37
32,Bachelor's,Marketing Manager,11.2,35.9,Female,USA,Finance,194433.73
34,High School,Software Engineer,10.2,27.9,Female,Germany,Education,81126.4
42,PhD,Marketing Manager,11.0,26.4,Male,UK,Finance,227783.28
37,Bachelor's,Customer Support,5.6,38.7,Other,Canada,Education,80086.8
31,Master's,Mechanical Engineer,5.5,48.7,Male,Germany,Technology,187955.42
36,PhD,Software Engineer,6.8,37.9,Male,USA,Technology,275211.4
34,Master's,Product Manager,4.6,42.7,Female,India,Manufacturing,67436.11
40,High School,Mechanical Engineer,6.7,38.3,Male,Germany,Education,64610.92
35,High School,Data Analyst,8.7,41.3,Male,India,Healthcare,37706.48
37,Bachelor's,Mechanical Engineer,17.3,34.5,Male,India,Retail,45918.2
34,High School,Software Engineer,8.1,29.6,Female,Germany,Technology,126679.26
36,Master's,Operations Manager,13.8,47.1,Male,India,Technology,78352.56
49,Bachelor's,Operations Manager,17.8,36.9,Female,Australia,Retail,103341.42
53,High School,Marketing Manager,20.4,50.0,Male,Germany,Retail,90166.01
30,Bachelor's,Operations Manager,2.6,43.5,Male,Australia,Education,108068.68
30,Bachelor's,Marketing Manager,5.7,63.9,Male,Australia,Education,116353.63
62,Master's,HR Specialist,19.2,37.8,Female,UK,Technology,199983.6
36,Master's,HR Specialist,7.6,45.3,Male,India,Technology,62117.76
42,Bachelor's,Customer Support,12.4,28.0,Female,India,Finance,56121.89
35,Bachelor's,HR Specialist,6.1,33.1,Female,Germany,Education,86073.5
45,High School,Data Analyst,13.2,46.7,Male,India,Finance,45045.29
23,PhD,Marketing Manager,0.0,36.3,Male,UK,Retail,156058.4
21,Bachelor's,Financial Analyst,0.2,34.5,Male,Canada,Retail,111645.73
43,Bachelor's,Sales Executive,21.2,42.7,Male,Germany,Technology,168578.94
53,Bachelor's,HR Specialist,15.6,36.0,Female,USA,Education,100196.69
21,High School,HR Specialist,1.9,46.5,Male,Germany,Manufacturing,75042.66
23,Bachelor's,Data Analyst,0.0,33.0,Female,India,Education,34650.79
37,Bachelor's,Sales Executive,14.1,43.5,Female,USA,Technology,188580.67
49,PhD,Sales Executive,17.6,46.1,Female,Germany,Healthcare,189005.18
18,Bachelor's,Customer Support,0.0,42.3,Male,India,Manufacturing,31099.08
38,Master's,Operations Manager,14.3,29.2,Male,Canada,Education,109415.89
57,High School,Financial Analyst,22.3,53.9,Female,Australia,Education,90851.88
41,Master's,Data Analyst,3.6,44.7,Female,UK,Retail,156502.57
45,Master's,Operations Manager,13.8,43.7,Male,India,Technology,78181.34
28,Master's,Financial Analyst,4.1,55.7,Female,UK,Healthcare,169542.69
55,Master's,Product Manager,17.5,41.4,Other,Germany,Retail,170006.52
37,High School,Customer Support,10.3,48.8,Other,Australia,Technology,113986.15
30,Bachelor's,Customer Support,3.4,48.8,Male,Germany,Technology,137944.1
33,PhD,Marketing Manager,3.5,50.9,Male,India,Education,66353.09
50,Bachelor's,Operations Manager,18.9,50.9,Female,Canada,Education,100936.65
28,High School,Marketing Manager,0.0,41.9,Female,Germany,Manufacturing,95378.68
43,Master's,Data Analyst,14.4,52.8,Male,Germany,Education,143746.75
34,High School,Software Engineer,3.3,47.8,Male,Canada,Education,71645.92
49,Bachelor's,Sales Executive,11.0,45.8,Female,Canada,Technology,150302.28
27,Bachelor's,Marketing Manager,3.0,32.1,Male,USA,Manufacturing,143154.85
32,Bachelor's,Data Analyst,0.0,46.3,Male,Canada,Finance,141567.01
38,Bachelor's,Financial Analyst,3.2,33.8,Male,USA,Education,132285.89
39,High School,Sales Executive,18.4,46.1,Male,India,Manufacturing,41279.72
46,Master's,Mechanical Engineer,18.5,30.0,Female,USA,Manufacturing,203575.67
31,Bachelor's,HR Specialist,8.5,30.3,Male,Australia,Finance,145617.28
42,Bachelor's,Product Manager,12.9,37.6,Female,Australia,Finance,189490.11
26,Bachelor's,Marketing Manager,0.0,41.1,Male,UK,Retail,101262.0
37,Bachelor's,Software Engineer,12.4,41.2,Female,UK,Healthcare,172203.28
60,Master's,HR Specialist,24.3,50.0,Male,UK,Education,116842.71
48,Master's,Customer Support,10.3,40.3,Male,Australia,Healthcare,140060.18
30,Master's,Customer Support,9.3,33.4,Female,UK,Healthcare,160729.79
43,Bachelor's,Sales Executive,14.8,38.3,Female,Australia,Technology,167881.78
41,High School,HR Specialist,14.5,49.4,Male,India,Education,30090.89
20,Bachelor's,Marketing Manager,0.0,39.2,Male,India,Finance,58490.31
39,PhD,Operations Manager,7.0,46.6,Female,Australia,Technology,218996.54
43,Bachelor's,Operations Manager,10.1,57.0,Male,India,Finance,58124.98
32,Bachelor's,Software Engineer,9.3,47.8,Female,Germany,Retail,117932.85
50,Bachelor's,Operations Manager,9.9,42.6,Female,Australia,Manufacturing,119102.49
46,High School,Mechanical Engineer,13.2,41.0,Male,UK,Retail,89690.31
57,PhD,Financial Analyst,19.5,48.0,Female,Germany,Manufacturing,185987.75
34,Bachelor's,Customer Support,3.0,44.0,Male,USA,Technology,144853.35
19,Bachelor's,HR Specialist,1.0,46.7,Male,Canada,Technology,125070.86
42,Bachelor's,Mechanical Engineer,6.9,40.0,Male,Canada,Retail,104756.39
18,Bachelor's,Software Engineer,0.0,27.8,Female,UK,Education,86019.81
35,High School,Software Engineer,8.4,48.9,Female,USA,Retail,108745.49
43,Bachelor's,Software Engineer,12.2,36.7,Female,Australia,Education,132196.64
48,Master's,Product Manager,8.5,47.1,Male,Australia,Finance,224055.32
39,High School,Software Engineer,16.2,51.3,Male,India,Technology,62794.9
31,Master's,Financial Analyst,0.5,35.4,Female,India,Manufacturing,55010.31
48,Bachelor's,Data Analyst,20.7,29.0,Male,Australia,Healthcare,132778.21
33,Bachelor's,Operations Manager,5.5,29.5,Male,Germany,Finance,123190.93
18,Bachelor's,Product Manager,0.0,49.9,Male,India,Retail,53549.76
41,Master's,Software Engineer,10.3,53.0,Female,USA,Healthcare,218107.34
31,High School,Data Analyst,2.2,43.1,Male,India,Manufacturing,38168.96
41,High School,Software Engineer,17.7,39.3,Male,Australia,Education,88895.51
45,Bachelor's,Product Manager,17.1,45.4,Male,UK,Retail,126338.24
53,Bachelor's,Mechanical Engineer,23.7,41.4,Female,Australia,Manufacturing,137931.84
30,Master's,HR Specialist,8.5,30.5,Male,Germany,Retail,130595.55
38,Master's,Financial Analyst,8.2,20.0,Male,UK,Retail,138339.58
18,Bachelor's,Mechanical Engineer,0.0,47.3,Male,Germany,Healthcare,119167.25
57,Bachelor's,Data Analyst,11.6,66.9,Male,India,Education,49432.92
42,Bachelor's,Sales Executive,4.4,37.4,Other,Australia,Education,102360.36
37,Bachelor's,Marketing Manager,4.3,46.1,Male,UK,Education,114628.85
43,High School,HR Specialist,14.6,40.0,Other,Germany,Education,77250.27
27,High School,Sales Executive,3.0,42.0,Male,Canada,Healthcare,100371.3
41,Bachelor's,Sales Executive,19.1,53.8,Female,India,Healthcare,62269.68
37,PhD,Customer Support,9.7,36.4,Male,UK,Manufacturing,143725.49
46,High School,Mechanical Engineer,12.9,47.4,Male,Canada,Healthcare,118084.67
38,High School,Software Engineer,6.0,44.1,Female,UK,Technology,135542.66
35,Bachelor's,Mechanical Engineer,14.7,34.4,Female,India,Retail,44671.76
35,Bachelor's,Software Engineer,6.0,43.1,Female,Australia,Education,126728.01
41,Bachelor's,Sales Executive,14.5,33.2,Female,Canada,Education,86725.6
33,High School,Data Analyst,11.5,29.3,Male,Germany,Finance,99554.21
46,Master's,Customer Support,16.2,39.4,Female,USA,Healthcare,192995.64
27,High School,Customer Support,7.9,41.6,Female,Australia,Retail,62896.34
43,Master's,HR Specialist,11.6,32.1,Male,Australia,Manufacturing,146838.84
27,Bachelor's,Customer Support,9.0,57.3,Female,USA,Retail,123052.47
47,Master's,Software Engineer,15.4,50.7,Other,Germany,Finance,185425.02
46,Master's,Marketing Manager,14.1,57.4,Male,Australia,Education,144287.31
23,Master's,Marketing Manager,3.4,40.8,Male,UK,Technology,199089.9
35,Bachelor's,Operations Manager,8.6,39.5,Female,India,Retail,46863.44
39,PhD,Product Manager,15.3,35.4,Female,Australia,Technology,246995.5
50,Master's,Product Manager,14.6,23.4,Female,UK,Manufacturing,176639.18
34,High School,Sales Executive,6.0,43.1,Female,UK,Education,82772.03
41,Bachelor's,Marketing Manager,13.6,36.6,Female,USA,Retail,153808.01
30,Master's,Marketing Manager,1.5,55.4,Male,USA,Technology,238857.36
47,High School,HR Specialist,13.3,32.9,Female,UK,Manufacturing,77961.35
46,Bachelor's,Mechanical Engineer,12.0,33.8,Male,Germany,Retail,105494.31
38,Bachelor's,Financial Analyst,9.1,48.7,Male,Australia,Finance,171284.43
26,High School,Marketing Manager,0.0,34.4,Female,Germany,Manufacturing,79871.63
21,Bachelor's,Sales Executive,1.0,49.0,Other,Canada,Healthcare,129576.45
42,Master's,Sales Executive,14.8,33.1,Male,Canada,Manufacturing,133637.69
32,Bachelor's,Marketing Manager,2.9,54.6,Male,Canada,Manufacturing,114067.69
26,Bachelor's,Marketing Manager,8.0,42.3,Female,Canada,Education,105106.13
19,High School,Software Engineer,1.0,43.8,Male,UK,Education,93531.85
33,Master's,Marketing Manager,7.9,35.2,Male,USA,Healthcare,218751.8
27,Master's,Marketing Manager,0.0,37.2,Female,Germany,Education,132491.52
37,Bachelor's,Customer Support,3.7,40.9,Female,USA,Education,95903.32
56,High School,Data Analyst,21.3,42.1,Female,India,Finance,53560.36
26,Bachelor's,Product Manager,0.1,39.3,Male,Australia,Manufacturing,137444.53
49,Master's,Mechanical Engineer,13.9,39.9,Male,Canada,Retail,124539.93
43,Bachelor's,Financial Analyst,7.7,43.1,Male,Australia,Manufacturing,117183.73
25,Bachelor's,Operations Manager,4.7,38.4,Male,Australia,Manufacturing,133263.66
38,Bachelor's,Operations Manager,7.3,47.1,Male,USA,Technology,157398.29
20,Bachelor's,Operations Manager,0.0,35.2,Female,Australia,Finance,133637.72
20,High School,Mechanical Engineer,0.0,46.3,Male,UK,Retail,82766.57
35,Bachelor's,Customer Support,3.6,55.3,Male,UK,Education,80977.87
18,Bachelor's,Operations Manager,0.0,54.4,Female,USA,Healthcare,164480.29
47,Bachelor's,Data Analyst,15.1,30.5,Male,Australia,Retail,111535.32
31,High School,HR Specialist,4.9,43.2,Female,Canada,Healthcare,101555.61
36,High School,Product Manager,7.4,54.6,Male,UK,Healthcare,141132.91
45,Master's,Data Analyst,10.4,38.3,Female,USA,Finance,215005.01
24,High School,Marketing Manager,1.1,49.7,Female,Canada,Healthcare,107843.57
36,High School,Sales Executive,6.2,43.3,Female,USA,Healthcare,127054.23
40,Bachelor's,Financial Analyst,10.8,53.0,Female,Canada,Healthcare,151483.74
36,PhD,Software Engineer,6.1,34.6,Female,Germany,Retail,166264.12
37,Bachelor's,Customer Support,14.5,35.7,Male,Germany,Retail,100669.54
52,PhD,Financial Analyst,23.3,42.7,Female,Germany,Retail,143727.23
30,Bachelor's,Data Analyst,12.0,43.4,Male,Canada,Finance,162500.3
39,High School,Operations Manager,9.4,57.2,Female,UK,Education,84811.07
50,Bachelor's,Financial Analyst,19.7,39.4,Male,India,Technology,65527.82
41,Master's,Data Analyst,17.5,42.8,Male,Canada,Healthcare,191433.64
22,Master's,Financial Analyst,2.4,38.5,Female,Australia,Healthcare,176245.97
37,High School,Data Analyst,3.9,42.8,Other,India,Manufacturing,36097.29
31,PhD,Mechanical Engineer,1.6,25.6,Female,India,Finance,80342.59
50,Bachelor's,Financial Analyst,11.0,46.3,Other,Canada,Healthcare,164125.31
29,Bachelor's,Sales Executive,4.2,36.4,Female,USA,Finance,168155.6
21,Master's,Mechanical Engineer,0.0,46.7,Male,Canada,Manufacturing,148152.56
33,High School,Software Engineer,2.1,29.4,Female,Germany,Healthcare,96640.73
32,High School,Operations Manager,5.6,43.2,Female,Australia,Finance,98095.64
38,PhD,HR Specialist,3.4,28.5,Female,Canada,Retail,131621.63
36,Bachelor's,HR Specialist,3.9,46.6,Female,Germany,Manufacturing,108467.59
41,PhD,Customer Support,19.1,28.9,Male,USA,Technology,210277.27
41,High School,Mechanical Engineer,12.8,53.2,Female,Canada,Manufacturing,97470.33
28,Bachelor's,Marketing Manager,5.0,47.1,Male,Australia,Healthcare,161089.45
30,Bachelor's,HR Specialist,7.5,47.0,Male,Canada,Healthcare,129614.11
32,Bachelor's,Financial Analyst,12.6,38.5,Male,Australia,Healthcare,163397.26
35,Bachelor's,Operations Manager,6.2,35.9,Female,USA,Finance,173945.77
31,Master's,Sales Executive,5.2,26.1,Male,Germany,Healthcare,140973.09
25,PhD,Operations Manager,2.4,44.8,Male,UK,Technology,242053.58
44,Bachelor's,Product Manager,21.5,20.0,Female,USA,Manufacturing,162022.45
44,Bachelor's,Sales Executive,19.2,,Female,Germany,Manufacturing,119668.53
38,Bachelor's,Marketing Manager,14.0,30.5,Male,Germany,Education,97039.39
49,Bachelor's,Mechanical Engineer,17.2,21.4,Male,USA,Education,113806.57
50,Bachelor's,Mechanical Engineer,17.7,51.1,Female,UK,Manufacturing,150328.63
26,High School,HR Specialist,6.1,61.7,Male,UK,Retail,89269.66
45,High School,Customer Support,19.2,42.5,Female,Canada,Manufacturing,97110.74
37,Bachelor's,Financial Analyst,9.9,45.2,Male,Australia,Manufacturing,131395.7
29,Bachelor's,Marketing Manager,0.3,44.1,Male,Canada,Healthcare,140234.15
33,High School,Customer Support,3.1,29.5,Female,India,Education,25619.31
40,Bachelor's,Data Analyst,18.5,50.1,Female,USA,Education,138438.43
40,Master's,Mechanical Engineer,18.1,42.5,Female,Germany,Education,96660.13
23,Bachelor's,Marketing Manager,3.1,49.7,Female,Canada,Finance,174391.23
34,Master's,Data Analyst,12.3,30.5,Male,Australia,Retail,146074.96
50,Bachelor's,Sales Executive,12.1,32.0,Male,India,Healthcare,46913.35
28,Bachelor's,Operations Manager,5.0,51.6,Female,India,Finance,53233.66
41,Master's,Marketing Manager,17.1,48.2,Female,Germany,Education,130280.65
36,Bachelor's,Customer Support,3.6,34.2,Male,USA,Technology,156696.19
36,Master's,Mechanical Engineer,13.3,30.7,Female,Canada,Healthcare,148111.58
49,Bachelor's,Operations Manager,12.5,55.1,Female,India,Education,42519.01
51,Bachelor's,Financial Analyst,21.3,37.8,Female,USA,Finance,172037.42
37,Bachelor's,Sales Executive,3.4,31.6,Male,USA,Education,105257.98
31,Bachelor's,Operations Manager,11.0,33.4,Male,Canada,Education,99138.32
63,High School,Customer Support,27.3,44.0,Male,India,Retail,31468.27
27,Bachelor's,Product Manager,8.0,37.8,Male,Germany,Healthcare,156987.04
41,Master's,Product Manager,7.6,45.7,Female,USA,Education,156177.78
35,Bachelor's,Software Engineer,17.0,45.1,Female,Canada,Healthcare,163900.41
32,Master's,Operations Manager,10.2,40.4,Male,Canada,Manufacturing,150799.45
60,Master's,Marketing Manager,26.4,34.5,Male,Canada,Finance,225153.95
37,High School,Financial Analyst,18.4,43.2,Male,India,Healthcare,47668.15
55,High School,Operations Manager,15.0,49.3,Female,India,Retail,30932.29
34,Bachelor's,Software Engineer,13.6,41.3,Male,Australia,Education,115194.84
26,High School,HR Specialist,6.7,46.8,Female,Germany,Healthcare,97262.81
49,Master's,Sales Executive,16.0,54.9,Male,India,Finance,82567.68
24,High School,Customer Support,5.2,48.3,Female,Canada,Technology,99316.84
45,PhD,Data Analyst,19.8,45.0,Male,Australia,Healthcare,206611.29
48,High School,Sales Executive,20.1,56.3,Female,Germany,Technology,116853.78
49,Master's,Mechanical Engineer,11.9,25.4,Male,Australia,Technology,192455.8
52,Master's,Product Manager,11.5,50.6,Male,USA,Education,149250.56
23,Master's,HR Specialist,5.0,49.7,Female,USA,Healthcare,154014.5
42,Master's,HR Specialist,12.7,41.8,Male,UK,Manufacturing,154057.54
41,Bachelor's,Product Manager,10.2,33.9,Male,Canada,Education,117823.21
33,Master's,Marketing Manager,4.1,42.4,Female,USA,Education,145110.88
37,High School,Operations Manager,2.1,45.8,Female,India,Finance,41406.08
48,PhD,HR Specialist,14.2,36.3,Female,UK,Finance,199277.45
36,Bachelor's,Marketing Manager,4.2,51.2,Male,Canada,Finance,156971.43
38,PhD,Sales Executive,2.8,37.8,Male,Australia,Manufacturing,148462.43
34,Bachelor's,Customer Support,12.3,54.3,Female,Germany,Education,81614.64
35,Master's,Financial Analyst,3.7,44.3,Female,India,Healthcare,73503.64
35,High School,Customer Support,10.7,52.9,Male,Australia,Education,68680.02
43,Bachelor's,Financial Analyst,16.6,51.4,Female,India,Education,42575.0
28,High School,HR Specialist,9.9,38.2,Female,India,Finance,42819.75
54,Master's,Operations Manager,21.4,43.0,Female,Germany,Education,115533.17
50,High School,Customer Support,21.8,40.7,Female,Canada,Retail,76603.61
36,Bachelor's,Product Manager,13.4,49.0,Male,India,Education,49326.96
36,Master's,Data Analyst,13.0,48.0,Male,India,Retail,51757.19
19,Bachelor's,Data Analyst,0.0,50.6,Male,UK,Healthcare,130630.54
47,Bachelor's,Sales Executive,14.2,53.5,Female,Australia,Technology,169637.51
43,Master's,Sales Executive,15.3,34.5,Female,Germany,Technology,155418.64
26,Bachelor's,Software Engineer,2.3,29.9,Male,Canada,Healthcare,133956.22
43,Bachelor's,Marketing Manager,9.7,40.5,Male,Canada,Retail,115848.29
31,High School,Customer Support,9.3,39.8,Male,Germany,Technology,110839.17
19,Master's,Operations Manager,0.0,57.4,Male,Germany,Technology,167609.91
38,High School,Operations Manager,11.8,38.7,Female,UK,Retail,87293.8
40,Bachelor's,Marketing Manager,2.5,45.4,Female,Canada,Finance,137062.32
29,Bachelor's,Financial Analyst,8.3,41.2,Female,India,Technology,66985.49
42,High School,Financial Analyst,15.9,48.6,Female,UK,Healthcare,128042.19
35,Master's,Sales Executive,0.3,24.7,Female,Germany,Healthcare,130096.06
18,Bachelor's,Data Analyst,0.0,44.0,Female,Germany,Manufacturing,111374.23
39,Bachelor's,Mechanical Engineer,9.3,54.1,Other,Australia,Healthcare,140839.26
43,PhD,Software Engineer,13.6,54.7,Male,USA,Finance,274282.84
31,PhD,Product Manager,2.5,46.7,Female,Canada,Manufacturing,192652.35
25,High School,Software Engineer,0.0,37.4,Male,Canada,Technology,121860.35
45,Master's,HR Specialist,11.0,23.2,Male,Germany,Healthcare,125131.04
45,Bachelor's,HR Specialist,5.0,40.4,Female,India,Education,43339.17
35,Bachelor's,Software Engineer,14.0,37.7,Female,UK,Retail,113837.51
58,PhD,Marketing Manager,14.8,37.7,Female,Germany,Manufacturing,167335.63
33,Bachelor's,Financial Analyst,8.7,49.8,Male,Australia,Healthcare,171208.99
38,Bachelor's,Product Manager,5.8,49.7,Male,India,Finance,71572.67
41,PhD,Mechanical Engineer,17.8,40.8,Female,Australia,Technology,246279.68
37,Master's,Software Engineer,10.0,51.2,Male,Australia,Retail,147454.31
58,PhD,Mechanical Engineer,25.1,45.2,Female,USA,Manufacturing,240175.75
48,Bachelor's,Marketing Manager,19.9,33.8,Male,Australia,Healthcare,155948.87
28,High School,Product Manager,6.8,43.2,Female,Canada,Technology,149986.56
39,Bachelor's,Operations Manager,9.7,37.8,Female,Australia,Technology,160547.12
45,PhD,Product Manager,11.1,42.2,Male,Canada,Education,158843.04
45,PhD,Software Engineer,18.0,41.9,Female,Germany,Technology,238506.79
31,High School,Sales Executive,10.9,49.4,Male,India,Healthcare,41635.48
19,Master's,Sales Executive,1.0,46.1,Male,India,Finance,61325.1
27,High School,HR Specialist,8.3,42.4,Male,Australia,Manufacturing,95883.29
33,Bachelor's,Financial Analyst,2.1,41.8,Male,USA,Healthcare,173587.33
43,Bachelor's,Data Analyst,14.1,38.7,Male,Canada,Education,105857.94
45,High School,Mechanical Engineer,14.9,48.1,Female,USA,Education,103535.0
40,PhD,Customer Support,7.0,59.0,Female,India,Manufacturing,61026.22
48,High School,HR Specialist,17.4,42.8,Male,UK,Education,75560.41
41,Bachelor's,Sales Executive,9.4,44.7,Female,Australia,Finance,135876.38
40,Master's,Operations Manager,13.5,40.6,Male,USA,Healthcare,189595.79
50,Bachelor's,Software Engineer,14.3,49.7,Male,Australia,Healthcare,173180.83
34,High School,Operations Manager,0.4,35.3,Female,UK,Finance,96506.73
40,PhD,Financial Analyst,7.8,37.3,Male,Canada,Retail,178276.02
33,Bachelor's,HR Specialist,15.0,31.9,Female,India,Retail,42793.24
50,Bachelor's,HR Specialist,11.9,38.9,Other,Germany,Education,93135.17
46,PhD,Marketing Manager,14.3,38.8,Female,USA,Manufacturing,215763.2
40,High School,HR Specialist,16.6,43.6,Female,UK,Technology,127236.13
32,Bachelor's,Mechanical Engineer,4.0,56.5,Female,Australia,Manufacturing,132121.45
46,Bachelor's,Software Engineer,17.7,49.4,Male,USA,Education,150001.55
44,Bachelor's,HR Specialist,13.2,49.8,Female,Australia,Education,103566.06
41,Master's,Customer Support,12.5,50.7,Male,Australia,Manufacturing,133223.99
39,High School,Operations Manager,19.1,33.6,Male,India,Technology,54408.86
33,Master's,Software Engineer,1.4,43.8,Female,India,Finance,68517.42
44,Master's,Marketing Manager,14.1,50.4,Female,Australia,Education,138606.94
48,Master's,Marketing Manager,13.4,37.6,Female,USA,Healthcare,211162.22
45,Bachelor's,Financial Analyst,15.4,26.4,Female,India,Technology,68047.63
40,Bachelor's,Marketing Manager,8.4,39.9,Female,UK,Retail,112383.09
33,Bachelor's,Customer Support,8.2,43.1,Male,India,Finance,51339.08
43,PhD,Operations Manager,18.2,46.1,Male,Germany,Technology,202313.97
39,Master's,Marketing Manager,12.7,45.8,Female,UK,Technology,202098.53
52,Master's,Sales Executive,16.7,45.9,Female,Germany,Healthcare,145041.56
49,PhD,Customer Support,14.4,36.7,Male,Australia,Manufacturing,170683.11
36,High School,Mechanical Engineer,9.3,51.8,Female,USA,Healthcare,138734.64
39,Bachelor's,Operations Manager,16.2,39.5,Male,UK,Retail,116495.14
34,Bachelor's,Operations Manager,12.9,39.3,Male,India,Manufacturing,46153.12
39,Bachelor's,Software Engineer,12.7,40.7,Female,UK,Manufacturing,129836.74
29,Bachelor's,Data Analyst,2.3,40.5,Male,Australia,Finance,141627.03
44,High School,Data Analyst,8.2,20.0,Male,Germany,Finance,113036.0
30,High School,Financial Analyst,12.0,52.7,Female,UK,Education,99907.13
32,Bachelor's,Software Engineer,9.4,42.8,Female,Australia,Manufacturing,150201.46
39,High School,Customer Support,12.4,44.3,Female,India,Education,26957.62
43,Master's,HR Specialist,7.2,38.1,Male,India,Manufacturing,54317.09
56,High School,Customer Support,17.2,44.8,Male,USA,Education,72853.34
39,PhD,HR Specialist,0.9,44.6,Female,USA,Technology,227185.18
47,Master's,Marketing Manager,8.8,37.9,Female,UK,Retail,132089.04
18,Bachelor's,Operations Manager,0.0,56.7,Male,Canada,Healthcare,134115.78
39,Master's,Software Engineer,18.2,36.4,Female,India,Finance,70463.33
31,Bachelor's,Software Engineer,7.3,35.7,Female,Canada,Retail,101216.38
29,Bachelor's,Marketing Manager,5.7,46.0,Female,Canada,Education,87730.57
44,Master's,Data Analyst,11.0,36.4,Male,Canada,Manufacturing,137711.91
35,Master's,Software Engineer,8.6,42.8,Male,Australia,Technology,247649.06
33,Bachelor's,Mechanical Engineer,11.3,28.7,Female,Canada,Retail,109122.69
34,Bachelor's,HR Specialist,5.9,40.6,Male,UK,Healthcare,120729.57
27,Master's,Data Analyst,9.0,39.6,Male,UK,Technology,178700.89
33,Bachelor's,Data Analyst,6.0,48.4,Female,Canada,Technology,147488.41
29,Master's,Product Manager,9.6,34.0,Male,USA,Finance,228932.48
43,Bachelor's,Sales Executive,9.3,43.0,Female,Australia,Education,117997.86
38,Bachelor's,Data Analyst,5.9,37.0,Female,India,Healthcare,51099.58
44,Bachelor's,Financial Analyst,17.4,54.8,Male,UK,Healthcare,171510.59
32,Master's,Product Manager,14.0,43.6,Female,Australia,Education,153704.53
40,PhD,Marketing Manager,9.8,35.8,Male,Canada,Education,138575.87
37,Bachelor's,Marketing Manager,6.3,42.7,Female,Canada,Retail,116449.84
39,Bachelor's,HR Specialist,8.1,42.1,Male,Germany,Healthcare,134181.58
40,High School,Financial Analyst,16.0,51.3,Male,USA,Manufacturing,138967.55
53,Bachelor's,Data Analyst,19.0,36.4,Male,USA,Retail,136009.64
51,Master's,Operations Manager,23.6,38.8,Male,UK,Retail,130566.62
38,Master's,HR Specialist,12.7,41.8,Female,Germany,Technology,162662.54
40,Master's,Operations Manager,10.0,43.2,Female,India,Manufacturing,54689.17
27,Master's,Sales Executive,6.0,46.7,Male,Germany,Technology,178495.35
39,Bachelor's,HR Specialist,16.7,52.3,Male,India,Manufacturing,43738.08
35,Master's,Financial Analyst,11.2,37.3,Female,Australia,Education,139222.05
58,Master's,Customer Support,19.0,29.2,Female,Canada,Manufacturing,118649.47
32,High School,HR Specialist,9.8,45.7,Male,Australia,Technology,129095.77
29,Bachelor's,Financial Analyst,0.0,46.4,Male,Canada,Technology,142430.82
18,PhD,HR Specialist,0.0,30.0,Female,UK,Manufacturing,136634.91
31,Bachelor's,HR Specialist,10.0,32.5,Male,UK,Finance,135075.88
36,Bachelor's,Operations Manager,7.1,51.3,Other,Canada,Healthcare,133571.26
54,High School,Data Analyst,16.8,39.1,Male,Canada,Retail,84861.47
50,Bachelor's,Product Manager,8.4,30.4,Female,Germany,Education,93217.91
51,Master's,Product Manager,18.0,27.4,Female,Australia,Healthcare,176901.26
24,Bachelor's,Mechanical Engineer,2.5,49.5,Female,Germany,Education,91963.72
29,High School,Financial Analyst,8.9,45.6,Female,Australia,Manufacturing,106362.69
49,High School,Mechanical Engineer,16.4,58.5,Male,Australia,Education,109684.49
21,Bachelor's,Mechanical Engineer,3.0,56.3,Female,USA,Education,126937.81
40,Bachelor's,Marketing Manager,16.3,47.2,Female,Canada,Healthcare,136522.88
46,PhD,Software Engineer,12.4,30.8,Female,India,Manufacturing,81680.38
60,Master's,Product Manager,27.0,45.7,Female,Germany,Finance,191399.27
46,PhD,HR Specialist,16.6,37.2,Male,Canada,Education,141789.07
36,High School,Product Manager,11.0,39.2,Male,Germany,Healthcare,98559.15
25,Master's,Financial Analyst,1.3,39.0,Female,Canada,Retail,111374.73
38,Master's,Software Engineer,11.3,49.0,Male,Germany,Retail,136762.84
44,PhD,Software Engineer,12.0,35.1,Female,Australia,Finance,257560.61
26,Master's,Data Analyst,2.1,54.9,Female,Australia,Healthcare,166720.36
20,Master's,Sales Executive,2.0,41.6,Male,India,Retail,51507.56
28,High School,Financial Analyst,9.7,41.6,Female,UK,Education,86359.23
21,High School,Product Manager,3.0,47.5,Female,Germany,Healthcare,112169.97
39,High School,Operations Manager,16.9,47.1,Male,UK,Healthcare,102672.31
44,High School,Marketing Manager,10.4,40.0,Male,USA,Finance,134177.72
36,Master's,Operations Manager,12.6,34.8,Female,India,Healthcare,59853.7
37,Bachelor's,Software Engineer,10.5,42.2,Female,UK,Retail,125815.86
30,Master's,HR Specialist,11.7,44.8,Female,India,Manufacturing,54851.68
55,Master's,Operations Manager,20.6,51.2,Female,India,Manufacturing,59792.04
24,High School,HR Specialist,6.0,25.1,Male,Canada,Manufacturing,77856.85
42,High School,Marketing Manager,7.3,27.2,Male,Canada,Healthcare,90271.94
34,PhD,HR Specialist,8.3,47.6,Male,UK,Healthcare,174104.26
43,Master's,Mechanical Engineer,14.1,58.1,Male,India,Healthcare,73397.79
43,High School,Marketing Manager,14.0,34.0,Male,Canada,Manufacturing,90981.16
27,Master's,Data Analyst,1.4,49.0,Female,India,Manufacturing,56203.98
33,Master's,Mechanical Engineer,2.2,35.2,Male,USA,Retail,145053.39
34,High School,Operations Manager,11.1,36.2,Female,India,Technology,41292.44
48,Master's,HR Specialist,15.6,37.3,Male,USA,Technology,221858.44
47,Master's,Financial Analyst,19.9,41.7,Female,Germany,Healthcare,178706.87
55,Bachelor's,Data Analyst,13.3,40.8,Male,USA,Technology,186131.01
52,Bachelor's,Financial Analyst,23.9,45.5,Male,Australia,Retail,126424.06
36,Bachelor's,Financial Analyst,14.3,37.1,Female,UK,Retail,135059.62
23,PhD,Financial Analyst,0.0,45.9,Female,Canada,Technology,195724.68
27,High School,HR Specialist,4.0,39.7,Female,UK,Manufacturing,87942.57
44,Bachelor's,HR Specialist,10.1,43.4,Female,UK,Retail,97827.23
33,Bachelor's,Product Manager,2.4,44.1,Male,USA,Manufacturing,192754.83
23,Bachelor's,Data Analyst,1.4,25.9,Male,UK,Manufacturing,121697.65
32,Bachelor's,Financial Analyst,10.9,60.1,Female,Canada,Retail,131222.11
51,Master's,Data Analyst,22.3,51.6,Female,Australia,Finance,225035.69
33,Master's,Mechanical Engineer,8.6,46.2,Male,India,Healthcare,73243.52
52,Master's,Sales Executive,19.8,37.1,Other,Germany,Healthcare,152460.73
40,Master's,Software Engineer,6.4,50.6,Male,USA,Finance,276193.27
40,Master's,Sales Executive,5.2,35.5,Male,Australia,Technology,151148.21
45,Bachelor's,Financial Analyst,12.9,37.2,Female,Australia,Retail,113088.72
23,Master's,Operations Manager,3.1,27.4,Male,UK,Retail,118010.36
48,High School,Marketing Manager,17.9,43.6,Male,Germany,Education,100185.99
20,Bachelor's,Data Analyst,0.0,32.5,Male,UK,Healthcare,113962.65
39,PhD,Mechanical Engineer,13.3,43.6,Female,Germany,Education,144291.48
32,PhD,Financial Analyst,6.1,39.1,Male,USA,Healthcare,254944.35
39,High School,Mechanical Engineer,10.6,43.7,Female,India,Technology,51050.82
40,Bachelor's,Product Manager,10.4,33.2,Male,India,Manufacturing,58679.89
33,Bachelor's,Mechanical Engineer,4.4,41.8,Male,Germany,Technology,160165.55
21,Master's,Data Analyst,1.2,49.6,Female,Australia,Healthcare,168138.95
38,High School,Software Engineer,2.9,45.3,Female,India,Manufacturing,41641.74
36,Master's,Customer Support,11.1,56.1,Male,Germany,Retail,115168.79
57,Master's,Operations Manager,13.9,45.7,Female,Canada,Manufacturing,147910.24
18,Bachelor's,Software Engineer,0.0,39.0,Other,UK,Retail,100710.22
38,Master's,Software Engineer,6.1,44.9,Male,Australia,Education,146411.08
49,High School,Operations Manager,22.0,46.0,Male,UK,Retail,88657.75
62,Bachelor's,Operations Manager,17.3,49.6,Male,Canada,Retail,101627.28
35,Master's,Customer Support,14.3,38.7,Male,Germany,Finance,147668.58
18,PhD,Operations Manager,0.0,37.8,Male,Canada,Technology,173841.54
32,Master's,Data Analyst,6.7,34.6,Male,India,Education,50528.93
18,Master's,Financial Analyst,0.0,42.1,Female,UK,Manufacturing,138158.77
18,Bachelor's,Financial Analyst,0.0,46.6,Male,Australia,Retail,103771.9
29,Master's,Sales Executive,11.0,43.9,Male,Australia,Healthcare,150699.99
63,High School,HR Specialist,22.3,49.0,Female,UK,Technology,122836.6
32,Bachelor's,Software Engineer,9.5,36.5,Male,UK,Healthcare,145578.98
42,Bachelor's,Financial Analyst,16.7,45.2,Female,India,Healthcare,61264.95
59,Bachelor's,Mechanical Engineer,18.5,43.4,Female,Germany,Retail,110841.76
25,Bachelor's,Customer Support,6.6,48.0,Female,UK,Finance,141441.54
47,PhD,Mechanical Engineer,12.9,26.7,Male,Australia,Retail,169344.81
31,Master's,Mechanical Engineer,9.9,35.7,Male,UK,Finance,203056.95
53,Master's,Sales Executive,16.4,26.1,Male,USA,Manufacturing,143677.71
42,Bachelor's,Mechanical Engineer,14.7,46.0,Male,USA,Retail,146906.67
39,Bachelor's,Mechanical Engineer,7.5,54.6,Male,Canada,Manufacturing,127329.91
38,High School,Product Manager,9.7,36.7,Female,UK,Finance,145215.64
46,High School,Software Engineer,15.1,42.1,Male,USA,Retail,128448.01
30,High School,Data Analyst,6.6,70.0,Male,Canada,Education,89928.22
31,High School,Product Manager,7.0,53.0,Male,Canada,Finance,151718.63
25,Bachelor's,Product Manager,2.7,56.5,Male,Australia,Finance,193594.17
40,High School,Product Manager,5.3,51.8,Female,Canada,Technology,135210.65
24,Master's,HR Specialist,4.0,47.9,Female,USA,Technology,221105.44
24,Master's,Marketing Manager,0.0,42.8,Other,Australia,Healthcare,178304.94
39,High School,Customer Support,7.4,44.2,Male,Germany,Manufacturing,68661.96
46,High School,Data Analyst,15.0,31.2,Male,Australia,Finance,137713.07
24,Bachelor's,Financial Analyst,1.2,34.1,Other,USA,Retail,123537.63
46,PhD,Mechanical Engineer,13.6,33.9,Male,UK,Healthcare,189117.46
21,PhD,Operations Manager,3.0,39.6,Female,UK,Retail,138038.0
42,Master's,HR Specialist,10.7,44.9,Female,Canada,Technology,190141.95
22,Master's,Marketing Manager,0.2,40.2,Female,Australia,Healthcare,173600.33
49,High School,Customer Support,21.0,39.4,Female,USA,Manufacturing,96241.58
26,Bachelor's,Software Engineer,5.4,51.9,Female,Australia,Technology,155418.35
37,Bachelor's,HR Specialist,6.2,44.8,Female,Canada,Technology,146788.69
24,Bachelor's,Data Analyst,6.0,46.6,Male,UK,Finance,163504.26
45,Bachelor's,Software Engineer,10.6,45.9,Male,Australia,Finance,189939.78
26,Master's,Financial Analyst,6.2,55.8,Male,India,Education,61400.24
19,Bachelor's,Mechanical Engineer,1.0,50.2,Female,India,Finance,53400.74
36,Bachelor's,Mechanical Engineer,6.4,54.1,Male,India,Finance,63509.21
40,Bachelor's,Mechanical Engineer,14.7,47.6,Female,Canada,Retail,127951.22
55,Bachelor's,Operations Manager,21.9,37.4,Male,UK,Retail,123469.09
35,Master's,Customer Support,3.1,30.2,Male,Canada,Retail,102199.53
41,PhD,Product Manager,13.2,29.1,Female,USA,Technology,275054.23
36,Bachelor's,Software Engineer,16.3,38.2,Male,Canada,Manufacturing,115374.18
41,High School,Data Analyst,13.4,34.2,Female,Australia,Retail,103349.01
46,Bachelor's,Data Analyst,17.0,54.7,Male,UK,Manufacturing,133033.7
38,High School,Marketing Manager,18.2,47.4,Male,USA,Retail,88324.35
27,High School,Software Engineer,2.4,50.4,Female,USA,Healthcare,142914.24
54,Bachelor's,Marketing Manager,21.3,37.1,Female,Germany,Technology,165105.44
43,Bachelor's,Marketing Manager,17.7,43.7,Male,India,Manufacturing,53280.85
42,Bachelor's,Product Manager,9.7,43.2,Female,India,Manufacturing,53238.67
30,High School,Operations Manager,5.8,50.6,Male,Canada,Technology,117398.47
28,Bachelor's,HR Specialist,4.5,44.9,Female,Australia,Manufacturing,106604.72
27,Bachelor's,Marketing Manager,2.3,46.3,Male,UK,Education,111510.07
37,Bachelor's,HR Specialist,6.4,41.0,Female,Canada,Technology,132271.55
37,Bachelor's,Operations Manager,6.8,33.4,Male,USA,Technology,191993.92
36,Master's,Operations Manager,3.1,37.1,Female,Germany,Healthcare,118694.4
53,Master's,Operations Manager,18.2,58.6,Male,India,Retail,52430.94
48,Bachelor's,Financial Analyst,7.4,38.4,Male,USA,Manufacturing,153495.96
59,Bachelor's,Operations Manager,24.7,39.8,Male,USA,Manufacturing,119561.67
49,Master's,Operations Manager,16.4,40.9,Female,Australia,Healthcare,172378.67
46,Master's,HR Specialist,13.8,35.1,Male,USA,Retail,142379.1
47,Master's,Product Manager,13.6,39.8,Male,USA,Technology,232767.01
24,Bachelor's,Mechanical Engineer,3.2,46.6,Female,USA,Retail,135443.0
62,Master's,Marketing Manager,22.9,39.2,Female,UK,Manufacturing,163681.14
26,Master's,Operations Manager,8.0,32.5,Male,India,Retail,43471.19
36,PhD,HR Specialist,11.2,53.0,Male,Australia,Technology,254430.56
42,Master's,Sales Executive,15.8,50.2,Female,UK,Healthcare,163754.4
38,Bachelor's,Marketing Manager,13.2,29.3,Female,Canada,Retail,95269.72
22,High School,Customer Support,0.0,39.0,Male,Canada,Technology,93385.79
44,Master's,Software Engineer,13.3,28.8,Female,India,Technology,77129.58
36,High School,Mechanical Engineer,13.1,43.4,Male,Canada,Manufacturing,89663.28
38,High School,Mechanical Engineer,13.8,37.2,Female,Australia,Manufacturing,96186.77
50,High School,Mechanical Engineer,16.1,35.3,Male,Germany,Manufacturing,79749.53
41,Bachelor's,Customer Support,3.3,35.1,Female,India,Healthcare,42945.59
36,PhD,Operations Manager,6.3,41.3,Female,UK,Technology,211264.54
35,Bachelor's,Data Analyst,8.0,48.5,Female,UK,Education,115436.68
38,High School,Software Engineer,0.0,53.1,Male,India,Manufacturing,34865.65
30,High School,Customer Support,3.9,34.9,Female,Canada,Finance,99763.05
40,Bachelor's,Customer Support,14.5,46.0,Male,India,Education,34523.77
33,Bachelor's,Customer Support,7.4,44.3,Female,USA,Technology,163638.35
36,Bachelor's,Customer Support,9.8,41.5,Female,UK,Retail,82873.59
38,High School,Marketing Manager,9.1,54.7,Female,India,Education,36893.9
43,High School,Sales Executive,11.8,51.5,Male,Canada,Retail,86054.12
39,Master's,Sales Executive,8.1,34.5,Male,UK,Finance,179081.23
28,Bachelor's,Marketing Manager,6.1,32.3,Female,UK,Retail,103462.07
34,Master's,HR Specialist,9.7,42.4,Female,Australia,Manufacturing,121024.03
52,High School,Operations Manager,11.7,41.3,Male,Australia,Manufacturing,92825.49
29,Bachelor's,Customer Support,1.9,29.0,Male,India,Education,34154.07
18,High School,Financial Analyst,0.0,34.5,Male,Canada,Manufacturing,97624.23
45,Bachelor's,HR Specialist,11.6,44.0,Female,India,Finance,53696.69
48,High School,Marketing Manager,18.2,33.9,Female,UK,Education,90980.42
44,Bachelor's,Software Engineer,13.1,25.4,Male,Germany,Healthcare,134482.52
34,High School,Data Analyst,8.1,47.9,Male,India,Retail,31035.32
40,PhD,Customer Support,13.4,45.2,Female,Canada,Technology,208800.07
38,Bachelor's,Software Engineer,12.7,55.4,Other,USA,Finance,212114.76
51,Bachelor's,Sales Executive,20.6,23.8,Male,UK,Retail,92578.4
30,Bachelor's,Operations Manager,6.1,38.2,Female,Australia,Technology,139585.98
37,Bachelor's,Financial Analyst,9.5,34.0,Male,Canada,Healthcare,155920.23
44,High School,HR Specialist,14.1,50.5,Male,India,Retail,32923.4
49,Master's,Product Manager,11.0,42.1,Female,Australia,Finance,214997.07
30,Master's,Mechanical Engineer,5.7,51.3,Male,Canada,Finance,192879.87
33,Master's,Product Manager,7.4,29.3,Male,Germany,Education,135678.82
41,Bachelor's,Customer Support,14.4,34.0,Male,India,Technology,59760.87
28,Bachelor's,Data Analyst,3.3,42.7,Female,India,Manufacturing,41290.52
32,Bachelor's,HR Specialist,14.0,46.0,Male,India,Retail,45065.22
57,High School,Software Engineer,21.5,42.1,Male,Germany,Manufacturing,90851.66
20,High School,Mechanical Engineer,2.0,41.7,Female,India,Education,27451.5
34,Bachelor's,Mechanical Engineer,9.3,39.9,Male,Canada,Technology,141517.05
28,Master's,Marketing Manager,0.1,42.8,Female,UK,Manufacturing,150894.81
45,Bachelor's,Financial Analyst,11.7,49.3,Female,Germany,Retail,120820.43
48,High School,HR Specialist,15.1,46.4,Male,USA,Technology,151263.02
43,Bachelor's,Customer Support,12.6,51.0,Female,Germany,Education,82829.57
33,Master's,Customer Support,12.1,43.6,Female,India,Finance,76698.7
50,Master's,Software Engineer,15.3,34.5,Male,Australia,Retail,141091.84
23,High School,Product Manager,0.0,57.7,Male,Canada,Technology,147420.46
31,Bachelor's,Marketing Manager,7.1,43.0,Male,India,Manufacturing,50270.97
31,Bachelor's,Customer Support,11.5,45.1,Male,Australia,Technology,143915.39
36,High School,Software Engineer,4.1,44.1,Female,India,Healthcare,39317.46
31,Master's,Operations Manager,5.7,56.2,Female,India,Finance,64505.97
57,Master's,Marketing Manager,28.6,31.5,Male,UK,Technology,191616.76
44,Bachelor's,Product Manager,4.5,43.6,Female,Australia,Education,127812.7
51,Bachelor's,Mechanical Engineer,15.1,39.2,Female,Germany,Manufacturing,128763.49
30,Bachelor's,Marketing Manager,4.1,34.7,Male,India,Healthcare,60113.75
53,High School,Software Engineer,15.2,40.9,Female,Germany,Retail,102634.87
38,High School,Financial Analyst,7.5,40.5,Female,Canada,Healthcare,111616.65
42,Bachelor's,Software Engineer,13.7,46.2,Female,USA,Healthcare,211990.42
45,Bachelor's,HR Specialist,11.4,29.9,Male,UK,Healthcare,129709.9
57,Bachelor's,Financial Analyst,25.5,37.4,Female,USA,Finance,220143.03
49,High School,Mechanical Engineer,19.8,34.3,Female,USA,Education,102979.31
43,Bachelor's,Operations Manager,11.3,40.7,Female,Germany,Finance,139099.98
38,Bachelor's,Customer Support,10.6,45.6,Male,USA,Technology,157917.25
44,Master's,HR Specialist,13.6,44.3,Female,Germany,Retail,108346.04
39,High School,Software Engineer,6.3,46.6,Male,India,Retail,39308.13
25,High School,Operations Manager,0.0,47.3,Female,Canada,Healthcare,95000.53
43,Master's,Mechanical Engineer,20.4,49.7,Female,UK,Manufacturing,181523.41
26,Master's,Mechanical Engineer,2.4,28.2,Female,Germany,Healthcare,132700.11
32,PhD,Mechanical Engineer,12.5,51.7,Female,UK,Education,161255.25
49,Master's,Financial Analyst,20.0,55.9,Female,Canada,Manufacturing,177405.35
36,Bachelor's,Financial Analyst,6.3,54.4,Female,UK,Education,135871.53
59,Master's,Data Analyst,17.9,42.2,Male,USA,Education,143203.96
31,Bachelor's,Customer Support,5.7,39.8,Female,Australia,Healthcare,125688.51
42,Master's,Customer Support,4.9,40.3,Female,USA,Healthcare,173802.03
41,High School,Sales Executive,13.9,31.0,Female,India,Healthcare,38146.88
29,Master's,Product Manager,3.6,44.9,Male,Germany,Manufacturing,166303.26
40,Master's,Mechanical Engineer,8.5,36.1,Male,Australia,Technology,214048.62
31,Bachelor's,Sales Executive,0.5,41.1,Male,Australia,Retail,96447.7
20,High School,Product Manager,1.2,53.3,Female,Canada,Retail,91174.74
43,Master's,Sales Executive,9.6,45.4,Male,UK,Education,115021.56
25,High School,Software Engineer,0.0,40.1,Male,Australia,Retail,87439.26
38,Bachelor's,Financial Analyst,9.6,40.1,Female,Germany,Healthcare,141424.99
41,Master's,Operations Manager,11.7,45.6,Female,Germany,Healthcare,157521.78
29,Bachelor's,Product Manager,3.4,42.8,Male,Canada,Manufacturing,145289.92
40,High School,Marketing Manager,9.8,41.9,Male,Canada,Finance,114490.39
33,PhD,Product Manager,2.7,44.7,Male,Australia,Education,151469.7
46,Bachelor's,HR Specialist,21.2,20.0,Female,Australia,Education,88278.91
48,Master's,Operations Manager,12.4,53.0,Male,India,Manufacturing,61938.81
38,Master's,Financial Analyst,8.1,34.7,Female,Australia,Manufacturing,128575.73
44,High School,Software Engineer,17.5,44.4,Female,Germany,Finance,133480.32
51,PhD,Mechanical Engineer,13.1,40.5,Male,Australia,Healthcare,195011.07
46,High School,Mechanical Engineer,18.4,46.5,Male,Germany,Healthcare,97719.51
57,High School,HR Specialist,23.5,,Female,Australia,Technology,107673.05
28,Master's,Customer Support,3.9,37.7,Female,Australia,Education,92204.3
41,Bachelor's,Marketing Manager,7.2,28.5,Male,Germany,Healthcare,128889.92
23,Bachelor's,Financial Analyst,0.1,55.3,Male,Canada,Manufacturing,135864.24
32,High School,Marketing Manager,6.1,37.3,Female,USA,Education,82374.45
29,Master's,Financial Analyst,11.0,44.4,Male,UK,Technology,201358.95
18,Master's,Data Analyst,0.0,30.1,Female,USA,Healthcare,172109.26
42,High School,Financial Analyst,7.6,38.8,Male,UK,Healthcare,125479.84
37,High School,Operations Manager,7.5,51.4,Male,Germany,Manufacturing,78961.99
26,Bachelor's,Customer Support,8.0,45.2,Male,India,Finance,52785.07
43,Bachelor's,Product Manager,13.9,43.4,Male,UK,Retail,130116.53
26,Master's,Product Manager,0.0,50.5,Male,India,Finance,76004.35
21,Bachelor's,Financial Analyst,3.0,39.0,Female,Germany,Education,100505.96
27,Master's,Mechanical Engineer,4.5,47.8,Female,Australia,Finance,185381.95
39,Master's,Customer Support,15.0,43.8,Male,Canada,Healthcare,153898.93
28,High School,HR Specialist,2.7,60.9,Female,Australia,Retail,79709.19
25,High School,HR Specialist,3.2,37.5,Female,India,Retail,29233.18
33,High School,Software Engineer,2.5,50.4,Female,UK,Education,93438.75
43,Bachelor's,Software Engineer,15.2,40.4,Male,Germany,Manufacturing,130614.53
43,Bachelor's,Operations Manager,11.5,42.9,Male,Germany,Education,95719.72
35,Bachelor's,Customer Support,3.3,34.2,Female,India,Finance,51861.71
27,Bachelor's,Sales Executive,4.8,50.6,Male,Australia,Finance,152205.72
22,High School,HR Specialist,2.0,42.1,Female,Canada,Retail,70740.03
43,Master's,Customer Support,12.8,39.7,Male,UK,Manufacturing,118726.53
22,Bachelor's,Mechanical Engineer,4.0,46.2,Female,Australia,Retail,99523.53
24,High School,Product Manager,6.0,46.5,Male,Canada,Finance,148870.9
46,Bachelor's,HR Specialist,15.2,60.0,Female,Australia,Manufacturing,114583.44
35,Master's,Software Engineer,14.0,36.5,Female,Germany,Healthcare,177107.84
32,Bachelor's,Mechanical Engineer,10.4,37.5,Male,Canada,Education,101453.91
46,Bachelor's,Customer Support,10.6,41.8,Male,USA,Finance,147892.55
45,High School,Software Engineer,15.1,28.9,Male,Canada,Manufacturing,101437.43
46,PhD,Operations Manager,12.5,42.2,Female,UK,Education,150474.78
36,High School,Financial Analyst,18.0,40.7,Female,USA,Healthcare,135812.93
23,PhD,Marketing Manager,0.0,40.2,Other,USA,Retail,168855.62
46,Bachelor's,Sales Executive,12.6,35.2,Female,Germany,Retail,95540.88
32,High School,HR Specialist,9.8,51.1,Male,Canada,Manufacturing,80670.78
37,Master's,Financial Analyst,14.4,32.8,Female,Germany,Education,121888.6
29,Bachelor's,Financial Analyst,6.2,37.8,Male,Germany,Retail,103670.32
23,PhD,Customer Support,0.0,20.0,Female,India,Finance,61044.72
30,Master's,Software Engineer,4.3,35.1,Male,Australia,Retail,130413.95
41,Master's,Mechanical Engineer,12.1,45.5,Female,India,Finance,72453.31
40,PhD,Mechanical Engineer,10.5,39.1,Female,USA,Finance,217223.82
34,Bachelor's,Software Engineer,15.3,43.2,Female,UK,Finance,195055.01
28,Bachelor's,Mechanical Engineer,0.0,33.6,Female,Australia,Manufacturing,114503.09
25,Master's,Marketing Manager,5.2,47.5,Male,USA,Healthcare,192949.58
34,High School,Marketing Manager,3.7,54.4,Female,Germany,Education,82987.34
48,Bachelor's,Software Engineer,14.1,43.8,Male,USA,Finance,228495.55
28,Master's,Data Analyst,2.2,47.0,Female,Australia,Technology,196677.81
41,Bachelor's,Marketing Manager,12.9,47.9,Female,India,Education,52532.57
34,Bachelor's,HR Specialist,8.3,36.6,Female,Germany,Technology,126553.59
28,Master's,Software Engineer,2.3,51.1,Female,USA,Retail,179173.48
43,High School,Sales Executive,14.7,42.8,Female,USA,Healthcare,127221.32
31,High School,Software Engineer,8.9,39.6,Male,UK,Manufacturing,113115.15
46,Bachelor's,Product Manager,13.7,48.4,Male,UK,Technology,212177.7
56,Bachelor's,HR Specialist,18.4,27.8,Male,India,Healthcare,48022.08
26,High School,HR Specialist,5.1,49.4,Male,Canada,Technology,118714.28
58,Bachelor's,Marketing Manager,19.1,41.4,Female,Australia,Technology,162989.36
43,Master's,Financial Analyst,8.8,44.2,Male,USA,Retail,172720.94
47,High School,Financial Analyst,19.2,39.1,Male,Canada,Education,84318.49
22,PhD,Marketing Manager,0.0,37.7,Male,Germany,Healthcare,177915.0
52,Bachelor's,Product Manager,23.1,24.7,Female,Germany,Technology,176559.58
37,Master's,Product Manager,6.3,50.8,Male,India,Finance,80871.82
26,Master's,Sales Executive,5.5,41.6,Male,India,Healthcare,65235.25
35,Bachelor's,Marketing Manager,3.0,49.0,Female,India,Manufacturing,52624.94
53,PhD,Marketing Manager,13.6,41.5,Other,Germany,Education,154241.03
54,High School,Data Analyst,16.5,42.6,Male,India,Finance,48552.12
24,Bachelor's,Operations Manager,1.9,54.1,Female,Australia,Technology,164640.69
36,Bachelor's,Product Manager,9.3,46.7,Male,Australia,Finance,198019.75
37,Master's,Mechanical Engineer,12.6,56.4,Female,USA,Technology,240410.51
40,Bachelor's,Product Manager,11.1,45.2,Female,Canada,Retail,116000.34
29,High School,Financial Analyst,5.4,43.5,Female,UK,Retail,88004.72
47,Master's,Mechanical Engineer,18.7,47.1,Other,UK,Retail,136843.39
23,High School,Operations Manager,5.0,37.5,Female,India,Retail,34043.04
18,Bachelor's,Data Analyst,0.0,48.4,Male,India,Retail,40032.17
28,Master's,Sales Executive,1.8,54.9,Male,India,Education,50394.22
39,Bachelor's,Operations Manager,7.2,33.8,Male,Australia,Technology,143434.1
30,PhD,Product Manager,7.5,52.2,Male,UK,Finance,261102.24
34,High School,Customer Support,3.4,38.6,Male,UK,Manufacturing,78668.49
38,Bachelor's,Operations Manager,11.4,41.3,Male,Germany,Finance,147861.94
39,High School,Product Manager,12.7,44.2,Male,UK,Healthcare,134579.4
45,PhD,Operations Manager,15.5,49.8,Female,Canada,Finance,222931.22
56,Bachelor's,Customer Support,26.9,43.3,Male,Australia,Finance,141086.0
31,PhD,Product Manager,0.8,61.1,Male,UK,Education,183082.06
56,High School,Data Analyst,22.2,30.0,Male,UK,Healthcare,117217.82
33,Bachelor's,Sales Executive,10.3,33.3,Female,UK,Manufacturing,106786.95
38,High School,Marketing Manager,15.4,35.7,Female,Canada,Education,88699.86
36,Bachelor's,Marketing Manager,5.7,60.5,Male,Canada,Healthcare,156734.9
54,PhD,Mechanical Engineer,13.0,30.9,Male,UK,Education,136923.42
43,Bachelor's,Product Manager,8.6,37.8,Female,USA,Manufacturing,178612.91
52,Master's,Operations Manager,14.1,26.1,Female,India,Healthcare,65056.43
37,High School,Sales Executive,12.0,41.0,Female,USA,Healthcare,109493.48
45,Master's,Software Engineer,19.7,43.5,Male,USA,Manufacturing,222669.87
44,High School,Operations Manager,8.5,46.3,Male,India,Healthcare,40255.26
28,Master's,HR Specialist,8.3,46.7,Male,India,Technology,64463.61
41,Bachelor's,Data Analyst,8.9,40.1,Female,USA,Retail,137045.34
26,Bachelor's,Product Manager,8.0,40.7,Female,India,Manufacturing,62245.67
30,Bachelor's,Product Manager,0.9,40.0,Female,Australia,Manufacturing,137009.33
23,Master's,Financial Analyst,3.4,29.2,Female,Germany,Technology,186025.19
40,Bachelor's,Software Engineer,12.2,47.2,Male,Australia,Finance,174064.1
27,High School,Customer Support,4.6,38.1,Male,UK,Manufacturing,88247.95
40,High School,Product Manager,12.4,51.0,Female,UK,Retail,102932.56
35,High School,Software Engineer,1.8,47.4,Male,Germany,Manufacturing,90056.25
42,Bachelor's,Operations Manager,8.3,36.5,Female,Canada,Technology,149152.53
54,Bachelor's,Financial Analyst,20.8,43.9,Female,USA,Manufacturing,161867.36
47,Bachelor's,HR Specialist,17.1,46.8,Female,Australia,Education,104490.78
38,High School,HR Specialist,9.1,37.5,Female,UK,Education,78648.84
44,High School,Customer Support,15.6,22.0,Female,Canada,Retail,68088.99
18,High School,Sales Executive,0.0,56.6,Female,USA,Technology,140710.39
48,High School,Data Analyst,13.5,39.3,Female,Canada,Education,79222.07
36,High School,Marketing Manager,9.5,48.3,Female,India,Education,31184.75
39,Master's,Customer Support,9.3,38.1,Male,India,Finance,56282.89
46,High School,Financial Analyst,13.3,42.4,Female,Canada,Manufacturing,103056.1
31,High School,Marketing Manager,11.9,35.4,Male,Germany,Manufacturing,83035.23
30,Bachelor's,Software Engineer,1.4,54.1,Female,Australia,Manufacturing,160287.79
55,High School,Sales Executive,19.5,43.8,Male,India,Retail,33809.8
29,Bachelor's,Mechanical Engineer,6.7,33.6,Male,India,Manufacturing,49774.31
37,PhD,Sales Executive,9.8,31.3,Female,UK,Healthcare,170284.83
28,Bachelor's,Data Analyst,5.2,35.8,Other,India,Manufacturing,45266.34
18,High School,HR Specialist,0.0,36.3,Female,Australia,Education,67436.6
43,Bachelor's,Customer Support,8.0,36.9,Female,USA,Retail,109009.63
41,Bachelor's,Sales Executive,8.9,28.5,Male,India,Finance,58582.62
24,Master's,HR Specialist,3.8,34.6,Male,Germany,Technology,128866.94
43,High School,Data Analyst,17.5,25.9,Male,USA,Technology,147190.28
35,Master's,Operations Manager,6.1,43.3,Female,India,Education,50134.09
60,Master's,Mechanical Engineer,14.7,50.7,Male,Germany,Finance,193859.9
28,High School,Product Manager,4.9,44.5,Male,UK,Finance,142085.69
53,High School,Sales Executive,21.2,46.1,Male,India,Education,31801.1
48,Bachelor's,Software Engineer,17.9,34.4,Female,Canada,Healthcare,143325.63
41,High School,Data Analyst,12.9,44.4,Male,USA,Retail,99322.77
35,High School,Software Engineer,1.5,41.4,Female,UK,Retail,96482.31
29,Bachelor's,Customer Support,6.3,40.3,Male,Australia,Finance,132527.74
28,PhD,Data Analyst,9.0,35.7,Male,UK,Healthcare,195754.35
45,High School,Operations Manager,17.1,39.0,Male,India,Education,32802.24
27,Bachelor's,Marketing Manager,5.8,43.7,Male,Germany,Retail,100664.24
33,Master's,Financial Analyst,10.3,46.0,Female,USA,Education,159868.51
50,High School,Operations Manager,18.4,42.7,Female,UK,Retail,78837.52
30,High School,Sales Executive,7.4,50.2,Female,Australia,Retail,69647.23
26,Master's,Marketing Manager,0.0,47.7,Male,UK,Healthcare,153283.04
42,Bachelor's,Customer Support,11.3,33.7,Female,Germany,Manufacturing,99836.72
37,Bachelor's,Mechanical Engineer,8.9,51.9,Male,India,Healthcare,50842.42
42,Master's,Marketing Manager,8.0,59.0,Female,UK,Retail,154818.69
35,Master's,Operations Manager,6.4,52.0,Female,India,Retail,55990.45
38,Bachelor's,Software Engineer,12.5,26.8,Female,Canada,Manufacturing,134928.65
30,Bachelor's,Financial Analyst,9.0,35.5,Female,India,Healthcare,61539.66
40,Master's,Customer Support,5.1,45.3,Female,UK,Manufacturing,116401.57
32,Master's,Customer Support,6.8,28.4,Male,Australia,Manufacturing,110989.63
50,PhD,Customer Support,15.9,48.4,Female,Canada,Manufacturing,170542.02
36,Bachelor's,Marketing Manager,8.4,41.3,Female,Australia,Finance,138769.56
28,Master's,Software Engineer,5.9,40.5,Female,India,Retail,61205.69
44,Bachelor's,Product Manager,12.9,48.8,Female,Canada,Technology,207555.79
43,Master's,Sales Executive,9.7,50.4,Male,Australia,Finance,170813.65
19,Master's,Operations Manager,1.0,34.4,Male,UK,Finance,157917.9
51,Bachelor's,Software Engineer,16.6,42.1,Female,USA,Retail,140934.39
44,Master's,Sales Executive,9.0,44.5,Male,Australia,Education,120774.58
31,Master's,Data Analyst,5.2,41.5,Male,India,Education,51258.6
34,High School,Mechanical Engineer,13.3,42.0,Male,India,Retail,35095.59
39,High School,Marketing Manager,15.4,48.1,Male,UK,Education,81017.57
38,Bachelor's,Data Analyst,13.8,44.1,Female,Germany,Manufacturing,141602.27
44,Bachelor's,Financial Analyst,10.6,36.5,Female,UK,Finance,160171.88
37,High School,HR Specialist,7.3,52.5,Other,Canada,Healthcare,110180.71
38,Bachelor's,Data Analyst,4.4,41.4,Male,India,Technology,67151.55
45,High School,HR Specialist,16.9,56.5,Male,Canada,Technology,125143.46
18,High School,Mechanical Engineer,0.0,47.3,Female,Australia,Healthcare,102623.53
47,Master's,HR Specialist,8.0,47.9,Female,Australia,Technology,167724.09
31,High School,Financial Analyst,12.0,33.1,Male,USA,Manufacturing,103833.31
40,High School,Software Engineer,20.4,41.4,Male,Germany,Manufacturing,115491.97
29,PhD,Mechanical Engineer,2.6,23.5,Male,USA,Healthcare,194487.88
44,Bachelor's,Software Engineer,23.4,55.5,Male,USA,Manufacturing,161769.07
30,High School,Marketing Manager,5.5,36.3,Female,UK,Finance,137448.18
48,Master's,Financial Analyst,16.9,48.3,Female,India,Retail,51087.14
52,High School,Operations Manager,18.2,20.8,Female,Germany,Finance,84721.99
38,Master's,Customer Support,11.9,54.2,Male,UK,Retail,132975.67
37,PhD,Product Manager,10.7,33.8,Other,Canada,Retail,165653.74
37,Master's,Data Analyst,10.1,57.7,Female,USA,Manufacturing,192692.92
46,PhD,Financial Analyst,5.9,42.2,Female,Australia,Education,155036.78
40,Master's,HR Specialist,12.7,40.8,Male,Germany,Retail,136808.48
42,High School,Financial Analyst,16.2,50.5,Female,Germany,Education,81797.61
23,Bachelor's,Operations Manager,0.0,32.6,Male,USA,Manufacturing,133821.47
23,Bachelor's,Mechanical Engineer,1.9,35.6,Male,USA,Retail,121272.52
42,Master's,Data Analyst,3.7,45.5,Male,Australia,Retail,126857.3
26,PhD,Financial Analyst,0.0,36.4,Male,India,Education,52094.09
41,High School,HR Specialist,11.6,56.2,Female,Germany,Finance,111594.6
29,Bachelor's,Marketing Manager,4.2,44.0,Female,Germany,Retail,86229.84
37,High School,Marketing Manager,14.0,41.2,Female,Canada,Technology,133651.19
38,Master's,Data Analyst,13.0,30.6,Female,Canada,Finance,173207.68
33,Bachelor's,Data Analyst,10.4,48.3,Female,Australia,Education,123842.89
34,High School,Software Engineer,9.4,45.5,Male,Australia,Finance,143608.9
25,Master's,Software Engineer,0.0,36.1,Male,Australia,Technology,206048.15
46,High School,Sales Executive,11.8,40.5,Male,Germany,Technology,118997.3
40,Bachelor's,HR Specialist,6.0,41.7,Male,UK,Retail,93293.37
32,Master's,Financial Analyst,4.6,42.9,Female,UK,Healthcare,183667.33
37,High School,Data Analyst,9.2,52.1,Female,Australia,Technology,105000.34
50,Bachelor's,Software Engineer,16.6,43.8,Male,Canada,Healthcare,166313.76
46,High School,Financial Analyst,16.7,47.9,Male,USA,Retail,117625.91
40,High School,Product Manager,14.3,46.6,Female,UK,Manufacturing,116775.32
25,Bachelor's,Customer Support,7.0,35.0,Male,Germany,Technology,118427.97
36,High School,Customer Support,13.3,20.0,Male,Australia,Education,62199.74
62,Bachelor's,Data Analyst,24.4,41.1,Female,Germany,Finance,128413.29
39,PhD,Customer Support,13.0,44.5,Female,Germany,Retail,129884.74
47,Bachelor's,Customer Support,12.4,36.7,Male,Germany,Retail,96584.81
37,Bachelor's,Product Manager,9.3,48.9,Female,Canada,Finance,160798.96
38,Bachelor's,Sales Executive,6.2,33.7,Male,USA,Finance,162208.62
40,PhD,Marketing Manager,8.6,44.2,Male,Canada,Education,148217.76
37,Bachelor's,Customer Support,9.5,43.7,Male,USA,Technology,141972.17
35,High School,Data Analyst,12.0,37.7,Male,India,Technology,53114.45
33,Master's,Financial Analyst,8.6,32.3,Female,India,Retail,55955.54
37,Bachelor's,Marketing Manager,6.3,33.4,Female,Australia,Healthcare,127368.3
44,PhD,Operations Manager,12.6,48.8,Female,Australia,Manufacturing,177545.78
50,Master's,Software Engineer,20.3,33.4,Female,USA,Education,159537.61
40,Bachelor's,Sales Executive,8.2,38.8,Male,UK,Finance,144370.08
34,High School,Software Engineer,3.8,32.9,Female,Canada,Retail,85129.09
53,PhD,Software Engineer,18.5,43.9,Male,Germany,Education,154266.24
41,Master's,Marketing Manager,12.8,35.9,Other,Canada,Technology,216275.66
42,Master's,Product Manager,7.5,50.2,Female,Australia,Education,128718.22
18,Master's,Product Manager,0.0,39.4,Female,Canada,Education,98062.86
32,Master's,Financial Analyst,7.3,54.8,Male,Germany,Retail,136911.84
33,PhD,Marketing Manager,1.4,42.5,Other,India,Technology,86626.71
56,Bachelor's,Product Manager,16.9,46.4,Other,UK,Technology,214298.86
23,High School,Financial Analyst,0.0,35.2,Female,India,Finance,37470.41
22,Bachelor's,Operations Manager,4.0,51.5,Female,USA,Finance,147895.26
35,PhD,Financial Analyst,8.9,48.6,Male,Australia,Manufacturing,185152.87
34,High School,Operations Manager,5.4,28.2,Female,Germany,Manufacturing,95275.92
38,PhD,Marketing Manager,15.4,32.4,Female,Germany,Manufacturing,191814.17
46,Bachelor's,Operations Manager,9.0,42.8,Female,USA,Finance,198334.82
35,Master's,Software Engineer,12.1,49.3,Female,Canada,Healthcare,204898.98
40,Master's,Product Manager,9.5,50.3,Male,UK,Finance,228184.38
58,High School,Marketing Manager,18.1,44.5,Female,UK,Retail,88388.32
33,High School,Financial Analyst,10.2,,Female,Germany,Healthcare,100308.8
56,High School,Product Manager,14.9,46.1,Female,India,Technology,57236.31
47,Master's,Software Engineer,22.9,49.5,Female,USA,Education,197371.4
37,High School,Software Engineer,5.2,40.9,Male,USA,Healthcare,130951.51
35,Bachelor's,Data Analyst,8.1,41.1,Male,Australia,Education,86207.89
33,Bachelor's,Customer Support,7.2,33.3,Female,India,Healthcare,36311.39
40,High School,HR Specialist,7.7,30.6,Male,Canada,Manufacturing,77749.33
39,High School,Mechanical Engineer,7.0,34.3,Female,India,Education,30771.42
44,High School,Sales Executive,15.1,56.1,Male,Germany,Technology,113723.37
36,Master's,Software Engineer,4.8,37.3,Female,USA,Healthcare,248463.0
44,Bachelor's,Customer Support,13.1,50.3,Male,USA,Manufacturing,127196.86
26,Master's,Product Manager,8.0,35.5,Female,UK,Education,139216.5
26,Bachelor's,Customer Support,1.3,35.8,Female,Germany,Education,62321.33
34,Master's,HR Specialist,13.4,29.3,Male,UK,Healthcare,173108.06
47,High School,Operations Manager,13.7,41.9,Female,India,Technology,48773.61
20,Bachelor's,Mechanical Engineer,0.0,44.1,Female,Australia,Finance,135611.76
43,Bachelor's,Product Manager,7.0,47.8,Male,Australia,Technology,173948.35
52,High School,Marketing Manager,12.6,27.6,Female,Australia,Manufacturing,85884.44
21,High School,Software Engineer,0.0,47.0,Female,UK,Retail,92051.36
53,Master's,Financial Analyst,23.5,42.8,Male,Canada,Retail,151822.53
29,High School,Product Manager,11.0,42.3,Male,Germany,Manufacturing,103942.01
39,Bachelor's,Data Analyst,7.8,47.0,Male,UK,Healthcare,173874.29
32,PhD,HR Specialist,3.0,42.1,Other,Germany,Healthcare,152636.84
47,Bachelor's,HR Specialist,17.9,53.2,Female,USA,Technology,190197.97
63,Bachelor's,Product Manager,28.0,36.1,Male,UK,Technology,183200.55
49,Bachelor's,Customer Support,20.0,35.2,Male,Australia,Finance,160211.48
26,Master's,Marketing Manager,5.7,36.1,Male,India,Healthcare,64485.15
46,Bachelor's,Software Engineer,10.2,45.0,Male,Canada,Education,118881.72
34,Bachelor's,Software Engineer,6.1,48.3,Male,Australia,Education,129143.65
40,Bachelor's,Operations Manager,12.8,26.0,Female,Canada,Healthcare,131519.67
18,PhD,Data Analyst,0.0,36.7,Male,UK,Retail,146243.91
37,High School,Marketing Manager,12.2,39.7,Female,USA,Retail,114758.27
41,Bachelor's,Data Analyst,14.8,43.2,Female,India,Technology,66562.42
59,Bachelor's,Marketing Manager,17.2,47.9,Male,UK,Technology,167111.45
43,Bachelor's,Data Analyst,8.8,43.5,Male,India,Finance,59940.45
44,Master's,Financial Analyst,20.8,55.5,Male,USA,Education,171996.14
25,Master's,HR Specialist,0.0,23.7,Female,Germany,Technology,146162.59
40,Master's,Financial Analyst,6.9,,Female,India,Healthcare,62410.85
46,High School,HR Specialist,18.1,46.3,Female,UK,Retail,92315.06
49,Bachelor's,Sales Executive,22.5,41.2,Male,Australia,Finance,159158.95
30,High School,Mechanical Engineer,1.9,47.2,Male,UK,Retail,80088.18
31,PhD,Sales Executive,5.9,29.6,Male,Australia,Healthcare,182203.39
43,Master's,HR Specialist,14.2,33.5,Female,Australia,Retail,96315.22
33,Bachelor's,Financial Analyst,5.3,34.3,Male,Canada,Retail,109303.14
34,High School,Data Analyst,11.1,43.2,Male,Australia,Technology,150012.73
47,High School,Sales Executive,15.3,46.2,Male,USA,Education,118040.66
31,High School,Sales Executive,0.0,45.0,Male,UK,Finance,100568.02
43,Bachelor's,Marketing Manager,24.2,43.9,Male,Canada,Finance,158911.37
37,Master's,Financial Analyst,13.0,32.5,Female,UK,Technology,229979.39
49,Bachelor's,Mechanical Engineer,17.9,40.3,Female,Australia,Finance,174872.42
32,Bachelor's,Marketing Manager,9.8,39.0,Male,UK,Finance,163558.94
37,PhD,Software Engineer,6.0,43.4,Female,Germany,Healthcare,208243.32
29,High School,Sales Executive,11.0,47.3,Female,USA,Education,85129.05
45,High School,Marketing Manager,14.4,23.9,Female,Germany,Retail,75971.02
28,High School,Software Engineer,1.6,43.8,Male,UK,Finance,122211.53
37,Bachelor's,Marketing Manager,3.7,40.1,Female,USA,Education,131725.9
28,PhD,Operations Manager,5.0,43.5,Other,Germany,Healthcare,173383.43
37,Master's,HR Specialist,5.3,39.0,Male,USA,Healthcare,168596.27
41,High School,Mechanical Engineer,8.5,51.7,Male,Australia,Healthcare,103956.66
42,High School,Marketing Manager,15.7,39.1,Female,USA,Healthcare,127606.43
44,Bachelor's,Customer Support,6.9,37.1,Male,USA,Manufacturing,125149.2
33,High School,Customer Support,8.2,,Female,Germany,Finance,92993.4
43,Bachelor's,Mechanical Engineer,14.0,50.6,Male,UK,Manufacturing,152064.01
37,Bachelor's,Marketing Manager,13.0,61.7,Male,Canada,Technology,172421.99
49,PhD,Product Manager,8.5,42.2,Male,Germany,Technology,230273.0
49,Master's,Mechanical Engineer,21.0,,Female,Germany,Technology,175321.21
43,Bachelor's,Product Manager,13.2,37.1,Female,Germany,Manufacturing,127497.22
49,Bachelor's,Data Analyst,14.1,42.5,Male,Germany,Retail,114553.94
39,Bachelor's,Mechanical Engineer,7.7,37.2,Male,USA,Finance,172072.04
44,Bachelor's,Product Manager,21.0,40.1,Female,Germany,Manufacturing,166256.54
37,Bachelor's,HR Specialist,10.2,49.9,Male,Canada,Finance,140934.43
27,High School,Software Engineer,8.6,51.2,Female,India,Education,33550.88
42,High School,Marketing Manager,5.2,31.9,Female,Australia,Healthcare,109754.76
18,Bachelor's,Customer Support,0.0,43.3,Female,Germany,Retail,81460.53
39,Master's,Customer Support,13.2,31.4,Female,USA,Technology,149252.4
46,Master's,Software Engineer,13.4,47.4,Female,Australia,Finance,235081.61
37,Bachelor's,HR Specialist,8.2,22.7,Female,Germany,Finance,125146.78
35,Master's,HR Specialist,4.7,47.7,Male,Germany,Finance,160646.13
41,Bachelor's,Financial Analyst,12.0,38.0,Male,Canada,Technology,175001.57
28,High School,Sales Executive,0.0,57.0,Female,Australia,Manufacturing,100990.99
56,Bachelor's,Data Analyst,12.6,34.5,Female,UK,Healthcare,134437.32
34,Master's,Customer Support,2.9,47.5,Female,India,Technology,63129.68
40,Master's,Financial Analyst,10.1,25.6,Female,USA,Healthcare,212124.79
46,Master's,Product Manager,19.4,31.4,Female,Canada,Education,142883.35
36,Bachelor's,Financial Analyst,6.6,44.6,Female,Canada,Retail,102799.93
26,Bachelor's,Marketing Manager,4.1,43.2,Female,USA,Retail,147585.85
42,Master's,Mechanical Engineer,8.2,48.5,Male,UK,Manufacturing,156576.21
29,High School,Software Engineer,3.5,38.8,Male,UK,Healthcare,125713.45
43,PhD,Customer Support,16.5,42.9,Male,USA,Finance,229904.16
49,Bachelor's,Financial Analyst,8.8,31.9,Female,Australia,Education,121407.55
39,High School,Operations Manager,9.4,33.9,Male,UK,Finance,112546.48
18,High School,HR Specialist,0.0,29.2,Male,Australia,Finance,89997.74
40,PhD,Product Manager,5.8,55.8,Female,USA,Retail,207433.44
38,Master's,Mechanical Engineer,14.3,26.5,Female,Germany,Finance,160254.97
37,Bachelor's,Marketing Manager,11.9,52.4,Female,Canada,Finance,164095.73
51,Master's,Customer Support,17.9,51.2,Female,USA,Manufacturing,157136.37
54,Master's,Sales Executive,17.0,45.4,Female,UK,Technology,216171.73
49,Bachelor's,Operations Manager,25.9,63.5,Male,Germany,Technology,175691.02
50,Bachelor's,Financial Analyst,26.4,39.2,Female,USA,Retail,157187.57
45,High School,Operations Manager,23.6,32.1,Female,India,Technology,47494.75
33,Bachelor's,Marketing Manager,7.6,44.5,Male,Germany,Retail,129623.21
46,Bachelor's,Software Engineer,14.7,31.0,Male,India,Technology,75177.46
59,Bachelor's,Financial Analyst,17.3,46.3,Male,Canada,Manufacturing,142765.14
37,Master's,Marketing Manager,12.0,36.5,Female,Canada,Education,119651.91
18,PhD,Product Manager,0.0,44.3,Other,Australia,Education,127815.72
45,Bachelor's,Financial Analyst,16.7,36.4,Male,Canada,Education,105267.07
27,High School,Product Manager,5.8,35.7,Female,India,Education,38647.66
53,Master's,Product Manager,17.5,38.5,Female,Australia,Education,141107.74
29,PhD,Sales Executive,11.0,30.0,Male,Germany,Education,131127.61
18,High School,Sales Executive,0.0,43.6,Female,Germany,Education,64485.08
40,High School,Sales Executive,11.5,55.1,Female,Australia,Technology,124943.91
32,Bachelor's,Marketing Manager,5.6,41.3,Male,Germany,Education,99854.15
37,Master's,HR Specialist,13.5,50.0,Other,Germany,Finance,146992.16
32,Master's,Marketing Manager,7.1,50.7,Male,Australia,Education,135918.73
35,Bachelor's,Customer Support,12.3,39.3,Male,UK,Manufacturing,101744.24
22,Bachelor's,Operations Manager,4.0,43.3,Female,UK,Retail,98952.26
31,Bachelor's,Customer Support,9.9,37.8,Male,India,Retail,38199.62
39,Bachelor's,Marketing Manager,6.6,70.0,Male,Canada,Technology,196943.16
36,Bachelor's,Software Engineer,5.7,39.5,Male,UK,Education,113533.56
51,Bachelor's,Financial Analyst,17.5,47.7,Male,Australia,Manufacturing,140432.44
41,PhD,Financial Analyst,16.1,44.8,Female,Australia,Healthcare,246589.73
31,Master's,Financial Analyst,8.9,35.7,Male,India,Finance,70315.69
21,Master's,Marketing Manager,0.0,38.4,Male,Germany,Retail,103467.12
49,Bachelor's,Software Engineer,12.4,46.4,Female,USA,Manufacturing,168685.07
46,High School,Software Engineer,14.3,41.8,Female,USA,Manufacturing,128690.4
30,High School,Financial Analyst,4.9,37.1,Male,UK,Finance,126482.25
55,Bachelor's,Sales Executive,18.8,49.4,Female,India,Technology,70094.39
35,Bachelor's,Software Engineer,13.7,31.6,Male,Canada,Healthcare,136788.9
45,High School,Data Analyst,10.2,35.1,Male,India,Technology,42896.76
31,High School,HR Specialist,10.9,50.8,Female,Germany,Technology,105975.16
18,PhD,Financial Analyst,0.0,33.3,Female,UK,Education,145457.06
29,Bachelor's,Customer Support,10.6,49.7,Male,India,Manufacturing,40147.63
29,High School,Financial Analyst,7.8,48.0,Male,Canada,Technology,136068.19
29,High School,Sales Executive,7.6,44.0,Female,India,Healthcare,42274.25
37,High School,Mechanical Engineer,12.4,45.6,Female,India,Healthcare,48487.38
18,Master's,Marketing Manager,0.0,34.3,Female,Canada,Retail,128859.62
37,High School,Mechanical Engineer,9.0,43.4,Other,UK,Education,76751.82
32,High School,Software Engineer,7.2,43.1,Female,USA,Finance,143291.39
40,Bachelor's,HR Specialist,3.5,38.0,Female,Canada,Education,85699.1
31,Bachelor's,Data Analyst,3.2,35.4,Male,Australia,Technology,158151.47
29,Bachelor's,Customer Support,11.0,26.4,Male,Australia,Education,83377.72
53,High School,Mechanical Engineer,24.2,42.4,Female,Germany,Healthcare,113190.0
42,High School,Product Manager,18.9,42.1,Male,India,Retail,40202.54
34,High School,Marketing Manager,9.4,29.4,Male,Germany,Education,68787.35
37,Bachelor's,Data Analyst,8.3,38.0,Female,India,Technology,59527.36
48,Bachelor's,Operations Manager,23.1,32.8,Male,Australia,Healthcare,151139.59
38,PhD,Operations Manager,1.8,34.8,Female,Australia,Healthcare,160675.38
34,Master's,HR Specialist,9.1,56.6,Female,India,Manufacturing,59221.45
55,Bachelor's,HR Specialist,15.4,44.3,Female,Australia,Technology,144753.15
39,High School,Sales Executive,8.7,47.3,Male,UK,Finance,111701.98
42,Master's,Mechanical Engineer,5.9,37.8,Male,USA,Technology,203054.36
45,PhD,Data Analyst,11.6,37.8,Male,Australia,Finance,202144.75
48,Master's,Product Manager,4.4,40.6,Female,Canada,Finance,169704.67
22,High School,Financial Analyst,0.0,52.1,Male,Canada,Healthcare,103137.14
18,PhD,Operations Manager,0.0,53.0,Male,UK,Healthcare,196992.7
54,Master's,Customer Support,19.2,37.4,Male,Canada,Technology,153534.7
41,Master's,Customer Support,8.0,45.3,Other,India,Retail,42600.85
56,High School,HR Specialist,20.8,37.3,Female,Australia,Manufacturing,88929.98
38,Bachelor's,Sales Executive,13.7,41.3,Male,Australia,Manufacturing,106492.88
42,Bachelor's,Product Manager,2.9,42.3,Male,Canada,Education,104228.77
35,Bachelor's,Data Analyst,8.1,25.5,Female,Germany,Finance,137133.36
46,Bachelor's,Operations Manager,15.1,51.9,Male,USA,Retail,149751.67
32,PhD,HR Specialist,8.3,44.9,Male,UK,Manufacturing,152720.29
24,Bachelor's,Data Analyst,0.0,55.1,Male,Canada,Technology,158307.58
22,PhD,Operations Manager,4.0,24.5,Male,Canada,Education,130276.24
57,High School,Operations Manager,24.9,39.6,Male,USA,Finance,148636.02
18,Master's,Sales Executive,0.0,50.3,Male,Australia,Retail,121378.98
30,Bachelor's,Sales Executive,12.0,42.6,Female,UK,Education,111995.87
43,High School,Mechanical Engineer,12.9,32.4,Male,Germany,Education,66046.83
42,Bachelor's,Mechanical Engineer,14.0,47.5,Male,Canada,Retail,123382.67
40,Master's,Operations Manager,9.4,56.7,Female,Canada,Healthcare,176923.93
33,High School,Customer Support,1.4,52.5,Male,India,Finance,41279.91
38,Bachelor's,Product Manager,8.8,53.9,Male,Canada,Retail,126789.03
46,Bachelor's,Operations Manager,15.5,56.0,Male,Germany,Education,101665.54
37,High School,Operations Manager,7.6,34.1,Male,India,Retail,31673.63
44,High School,Mechanical Engineer,14.9,46.2,Female,Canada,Finance,128748.89
38,Bachelor's,Marketing Manager,14.5,30.8,Female,India,Finance,68265.89
34,Bachelor's,Product Manager,16.0,42.3,Male,Canada,Retail,120694.56
46,Master's,Operations Manager,14.3,41.8,Female,Canada,Education,103070.97
37,High School,Software Engineer,5.2,54.6,Male,USA,Healthcare,152570.57
35,High School,Marketing Manager,8.9,49.2,Female,Canada,Retail,91588.07
55,Bachelor's,Operations Manager,18.8,45.9,Female,Australia,Technology,155695.15
38,Master's,Data Analyst,12.2,36.1,Other,India,Education,48081.95
33,Bachelor's,Marketing Manager,4.3,52.8,Female,Australia,Manufacturing,120964.36
57,High School,Software Engineer,23.3,31.6,Female,USA,Technology,177475.17
38,Bachelor's,Sales Executive,9.2,34.4,Female,India,Finance,57336.02
37,Master's,Operations Manager,6.3,46.8,Male,USA,Finance,221736.13
34,Master's,HR Specialist,8.1,57.9,Female,India,Manufacturing,63176.83
37,Bachelor's,Financial Analyst,8.2,37.1,Female,Australia,Healthcare,155308.36
41,Master's,Sales Executive,18.4,30.3,Female,Australia,Technology,183124.06
36,Master's,Software Engineer,4.8,41.3,Female,Germany,Technology,193868.12
33,High School,Software Engineer,8.9,28.0,Male,Germany,Technology,123073.8
39,Master's,Data Analyst,7.0,33.3,Male,India,Manufacturing,54629.39
31,Bachelor's,Financial Analyst,13.0,44.3,Male,Australia,Retail,118865.15
26,High School,HR Specialist,0.7,28.1,Female,Germany,Technology,95881.09
33,Master's,HR Specialist,7.6,37.4,Male,Australia,Education,107649.2
47,Master's,Software Engineer,10.1,51.1,Female,Canada,Education,143653.74
36,Bachelor's,Operations Manager,11.2,32.2,Female,UK,Finance,133666.65
55,High School,Sales Executive,22.6,29.8,Female,UK,Education,72260.52
53,Master's,Marketing Manager,12.7,27.1,Female,UK,Healthcare,179850.3
36,High School,HR Specialist,11.0,46.0,Female,USA,Finance,122485.36
33,Master's,Customer Support,11.4,58.5,Female,India,Education,52120.4
48,Bachelor's,Product Manager,17.6,53.3,Male,UK,Education,105588.13
36,Bachelor's,HR Specialist,7.0,40.2,Female,Germany,Education,93315.27
38,Bachelor's,Operations Manager,14.7,40.7,Female,Germany,Retail,101544.13
29,Bachelor's,Sales Executive,11.0,32.0,Male,Canada,Manufacturing,109102.55
47,Bachelor's,Data Analyst,11.7,41.3,Male,Australia,Finance,154188.87
36,Bachelor's,Financial Analyst,16.0,37.9,Male,Australia,Manufacturing,142269.27
29,High School,Sales Executive,6.1,34.1,Female,Canada,Manufacturing,73671.96
44,High School,Marketing Manager,13.0,49.3,Male,Canada,Technology,133012.19
47,High School,Marketing Manager,9.7,48.1,Female,Australia,Retail,99039.96
44,Bachelor's,Customer Support,15.3,34.1,Male,Australia,Finance,137793.73
46,PhD,Customer Support,21.4,42.7,Female,UK,Manufacturing,161105.37
32,High School,Mechanical Engineer,3.4,39.9,Male,Germany,Healthcare,89604.86
32,Bachelor's,Data Analyst,8.7,35.8,Female,Germany,Retail,102157.73
38,Master's,Mechanical Engineer,9.5,39.7,Other,Australia,Manufacturing,144841.31
43,PhD,Data Analyst,19.4,37.0,Female,India,Education,61949.88
41,Master's,Software Engineer,9.7,47.8,Male,UK,Retail,152557.72
30,High School,Marketing Manager,11.2,50.5,Female,UK,Healthcare,123089.65
44,Bachelor's,Data Analyst,13.2,24.7,Female,UK,Technology,168803.21
28,Bachelor's,Financial Analyst,3.1,,Male,India,Healthcare,59677.82
43,Bachelor's,Financial Analyst,14.7,42.6,Female,UK,Healthcare,175692.5
25,Master's,Sales Executive,5.0,36.4,Female,Germany,Retail,100536.37
26,High School,Mechanical Engineer,7.0,37.3,Male,Canada,Technology,120962.73
35,Bachelor's,Financial Analyst,4.6,39.6,Other,USA,Retail,152765.73
18,Master's,Customer Support,0.0,38.5,Male,India,Technology,53814.12
41,Bachelor's,Marketing Manager,17.2,28.6,Female,Canada,Retail,119047.0
27,High School,Mechanical Engineer,5.9,41.5,Female,Australia,Education,80343.14
31,Bachelor's,Operations Manager,4.1,41.4,Female,Canada,Finance,122228.47
31,Master's,Operations Manager,7.3,41.5,Female,UK,Technology,167587.22
31,Bachelor's,Product Manager,6.9,36.4,Male,UK,Manufacturing,147971.23
43,PhD,Data Analyst,12.0,30.8,Female,Australia,Retail,155667.24
23,PhD,Operations Manager,0.0,36.4,Male,UK,Education,121297.63
34,PhD,Customer Support,12.3,38.3,Male,UK,Education,118565.64
31,High School,Sales Executive,9.3,49.2,Male,Canada,Technology,126464.29
40,Master's,Software Engineer,16.5,37.8,Female,Germany,Education,144993.35
37,High School,Operations Manager,4.9,43.8,Female,Canada,Finance,112150.94
38,Bachelor's,Data Analyst,9.4,33.4,Female,India,Healthcare,57148.13
49,High School,HR Specialist,14.0,37.5,Female,India,Healthcare,41626.72
54,High School,Customer Support,15.2,20.0,Male,India,Healthcare,32740.97
39,High School,Financial Analyst,12.3,41.7,Other,Australia,Manufacturing,102510.71
23,Bachelor's,Customer Support,2.2,40.1,Female,India,Finance,48033.93
39,Bachelor's,Financial Analyst,9.3,37.2,Female,UK,Technology,184642.23
62,High School,Mechanical Engineer,23.7,42.2,Male,India,Education,33567.32
40,Bachelor's,Product Manager,17.4,39.1,Female,USA,Finance,216189.5
24,High School,Data Analyst,2.8,44.5,Male,USA,Finance,124829.37
27,Bachelor's,Marketing Manager,7.8,45.5,Other,Canada,Education,113165.34
28,Bachelor's,Software Engineer,0.0,43.4,Female,Germany,Manufacturing,117084.16
39,Master's,Customer Support,0.0,56.8,Male,USA,Retail,136202.1
37,High School,Mechanical Engineer,12.9,53.6,Female,Australia,Retail,97129.9
45,Master's,Product Manager,7.0,46.4,Male,USA,Education,178405.21
24,Bachelor's,Mechanical Engineer,0.0,37.8,Male,UK,Education,89198.05
47,Bachelor's,Marketing Manager,20.1,48.0,Male,Canada,Technology,181920.32
45,PhD,Product Manager,9.8,37.8,Female,Canada,Retail,190672.74
35,Bachelor's,Operations Manager,6.9,41.7,Female,UK,Retail,123950.03
48,High School,Data Analyst,22.7,33.0,Male,USA,Healthcare,118723.04
18,Bachelor's,Mechanical Engineer,0.0,47.7,Female,UK,Retail,109968.4
46,High School,HR Specialist,17.5,20.0,Female,India,Education,33329.43
35,Bachelor's,Marketing Manager,10.1,45.8,Female,UK,Retail,130045.33
27,Bachelor's,Software Engineer,3.4,44.0,Male,USA,Education,120340.63
32,Master's,Software Engineer,7.9,27.8,Female,UK,Healthcare,181968.09
31,Bachelor's,HR Specialist,10.1,43.0,Female,UK,Technology,159861.19
44,High School,Marketing Manager,8.3,31.4,Male,Australia,Retail,94555.8
37,High School,Financial Analyst,17.7,57.0,Female,India,Retail,34981.13
31,Bachelor's,Operations Manager,7.1,53.1,Female,Canada,Retail,105984.61
27,Bachelor's,Mechanical Engineer,0.0,37.3,Male,UK,Retail,107620.59
28,Master's,Data Analyst,10.0,30.6,Female,Australia,Retail,156726.96
48,High School,Data Analyst,21.8,52.3,Female,USA,Healthcare,127436.5
42,High School,Data Analyst,11.1,32.2,Male,Canada,Technology,115642.68
44,Master's,Financial Analyst,16.4,28.1,Other,USA,Retail,182796.72
39,Master's,Data Analyst,10.6,42.6,Male,Australia,Retail,123452.78
30,Bachelor's,Sales Executive,4.2,29.8,Male,Australia,Technology,165748.62
36,Bachelor's,Customer Support,15.8,31.8,Male,Canada,Manufacturing,95595.92
35,Bachelor's,Operations Manager,9.7,43.1,Male,UK,Finance,161964.54
41,Bachelor's,Marketing Manager,15.6,38.7,Male,USA,Finance,198186.52
29,High School,Operations Manager,3.0,51.5,Male,Germany,Healthcare,104266.17
38,Master's,Data Analyst,4.9,49.5,Female,Germany,Finance,173672.26
41,High School,Operations Manager,8.8,52.3,Male,Canada,Manufacturing,82578.42
28,Bachelor's,Mechanical Engineer,10.0,49.6,Female,Canada,Technology,155808.01
50,Bachelor's,Product Manager,7.0,40.3,Female,UK,Manufacturing,123308.22
24,PhD,Operations Manager,0.2,38.1,Female,UK,Manufacturing,159256.01
45,Bachelor's,Operations Manager,10.1,46.8,Male,USA,Education,119028.73
18,Bachelor's,Product Manager,0.0,44.1,Male,USA,Healthcare,181850.48
32,Bachelor's,Product Manager,9.0,50.2,Female,Canada,Technology,181820.51
38,High School,Operations Manager,7.2,43.3,Female,Germany,Healthcare,108174.43
50,Master's,Data Analyst,13.1,32.4,Female,India,Technology,75433.12
49,Bachelor's,Marketing Manager,17.2,48.0,Male,Germany,Manufacturing,134672.28
33,Bachelor's,HR Specialist,6.7,54.5,Female,USA,Technology,155623.57
57,Bachelor's,Software Engineer,18.2,44.6,Male,USA,Technology,242833.5
38,Bachelor's,Product Manager,11.5,51.8,Male,USA,Finance,204009.48
45,Bachelor's,Product Manager,13.5,42.7,Male,Germany,Retail,121660.55
52,High School,Mechanical Engineer,18.9,25.3,Female,Germany,Finance,106188.77
59,High School,Software Engineer,22.0,49.0,Male,Canada,Education,88422.31
44,High School,Financial Analyst,7.7,39.7,Male,India,Finance,46769.24
33,Bachelor's,Operations Manager,2.0,39.2,Male,UK,Manufacturing,99710.75
35,PhD,Sales Executive,12.2,39.1,Female,India,Education,53033.3
65,Master's,Software Engineer,19.2,40.7,Male,Australia,Manufacturing,160382.17
42,Bachelor's,Mechanical Engineer,8.1,43.6,Male,UK,Education,101240.91
31,Master's,Data Analyst,12.4,39.0,Male,Australia,Finance,202036.03
19,High School,HR Specialist,1.0,46.1,Male,India,Retail,29242.4
58,Master's,HR Specialist,17.4,39.5,Female,Australia,Technology,165108.27
34,Master's,Financial Analyst,6.8,45.6,Female,Canada,Healthcare,196260.36
40,Bachelor's,HR Specialist,5.4,33.2,Female,India,Technology,50524.87
44,High School,Product Manager,10.4,42.3,Female,Germany,Technology,135345.33
37,Bachelor's,Financial Analyst,18.7,39.6,Male,Canada,Retail,130707.14
42,PhD,Financial Analyst,10.8,52.7,Female,UK,Healthcare,168972.7
18,Bachelor's,HR Specialist,0.0,43.7,Female,USA,Manufacturing,122195.82
33,Bachelor's,Marketing Manager,15.0,35.2,Other,USA,Healthcare,196532.88
44,PhD,Software Engineer,13.9,47.0,Female,India,Healthcare,89086.75
29,Bachelor's,HR Specialist,0.0,50.2,Male,Germany,Healthcare,126962.99
39,High School,Software Engineer,3.9,35.9,Male,UK,Healthcare,121181.47
37,Bachelor's,Mechanical Engineer,3.1,45.8,Other,USA,Finance,168998.75
28,PhD,Customer Support,9.2,50.0,Female,USA,Finance,203261.29
42,Master's,Sales Executive,15.1,41.6,Female,Australia,Healthcare,163424.79
35,High School,Sales Executive,12.4,49.1,Female,USA,Retail,106153.79
45,Bachelor's,Mechanical Engineer,12.1,43.5,Other,Canada,Education,105194.5
46,Master's,Financial Analyst,17.2,36.9,Female,Germany,Finance,186334.91
24,Bachelor's,Mechanical Engineer,6.0,36.1,Female,India,Manufacturing,43516.94
22,High School,Customer Support,0.0,58.0,Female,UK,Finance,103223.97
27,Bachelor's,Software Engineer,0.0,57.5,Other,USA,Technology,164622.75
33,Bachelor's,Customer Support,7.9,50.6,Male,India,Healthcare,52002.43
34,Bachelor's,Sales Executive,11.5,32.3,Female,India,Finance,54300.84
39,Master's,Financial Analyst,6.0,57.4,Male,Canada,Retail,118106.46
41,PhD,Mechanical Engineer,10.9,54.6,Female,Australia,Retail,181993.64
28,Bachelor's,Product Manager,3.3,56.0,Female,Australia,Technology,186220.45
30,Bachelor's,Data Analyst,1.5,45.7,Female,UK,Manufacturing,126584.61
40,Bachelor's,Operations Manager,8.6,45.8,Male,USA,Education,124156.01
46,Bachelor's,Mechanical Engineer,8.7,41.8,Male,USA,Finance,176074.68
40,High School,Software Engineer,6.8,49.9,Male,UK,Retail,104709.84
48,High School,Product Manager,9.8,37.3,Female,Canada,Technology,139466.44
46,Bachelor's,Customer Support,16.4,36.5,Male,USA,Finance,164137.25
35,Bachelor's,Data Analyst,2.4,43.3,Female,UK,Education,104608.85
32,Bachelor's,Operations Manager,5.4,48.1,Female,Australia,Retail,106433.94
28,Master's,Customer Support,1.0,34.4,Female,Canada,Retail,91415.72
56,High School,Operations Manager,23.6,45.8,Female,Canada,Healthcare,124706.61
38,Bachelor's,Financial Analyst,10.1,51.1,Male,Australia,Manufacturing,147185.91
59,Master's,Product Manager,25.8,49.9,Female,Australia,Retail,157606.83
46,High School,Software Engineer,17.0,57.9,Female,Germany,Finance,168243.45
44,Bachelor's,Marketing Manager,14.7,25.2,Female,UK,Manufacturing,126836.4
31,Bachelor's,Sales Executive,3.6,47.5,Other,USA,Technology,194970.99
31,Master's,Data Analyst,1.6,33.2,Female,India,Technology,70967.21
35,High School,Data Analyst,1.0,53.2,Female,USA,Healthcare,145526.47
36,Bachelor's,Financial Analyst,10.5,40.5,Female,Australia,Technology,206732.1
38,Master's,HR Specialist,0.0,42.9,Female,Germany,Technology,156029.77
38,Master's,Data Analyst,15.4,50.0,Female,India,Manufacturing,70194.45
33,Bachelor's,Data Analyst,3.9,44.9,Male,Germany,Education,99575.62
50,High School,Financial Analyst,17.8,46.5,Male,Australia,Manufacturing,119370.6
40,Bachelor's,Operations Manager,9.9,43.0,Male,Germany,Finance,150963.74
62,Bachelor's,Customer Support,18.2,48.0,Male,USA,Finance,191201.56
44,Bachelor's,Product Manager,18.5,40.7,Female,Germany,Technology,159233.67
39,PhD,Customer Support,7.4,47.7,Female,Germany,Retail,128917.98
45,High School,Mechanical Engineer,14.6,43.0,Male,USA,Retail,98967.36
47,PhD,Software Engineer,14.7,50.1,Female,India,Education,55305.3
32,Bachelor's,Customer Support,7.8,41.0,Female,Canada,Manufacturing,88817.57
52,High School,Mechanical Engineer,14.0,44.4,Female,Australia,Technology,136856.04
43,High School,Financial Analyst,14.0,44.4,Female,India,Retail,39019.77
34,Bachelor's,Customer Support,9.8,37.5,Female,India,Healthcare,52156.21
43,High School,Sales Executive,13.2,40.4,Male,Australia,Finance,100146.86
25,Master's,Financial Analyst,5.3,39.6,Male,India,Manufacturing,57339.45
47,Master's,Financial Analyst,13.9,41.1,Female,UK,Retail,157418.68
40,Master's,Mechanical Engineer,14.1,31.6,Female,Australia,Finance,175856.02
39,Bachelor's,Financial Analyst,10.5,43.1,Male,Germany,Technology,146197.27
34,Bachelor's,Data Analyst,0.1,52.5,Female,Germany,Education,100541.12
33,High School,Data Analyst,13.1,46.2,Male,Germany,Retail,81503.65
35,Bachelor's,Financial Analyst,7.5,40.1,Male,India,Technology,63214.81
40,Master's,Operations Manager,19.7,30.0,Female,Canada,Retail,132275.18
58,High School,Financial Analyst,24.0,54.6,Male,UK,Manufacturing,132769.58
39,Master's,Product Manager,5.9,49.0,Male,Australia,Technology,223598.78
45,PhD,Financial Analyst,14.2,45.2,Male,UK,Technology,271213.98
38,Bachelor's,Marketing Manager,11.7,34.0,Female,USA,Technology,204796.25
29,Bachelor's,Sales Executive,3.6,31.9,Male,India,Technology,49981.12
23,Master's,Sales Executive,5.0,37.3,Female,Australia,Manufacturing,152216.0
48,PhD,Product Manager,12.5,44.0,Female,Canada,Retail,176306.56
39,Master's,Data Analyst,5.6,38.6,Female,India,Technology,75247.73
36,Bachelor's,Software Engineer,11.8,50.1,Male,UK,Healthcare,162291.84
47,High School,Financial Analyst,10.7,46.0,Female,Australia,Finance,153764.93
24,Bachelor's,Customer Support,3.6,30.8,Female,UK,Manufacturing,82324.06
54,Master's,Software Engineer,19.9,28.8,Female,Canada,Technology,202550.82
31,Master's,Software Engineer,1.7,37.6,Male,Canada,Technology,183792.0
33,Bachelor's,Product Manager,13.2,52.2,Female,USA,Manufacturing,169068.08
53,High School,Financial Analyst,13.8,48.2,Female,India,Manufacturing,39663.54
51,Bachelor's,Financial Analyst,18.1,46.2,Female,India,Manufacturing,54185.77
38,High School,Product Manager,7.0,44.3,Male,Australia,Education,91499.3
26,Bachelor's,Sales Executive,6.0,44.0,Male,India,Education,41008.62
18,PhD,Operations Manager,0.0,33.2,Male,UK,Education,119834.61
21,Master's,Operations Manager,3.0,50.9,Female,Germany,Healthcare,167968.08
29,Bachelor's,Financial Analyst,3.4,40.7,Male,USA,Healthcare,151284.71
34,Bachelor's,Financial Analyst,5.6,48.1,Female,Australia,Education,117128.49
35,Master's,Operations Manager,6.7,29.4,Female,USA,Education,131584.36
33,High School,Mechanical Engineer,9.0,55.3,Male,Germany,Education,78500.4
37,PhD,Customer Support,8.9,53.8,Male,Australia,Retail,125340.18
33,High School,Operations Manager,0.0,49.3,Male,Canada,Manufacturing,83085.18
34,Bachelor's,Operations Manager,11.4,42.1,Male,Germany,Finance,148772.5
22,Bachelor's,Product Manager,4.0,36.0,Male,UK,Healthcare,166404.02
42,High School,Software Engineer,18.7,50.8,Female,India,Finance,48464.08
39,Bachelor's,Mechanical Engineer,7.9,57.0,Female,UK,Healthcare,138511.52
38,Master's,Customer Support,9.5,48.2,Female,Australia,Manufacturing,133672.47
35,Master's,HR Specialist,4.0,46.9,Male,USA,Manufacturing,166936.52
29,PhD,HR Specialist,9.2,43.4,Female,India,Technology,72261.79
49,High School,HR Specialist,12.6,32.3,Female,Germany,Technology,97450.42
31,Bachelor's,Software Engineer,3.9,44.4,Male,Australia,Finance,141505.89
40,Master's,Software Engineer,10.5,49.2,Male,Germany,Finance,190096.58
58,Bachelor's,Marketing Manager,18.6,24.1,Male,Canada,Healthcare,150743.28
51,High School,HR Specialist,12.5,36.3,Male,UK,Healthcare,109270.77
34,PhD,Customer Support,7.3,43.8,Female,Australia,Finance,209554.58
41,PhD,Mechanical Engineer,19.1,38.9,Female,Germany,Education,138558.11
39,Bachelor's,Data Analyst,13.4,50.5,Female,UK,Healthcare,162115.07
45,High School,HR Specialist,7.3,49.9,Male,India,Education,30556.08
43,High School,Operations Manager,7.2,42.7,Female,Canada,Manufacturing,94080.07
24,High School,Software Engineer,6.0,34.7,Female,Australia,Education,81664.99
36,Bachelor's,Sales Executive,10.1,60.2,Male,Australia,Manufacturing,125270.53
47,Master's,Data Analyst,16.4,46.0,Male,UK,Healthcare,208226.02
38,Bachelor's,Mechanical Engineer,8.1,40.6,Male,USA,Finance,173417.42
40,PhD,Software Engineer,11.5,35.2,Female,Germany,Manufacturing,194615.85
24,Bachelor's,Customer Support,5.0,40.5,Other,India,Finance,49514.25
46,High School,Product Manager,15.6,39.9,Male,USA,Healthcare,159849.52
36,Bachelor's,Mechanical Engineer,9.9,33.3,Male,Germany,Manufacturing,130157.6
35,High School,Operations Manager,15.0,43.4,Male,Canada,Technology,116143.56
36,Bachelor's,Software Engineer,4.5,48.1,Female,India,Technology,65335.82
36,Bachelor's,Mechanical Engineer,6.3,35.9,Female,UK,Retail,102655.43
28,High School,Operations Manager,0.0,50.6,Other,UK,Education,77152.18
48,Bachelor's,Marketing Manager,16.7,49.2,Female,India,Healthcare,59327.03
51,Bachelor's,Sales Executive,9.7,43.7,Male,Australia,Technology,178781.42
23,High School,Marketing Manager,0.0,45.9,Male,Australia,Healthcare,110495.65
39,Master's,Customer Support,10.5,47.7,Female,USA,Education,133791.6
45,Bachelor's,Customer Support,13.5,41.6,Female,USA,Technology,168722.94
58,Master's,HR Specialist,29.7,30.4,Female,Australia,Technology,192834.31
47,Bachelor's,Product Manager,12.2,42.2,Male,Canada,Manufacturing,144269.25
43,PhD,HR Specialist,7.0,43.1,Female,Germany,Education,136293.11
18,Bachelor's,HR Specialist,0.0,40.8,Male,India,Technology,52324.05
39,Master's,HR Specialist,12.0,35.5,Male,Australia,Retail,110971.04
35,PhD,Financial Analyst,12.6,54.7,Female,Germany,Finance,194064.92
45,Bachelor's,Financial Analyst,9.2,44.8,Female,USA,Healthcare,179086.35
31,PhD,Product Manager,5.7,41.3,Female,USA,Healthcare,220065.74
18,PhD,HR Specialist,0.0,52.6,Female,Canada,Retail,105516.67
51,Master's,Mechanical Engineer,10.8,48.3,Male,Germany,Finance,155709.75
40,Bachelor's,Customer Support,6.4,49.9,Male,UK,Finance,154496.26
45,Bachelor's,Sales Executive,17.3,44.8,Female,India,Manufacturing,47578.37
34,Bachelor's,Data Analyst,0.6,44.9,Other,Australia,Retail,91956.5
39,Master's,Mechanical Engineer,21.0,36.0,Female,UK,Education,113926.89
31,Master's,Data Analyst,9.7,50.4,Male,UK,Education,150246.84
32,PhD,Marketing Manager,13.1,44.1,Male,Canada,Technology,223768.8
33,Master's,Mechanical Engineer,10.9,25.3,Male,Australia,Finance,179835.64
37,Master's,HR Specialist,7.7,48.6,Male,Canada,Retail,114927.55
40,High School,Marketing Manager,9.9,34.9,Female,Canada,Healthcare,113980.14
37,Bachelor's,Product Manager,7.2,37.3,Male,India,Healthcare,60909.7
49,High School,Sales Executive,10.0,53.0,Female,Canada,Education,61688.17
43,Master's,Mechanical Engineer,15.0,39.2,Male,Germany,Healthcare,175589.36
46,High School,Financial Analyst,9.7,35.1,Male,Germany,Retail,74064.61
47,Bachelor's,Operations Manager,12.2,40.6,Male,Canada,Education,95354.62
34,PhD,Marketing Manager,12.0,42.2,Female,Canada,Finance,198015.9
40,High School,HR Specialist,14.5,44.8,Female,Australia,Manufacturing,96844.73
30,Bachelor's,Product Manager,9.3,37.0,Male,India,Manufacturing,61117.81
24,PhD,Operations Manager,6.0,47.4,Female,Australia,Technology,230795.62
39,PhD,Product Manager,5.9,44.3,Male,Australia,Technology,279446.65
41,Bachelor's,Data Analyst,10.0,47.5,Female,India,Healthcare,58275.29
43,Master's,Product Manager,14.9,37.4,Male,Australia,Technology,221924.76
18,High School,Sales Executive,0.0,49.4,Female,India,Finance,46123.31
48,High School,Mechanical Engineer,12.9,38.7,Female,USA,Healthcare,105895.44
59,Bachelor's,Software Engineer,17.4,38.4,Female,Canada,Technology,170503.21
35,High School,Customer Support,4.7,59.5,Male,Germany,Finance,98274.61
28,Bachelor's,Customer Support,9.8,41.7,Female,Canada,Healthcare,109119.4
39,Master's,Software Engineer,9.7,35.6,Male,Germany,Retail,142023.33
18,High School,Data Analyst,0.0,35.4,Male,Canada,Education,68183.81
24,Bachelor's,Sales Executive,6.0,34.2,Male,UK,Manufacturing,114259.14
40,High School,Sales Executive,6.3,42.1,Male,Canada,Healthcare,87168.22
52,High School,Financial Analyst,16.1,27.4,Male,Canada,Education,88660.39
44,High School,Operations Manager,15.2,41.4,Other,Germany,Retail,76966.36
53,High School,Marketing Manager,19.9,33.2,Male,Canada,Healthcare,118708.73
52,Bachelor's,Operations Manager,14.0,42.2,Male,UK,Manufacturing,108341.07
34,High School,Data Analyst,0.4,41.3,Male,UK,Retail,94364.5
40,Master's,Sales Executive,6.0,34.8,Female,India,Technology,64699.39
53,Master's,Mechanical Engineer,14.4,37.4,Male,UK,Technology,183192.75
47,High School,Customer Support,10.2,44.9,Female,Germany,Technology,101744.24
26,Master's,Operations Manager,8.0,52.8,Female,UK,Retail,126768.78
37,High School,Customer Support,8.4,38.6,Other,Australia,Technology,110329.02
60,Master's,Mechanical Engineer,19.4,48.3,Female,UK,Manufacturing,156374.26
18,High School,Data Analyst,0.0,44.9,Female,Australia,Manufacturing,95012.04
29,High School,Data Analyst,2.2,44.2,Male,UK,Technology,133951.79
28,Bachelor's,Data Analyst,10.0,47.5,Female,Canada,Manufacturing,121336.78
34,Master's,Product Manager,5.0,38.5,Female,UK,Education,125281.3
18,High School,Software Engineer,0.0,52.8,Female,Australia,Healthcare,116293.01
40,Bachelor's,Operations Manager,11.0,36.5,Male,India,Education,37690.12
23,PhD,Marketing Manager,0.0,32.8,Other,Canada,Manufacturing,143620.26
36,High School,Mechanical Engineer,11.4,41.3,Male,Australia,Retail,90891.67
39,Master's,Marketing Manager,16.8,47.7,Male,Australia,Manufacturing,167321.44
36,PhD,Product Manager,6.4,47.9,Male,Germany,Manufacturing,198847.12
46,Master's,Sales Executive,15.7,53.9,Male,UK,Manufacturing,159239.82
18,Bachelor's,HR Specialist,0.0,34.6,Male,Australia,Manufacturing,105499.61
47,PhD,Operations Manager,20.9,43.5,Male,Australia,Healthcare,211477.3
39,High School,Marketing Manager,10.9,33.5,Male,USA,Finance,127297.07
27,Master's,Mechanical Engineer,6.9,23.6,Female,Canada,Finance,130074.28
37,Master's,Software Engineer,7.7,54.2,Male,Canada,Retail,147408.32
62,Master's,Data Analyst,26.4,49.1,Female,USA,Technology,236296.04
40,Bachelor's,HR Specialist,9.0,43.8,Male,Australia,Healthcare,117053.39
36,Bachelor's,Sales Executive,14.8,34.1,Female,UK,Healthcare,148885.86
44,Bachelor's,HR Specialist,20.2,42.9,Male,USA,Manufacturing,162244.42
44,PhD,Software Engineer,15.2,42.8,Female,India,Manufacturing,83597.72
36,Bachelor's,Operations Manager,6.9,43.4,Male,Canada,Retail,91831.25
32,High School,Marketing Manager,7.3,38.0,Female,Germany,Education,70697.27
40,High School,Customer Support,6.2,40.4,Female,Australia,Healthcare,93988.03
19,High School,HR Specialist,0.6,44.4,Male,Australia,Healthcare,81822.12
54,Bachelor's,Mechanical Engineer,20.3,31.5,Male,USA,Education,122239.3
19,Bachelor's,Data Analyst,1.0,39.4,Female,USA,Healthcare,138173.74
29,Bachelor's,Software Engineer,5.9,41.7,Other,India,Finance,66037.43
33,Master's,Data Analyst,6.5,50.8,Other,USA,Healthcare,207784.6
51,Bachelor's,Marketing Manager,12.4,39.7,Female,USA,Technology,217882.08
40,High School,Software Engineer,14.7,68.8,Female,Australia,Finance,138436.82
35,PhD,Customer Support,6.6,39.5,Male,Australia,Retail,146392.54
45,High School,Sales Executive,16.1,50.7,Male,Australia,Technology,138694.24
43,Master's,Marketing Manager,9.1,32.6,Male,Australia,Technology,191053.45
27,PhD,Sales Executive,2.3,49.6,Female,India,Finance,71838.9
43,Bachelor's,Marketing Manager,14.5,42.3,Female,Canada,Retail,106793.52
47,Bachelor's,Operations Manager,13.7,46.6,Other,Germany,Education,98181.11
48,Bachelor's,Marketing Manager,15.5,40.6,Male,UK,Education,110978.44
25,Master's,Product Manager,7.0,52.1,Male,India,Education,61205.48
20,Bachelor's,Marketing Manager,0.0,45.4,Male,Canada,Manufacturing,104417.24
28,Bachelor's,Data Analyst,4.1,32.9,Male,Australia,Healthcare,145537.74
39,PhD,Data Analyst,12.3,36.1,Male,USA,Retail,175112.73
52,PhD,Product Manager,14.5,47.5,Other,India,Manufacturing,82640.17
30,Bachelor's,Customer Support,3.7,41.0,Female,UK,Retail,94839.43
42,Bachelor's,Product Manager,10.0,46.6,Female,UK,Technology,187738.4
46,High School,Operations Manager,10.2,55.0,Female,USA,Healthcare,136127.25
57,PhD,Data Analyst,12.2,30.3,Male,India,Finance,81859.9
38,Bachelor's,Data Analyst,3.9,53.4,Female,Canada,Technology,175761.85
42,Master's,Marketing Manager,10.8,31.0,Female,Germany,Healthcare,172727.89
42,PhD,Data Analyst,19.8,38.9,Female,India,Technology,102675.86
40,High School,Marketing Manager,15.9,54.3,Male,USA,Technology,166687.85
19,PhD,Financial Analyst,1.0,36.6,Male,Canada,Retail,144649.64
40,PhD,Data Analyst,17.4,26.1,Female,Australia,Education,160978.15
28,High School,Marketing Manager,0.0,54.1,Other,UK,Manufacturing,100379.59
38,Master's,Sales Executive,9.4,48.3,Male,Australia,Finance,168531.71
42,Bachelor's,Software Engineer,1.8,29.6,Female,Australia,Finance,157856.88
38,PhD,Data Analyst,10.1,46.4,Female,UK,Finance,194337.86
44,Bachelor's,Marketing Manager,23.9,43.3,Male,USA,Finance,185931.05
44,High School,Operations Manager,8.8,41.3,Male,Germany,Education,72491.16
46,High School,Software Engineer,17.3,44.5,Male,Germany,Finance,153938.16
30,Bachelor's,Mechanical Engineer,1.8,34.3,Male,USA,Finance,152986.08
30,Bachelor's,Data Analyst,11.3,53.5,Female,USA,Finance,196776.26
40,Bachelor's,Customer Support,7.5,50.1,Male,Germany,Manufacturing,106104.24
41,High School,Sales Executive,12.5,36.5,Female,Canada,Manufacturing,84960.72
40,Master's,Financial Analyst,12.2,41.9,Other,USA,Manufacturing,204276.2
43,Bachelor's,Mechanical Engineer,17.0,34.2,Other,Canada,Healthcare,136781.55
41,PhD,Marketing Manager,7.8,35.7,Female,Canada,Finance,215780.3
34,High School,Mechanical Engineer,8.6,46.7,Female,Australia,Technology,134915.32
45,High School,Operations Manager,1.6,35.7,Female,USA,Finance,103418.31
25,Master's,HR Specialist,6.7,37.4,Female,UK,Education,120746.62
33,Master's,HR Specialist,6.0,38.2,Female,UK,Manufacturing,156190.51
18,High School,Mechanical Engineer,0.0,37.0,Female,Germany,Manufacturing,76513.76
31,Bachelor's,HR Specialist,9.9,61.4,Female,Germany,Manufacturing,127177.41
21,Bachelor's,Product Manager,3.0,44.2,Female,UK,Finance,175344.83
25,Master's,Marketing Manager,0.0,55.5,Female,Canada,Technology,169607.14
53,Bachelor's,Mechanical Engineer,12.1,41.9,Other,UK,Finance,154244.3
43,Bachelor's,Mechanical Engineer,9.3,43.2,Female,USA,Education,117116.11
31,Bachelor's,Financial Analyst,1.9,35.8,Female,India,Technology,57185.84
44,High School,Financial Analyst,12.7,29.7,Female,Australia,Education,85608.57
26,High School,HR Specialist,5.2,36.9,Male,Canada,Education,68479.58
41,Bachelor's,Data Analyst,9.0,47.6,Male,Canada,Education,102186.27
39,High School,HR Specialist,5.5,36.1,Female,Canada,Retail,79630.72
31,High School,Mechanical Engineer,13.0,42.4,Female,Australia,Manufacturing,108079.86
18,PhD,Sales Executive,0.0,37.7,Male,UK,Retail,133670.47
21,High School,Product Manager,0.0,48.1,Female,UK,Finance,132478.17
39,Master's,Data Analyst,13.4,37.2,Male,India,Technology,77346.79
50,Bachelor's,Marketing Manager,15.4,36.9,Female,Canada,Technology,156348.27
25,PhD,Financial Analyst,0.0,40.3,Female,Germany,Healthcare,177209.83
46,High School,Product Manager,15.7,38.6,Female,USA,Finance,163296.65
38,Master's,Product Manager,5.4,37.6,Female,Canada,Manufacturing,186694.27
21,Bachelor's,Mechanical Engineer,3.0,42.4,Male,Canada,Retail,108411.53
28,Master's,Sales Executive,5.6,46.9,Male,Australia,Education,112580.35
45,Bachelor's,Data Analyst,10.4,46.1,Female,Australia,Education,119313.1
26,Master's,Customer Support,8.0,24.2,Female,Canada,Finance,146692.39
46,High School,Product Manager,17.7,46.7,Female,Australia,Healthcare,137631.49
34,High School,Marketing Manager,10.4,47.0,Female,Canada,Education,77695.15
18,High School,Sales Executive,0.0,44.7,Male,Germany,Finance,92110.01
29,Master's,Operations Manager,3.9,47.6,Male,USA,Technology,220536.58
43,High School,Marketing Manager,8.6,28.7,Male,USA,Technology,137690.3
58,Bachelor's,Data Analyst,16.6,43.7,Male,India,Education,43460.38
46,Bachelor's,Operations Manager,11.8,29.5,Male,India,Retail,44341.26
42,Bachelor's,Sales Executive,10.1,34.8,Male,UK,Retail,100814.38
34,Master's,Product Manager,5.3,23.8,Male,UK,Healthcare,185612.37
42,High School,Product Manager,9.9,29.5,Female,Germany,Retail,91938.53
65,Bachelor's,Product Manager,24.4,34.5,Male,USA,Technology,174724.1
31,Master's,Product Manager,13.0,52.9,Male,Germany,Manufacturing,164713.03
39,Master's,Mechanical Engineer,9.6,43.6,Female,Australia,Retail,148886.36
39,Bachelor's,Marketing Manager,12.2,25.1,Female,Canada,Retail,115268.29
42,High School,Data Analyst,8.0,38.7,Female,UK,Manufacturing,95872.72
24,High School,Software Engineer,0.0,41.8,Male,India,Finance,51969.66
50,Master's,Financial Analyst,19.1,40.2,Male,India,Retail,67296.09
31,Bachelor's,Product Manager,11.5,42.8,Male,Canada,Manufacturing,146354.23
31,Master's,Sales Executive,0.0,32.0,Male,Australia,Retail,108011.33
44,Bachelor's,Financial Analyst,6.0,51.0,Other,Germany,Education,112246.39
30,Bachelor's,Customer Support,4.4,48.5,Male,Canada,Education,88019.44
32,Bachelor's,Data Analyst,8.1,39.5,Male,India,Education,38779.79
36,Bachelor's,Software Engineer,8.6,39.7,Female,UK,Technology,169374.32
39,Bachelor's,Sales Executive,11.3,46.9,Female,Germany,Technology,141025.55
44,Bachelor's,Customer Support,9.5,32.7,Male,Canada,Technology,134308.71
48,Master's,Marketing Manager,15.9,29.2,Male,Australia,Manufacturing,160348.97
38,Bachelor's,Product Manager,17.3,49.6,Male,Australia,Education,130089.77
34,PhD,HR Specialist,1.5,49.9,Male,India,Technology,70246.2
53,Master's,Mechanical Engineer,17.2,52.6,Male,Canada,Healthcare,185536.01
36,Bachelor's,Operations Manager,14.1,38.8,Female,India,Retail,43138.9
39,High School,Operations Manager,10.6,43.2,Male,USA,Finance,137129.33
18,PhD,Marketing Manager,0.0,36.2,Male,Australia,Healthcare,167778.77
55,Bachelor's,Mechanical Engineer,21.7,44.3,Male,Germany,Manufacturing,122849.55
22,Master's,Marketing Manager,3.4,44.4,Female,Australia,Technology,202923.6
21,Bachelor's,Product Manager,3.0,53.9,Male,Australia,Healthcare,168035.09
39,Bachelor's,Software Engineer,10.2,38.8,Male,India,Technology,68606.74
35,Master's,Financial Analyst,15.7,33.5,Other,Australia,Healthcare,174770.6
52,PhD,Software Engineer,20.8,59.3,Male,Canada,Manufacturing,199337.72
36,Master's,Marketing Manager,8.1,57.0,Female,India,Technology,95065.24
18,Master's,Financial Analyst,0.0,38.1,Female,Australia,Manufacturing,127010.35
37,Master's,Operations Manager,8.9,37.5,Female,India,Healthcare,66188.84
38,Master's,Marketing Manager,8.2,43.7,Female,Canada,Finance,215596.95
63,Master's,Mechanical Engineer,21.9,39.6,Female,Germany,Retail,106901.08
53,Master's,Software Engineer,8.5,27.9,Male,Australia,Finance,170152.66
30,Bachelor's,Financial Analyst,8.2,46.6,Male,Canada,Retail,115459.5
41,Bachelor's,Operations Manager,13.0,32.9,Other,USA,Finance,158251.91
28,High School,Product Manager,4.4,23.3,Male,India,Technology,50468.72
46,Bachelor's,Customer Support,14.1,39.3,Male,India,Manufacturing,41123.28
39,Bachelor's,Product Manager,19.3,43.4,Male,Germany,Education,131919.24
35,Bachelor's,Mechanical Engineer,8.5,45.8,Female,Australia,Education,108437.47
41,High School,Data Analyst,16.1,33.1,Male,USA,Retail,102112.97
24,Bachelor's,Marketing Manager,0.0,47.4,Female,Germany,Technology,163969.61
33,Bachelor's,Operations Manager,4.9,38.8,Other,Germany,Healthcare,117168.15
19,Master's,Data Analyst,0.0,47.8,Female,Canada,Finance,182569.51
44,High School,Operations Manager,9.1,44.8,Male,India,Finance,44574.92
29,High School,Sales Executive,6.5,51.8,Female,India,Manufacturing,34279.83
20,PhD,Marketing Manager,0.0,40.3,Male,UK,Finance,195797.51
41,Bachelor's,Financial Analyst,10.6,37.5,Male,India,Healthcare,60152.6
48,Bachelor's,Mechanical Engineer,17.1,53.4,Female,Canada,Education,114558.63
61,Master's,Marketing Manager,22.7,36.4,Female,India,Healthcare,70752.16
42,Bachelor's,HR Specialist,10.8,50.4,Male,India,Finance,57350.13
22,High School,Operations Manager,4.0,36.4,Female,Canada,Education,56736.22
34,High School,Financial Analyst,0.9,39.3,Male,Canada,Education,74263.72
31,High School,Operations Manager,9.4,54.4,Female,India,Technology,48267.09
39,Bachelor's,Financial Analyst,13.4,39.8,Female,India,Manufacturing,48419.71
34,Bachelor's,Financial Analyst,6.8,37.3,Male,UK,Education,113862.35
27,Bachelor's,Mechanical Engineer,4.9,48.6,Male,India,Healthcare,57407.54
52,Bachelor's,Customer Support,16.5,45.9,Male,USA,Healthcare,144101.82
31,Bachelor's,Customer Support,2.0,38.9,Female,India,Technology,54088.47
37,Bachelor's,Marketing Manager,7.0,39.9,Other,Canada,Manufacturing,127620.03
35,Bachelor's,Data Analyst,10.8,47.3,Male,Germany,Technology,159577.36
41,PhD,HR Specialist,5.5,47.3,Female,India,Finance,79178.58
55,Master's,Software Engineer,21.4,52.7,Male,Germany,Healthcare,206046.99
40,High School,Financial Analyst,4.4,47.0,Male,India,Finance,52478.23
53,Bachelor's,Customer Support,20.6,30.3,Male,UK,Healthcare,129667.81
33,Master's,Customer Support,9.4,26.2,Female,UK,Finance,137274.46
48,Bachelor's,Data Analyst,17.8,49.8,Female,UK,Retail,128585.22
20,PhD,Data Analyst,0.0,59.6,Male,Australia,Retail,146663.2
48,High School,Customer Support,18.0,42.0,Male,Germany,Education,73457.91
36,Bachelor's,Mechanical Engineer,6.5,46.9,Other,Australia,Technology,157463.02
22,Bachelor's,HR Specialist,3.9,37.8,Female,Canada,Healthcare,119199.82
37,Bachelor's,Customer Support,10.0,49.7,Male,Canada,Technology,148114.81
33,Master's,Product Manager,10.6,42.8,Male,Canada,Manufacturing,147922.27
22,Master's,Product Manager,2.5,34.6,Female,UK,Retail,138432.29
40,Bachelor's,Data Analyst,10.5,39.2,Male,UK,Manufacturing,141625.81
57,High School,Product Manager,19.3,48.0,Male,Canada,Retail,106317.41
44,Bachelor's,HR Specialist,13.0,32.0,Male,Germany,Technology,124417.16
38,Bachelor's,Operations Manager,15.0,30.1,Female,Germany,Technology,156653.69
34,Bachelor's,Sales Executive,14.4,32.1,Male,USA,Finance,157864.76
41,Bachelor's,Financial Analyst,10.8,37.1,Female,India,Finance,62888.22
32,Master's,Customer Support,9.8,39.0,Female,USA,Manufacturing,150789.92
57,Master's,Sales Executive,21.1,62.3,Male,UK,Healthcare,185918.55
48,High School,Data Analyst,13.9,44.2,Female,Germany,Technology,118904.54
31,Bachelor's,Data Analyst,9.3,44.5,Male,Germany,Manufacturing,110540.25
45,Bachelor's,Marketing Manager,13.6,51.5,Female,Germany,Technology,186325.11
18,Master's,Mechanical Engineer,0.0,45.9,Male,Australia,Retail,125564.92
35,Bachelor's,Sales Executive,2.9,26.8,Male,India,Education,32326.78
39,Bachelor's,Operations Manager,2.7,48.5,Male,USA,Technology,177694.11
23,Master's,Software Engineer,5.0,50.6,Female,USA,Technology,259700.46
36,Master's,Financial Analyst,0.0,55.8,Female,Canada,Technology,210594.02
48,High School,Customer Support,14.0,47.0,Male,India,Technology,44923.8
25,Bachelor's,Operations Manager,1.4,24.5,Male,Germany,Manufacturing,97833.29
43,Master's,Customer Support,9.5,30.4,Male,Germany,Education,94515.64
25,Bachelor's,Mechanical Engineer,5.7,42.8,Male,UK,Healthcare,138566.42
31,Bachelor's,Marketing Manager,0.0,42.2,Male,USA,Manufacturing,129264.41
33,High School,Customer Support,4.5,45.5,Male,USA,Technology,132951.77
38,Bachelor's,Financial Analyst,7.5,35.4,Female,USA,Finance,192423.97
36,Bachelor's,Product Manager,10.0,33.3,Male,Australia,Manufacturing,136595.44
51,Bachelor's,Customer Support,16.1,44.7,Female,USA,Healthcare,154015.05
36,Bachelor's,Financial Analyst,6.3,44.5,Female,UK,Technology,172145.84
35,High School,Operations Manager,16.4,32.1,Female,India,Healthcare,36753.47
41,Bachelor's,Operations Manager,14.4,54.1,Female,Australia,Finance,164270.0
26,Bachelor's,Marketing Manager,5.7,33.8,Male,Canada,Finance,152849.18
18,Bachelor's,Operations Manager,0.0,37.3,Male,India,Education,37288.25
46,Master's,Product Manager,12.7,34.9,Male,Canada,Finance,222225.49
46,High School,Sales Executive,18.5,29.6,Female,Canada,Retail,76733.74
31,Master's,Sales Executive,7.1,50.4,Male,Australia,Technology,181853.61
33,High School,Marketing Manager,3.1,37.3,Male,India,Healthcare,41739.57
29,High School,Product Manager,5.7,46.6,Female,UK,Technology,151272.57
29,High School,Financial Analyst,11.0,46.3,Female,Australia,Finance,116873.97
20,High School,Marketing Manager,0.0,20.8,Female,UK,Finance,119444.28
31,High School,Marketing Manager,6.5,50.7,Female,Canada,Finance,132721.37
30,High School,Customer Support,2.4,30.9,Female,Canada,Finance,89422.15
25,PhD,Customer Support,4.5,33.9,Female,Canada,Education,130653.13
19,Master's,HR Specialist,1.0,29.8,Female,USA,Manufacturing,130428.86
40,Bachelor's,Operations Manager,9.6,42.8,Female,Australia,Finance,158899.99
46,PhD,Mechanical Engineer,9.7,43.3,Female,Germany,Technology,189722.02
29,Master's,HR Specialist,6.4,31.0,Male,UK,Education,93171.5
37,High School,Product Manager,6.5,43.6,Female,UK,Healthcare,110623.3
52,Master's,HR Specialist,13.9,60.1,Female,Germany,Retail,122060.22
26,Master's,Operations Manager,8.0,40.8,Female,Germany,Manufacturing,125427.94
26,Master's,Customer Support,3.9,36.7,Male,Canada,Finance,146523.46
46,Bachelor's,Financial Analyst,14.1,35.4,Female,USA,Manufacturing,168500.14
33,Bachelor's,Marketing Manager,11.2,27.7,Male,Canada,Manufacturing,116262.03
25,Master's,Data Analyst,6.9,40.7,Female,UK,Technology,198658.85
32,High School,Mechanical Engineer,13.0,32.9,Male,UK,Finance,131154.47
39,Bachelor's,Product Manager,17.7,31.7,Male,Australia,Finance,202248.23
33,Bachelor's,Operations Manager,6.1,28.9,Male,India,Healthcare,57734.68
33,PhD,Software Engineer,2.1,,Male,USA,Finance,239706.36
36,Master's,Marketing Manager,8.9,44.2,Female,Canada,Manufacturing,156120.51
54,PhD,Customer Support,13.8,40.0,Male,India,Manufacturing,49744.89
38,Bachelor's,Software Engineer,7.2,41.2,Male,Canada,Manufacturing,125781.89
55,High School,Customer Support,17.9,41.1,Female,Germany,Education,52385.85
37,PhD,Marketing Manager,9.5,45.3,Male,UK,Technology,249516.48
36,Master's,Customer Support,7.6,51.9,Female,USA,Retail,147666.98
45,Master's,Customer Support,17.7,26.6,Other,Germany,Technology,162754.32
37,Bachelor's,Product Manager,16.8,54.2,Male,Canada,Healthcare,146725.46
30,Master's,Marketing Manager,5.5,48.3,Male,UK,Retail,143655.26
33,High School,Data Analyst,1.2,36.1,Female,UK,Manufacturing,84978.71
45,PhD,HR Specialist,13.7,42.4,Female,India,Healthcare,82859.95
52,PhD,Marketing Manager,8.5,54.9,Male,India,Technology,90116.46
43,High School,Software Engineer,4.6,21.3,Female,UK,Healthcare,114917.36
37,Bachelor's,Data Analyst,10.0,46.7,Female,Germany,Healthcare,130334.84
55,Bachelor's,Software Engineer,19.8,50.6,Female,India,Manufacturing,53850.29
44,High School,Sales Executive,21.3,32.0,Male,USA,Manufacturing,102188.36
33,Bachelor's,Marketing Manager,2.0,39.5,Male,USA,Manufacturing,142463.3
59,Bachelor's,Mechanical Engineer,21.3,45.3,Female,India,Technology,67258.41
42,Bachelor's,Data Analyst,10.2,52.6,Male,USA,Manufacturing,165348.46
42,Bachelor's,Marketing Manager,15.6,45.7,Male,UK,Finance,175693.72
28,Bachelor's,Marketing Manager,7.7,41.7,Female,USA,Education,143313.36
44,High School,Data Analyst,5.7,39.0,Female,Canada,Finance,80289.4
36,Master's,Product Manager,2.2,54.6,Female,USA,Education,169824.34
50,Bachelor's,Sales Executive,12.5,48.6,Female,UK,Manufacturing,126008.99
37,High School,Marketing Manager,8.3,60.8,Female,USA,Education,120039.84
44,Master's,Customer Support,11.3,31.3,Male,USA,Retail,131675.91
27,High School,Marketing Manager,4.8,47.5,Female,Australia,Education,101690.56
32,Bachelor's,Sales Executive,0.0,50.6,Female,USA,Education,111392.73
49,Bachelor's,Software Engineer,13.9,28.0,Male,India,Retail,49244.87
33,Bachelor's,Mechanical Engineer,6.9,58.2,Female,UK,Technology,151381.26
44,Master's,Marketing Manager,21.6,39.9,Female,UK,Manufacturing,158569.89
41,PhD,Software Engineer,13.1,44.8,Male,Canada,Healthcare,173540.74
38,PhD,HR Specialist,8.4,34.6,Male,India,Retail,46569.72
42,Bachelor's,HR Specialist,9.5,41.4,Male,USA,Manufacturing,145382.06
60,Master's,Sales Executive,21.3,31.1,Female,Australia,Manufacturing,147269.36
47,Master's,Financial Analyst,9.4,53.6,Male,Australia,Manufacturing,161655.02
47,Bachelor's,Operations Manager,19.8,32.6,Female,Canada,Retail,89233.37
43,High School,Customer Support,17.2,55.3,Male,India,Healthcare,41057.21
41,High School,Financial Analyst,18.4,30.9,Female,Australia,Manufacturing,98775.24
35,PhD,HR Specialist,11.1,42.4,Male,Canada,Retail,132191.88
41,Bachelor's,Operations Manager,14.5,40.4,Male,UK,Finance,162132.67
31,Bachelor's,Mechanical Engineer,10.2,38.9,Male,Australia,Education,114222.65
34,Master's,HR Specialist,3.4,33.4,Male,Canada,Finance,167310.14
42,Bachelor's,Sales Executive,11.2,45.7,Male,India,Retail,46195.14
38,PhD,Data Analyst,12.4,59.7,Female,UK,Manufacturing,189495.34
46,Bachelor's,Product Manager,16.0,20.7,Female,UK,Finance,164933.07
32,Bachelor's,Operations Manager,5.8,43.0,Female,Canada,Manufacturing,117268.99
54,Bachelor's,HR Specialist,22.8,44.7,Male,India,Education,37224.72
37,High School,HR Specialist,8.7,27.6,Male,UK,Technology,111404.33
44,Bachelor's,Data Analyst,14.0,25.3,Female,USA,Education,117164.14
39,High School,Operations Manager,14.5,55.3,Female,UK,Retail,85864.94
27,Master's,Data Analyst,2.7,41.3,Male,Canada,Technology,172420.49
39,Bachelor's,Financial Analyst,14.0,28.2,Female,Australia,Manufacturing,133874.69
31,High School,Operations Manager,4.6,44.8,Female,Germany,Technology,109173.19
39,Master's,Marketing Manager,12.3,36.4,Male,Canada,Manufacturing,158162.16
30,Bachelor's,Mechanical Engineer,6.3,31.9,Male,India,Manufacturing,45797.22
40,Bachelor's,Product Manager,7.4,27.3,Male,USA,Technology,225189.39
32,Bachelor's,Software Engineer,8.8,41.0,Male,India,Retail,51143.56
47,Bachelor's,Data Analyst,11.9,33.4,Male,USA,Education,133666.68
48,Bachelor's,Product Manager,12.0,30.5,Female,Canada,Manufacturing,144093.79
38,High School,Financial Analyst,8.5,50.2,Female,Canada,Healthcare,109442.26
33,Bachelor's,Sales Executive,2.7,30.2,Male,Australia,Technology,145027.66
22,Bachelor's,Operations Manager,4.0,50.3,Male,Australia,Manufacturing,111083.93
28,Bachelor's,Customer Support,9.1,45.2,Female,Canada,Education,88523.36
35,Master's,Mechanical Engineer,13.4,44.3,Female,UK,Manufacturing,139545.26
22,Master's,Product Manager,1.6,37.9,Male,Australia,Finance,213122.94
44,Master's,Sales Executive,19.6,33.7,Female,Australia,Education,135098.61
29,Master's,Operations Manager,1.0,44.8,Female,UK,Retail,129426.24
38,High School,Customer Support,5.6,36.2,Male,Australia,Education,68991.25
26,Bachelor's,Software Engineer,5.8,44.0,Male,USA,Manufacturing,171273.02
40,Bachelor's,Marketing Manager,4.4,40.4,Female,UK,Retail,98132.61
42,High School,Financial Analyst,15.1,41.7,Male,Germany,Healthcare,109477.18
41,Master's,Product Manager,10.9,45.4,Male,UK,Technology,199726.22
28,Master's,Mechanical Engineer,5.5,52.6,Male,Germany,Finance,186639.47
32,Bachelor's,Operations Manager,6.6,41.7,Female,USA,Education,113990.84
54,Master's,HR Specialist,17.7,37.1,Female,USA,Finance,191463.14
19,Master's,Product Manager,1.0,32.1,Other,Australia,Retail,137569.59
37,Bachelor's,HR Specialist,8.8,43.3,Female,Australia,Education,104447.55
35,High School,Sales Executive,9.5,42.7,Female,Germany,Technology,111605.85
42,Master's,Operations Manager,13.4,47.6,Male,Canada,Education,124696.2
25,PhD,Software Engineer,0.0,39.2,Female,USA,Healthcare,213893.53
18,Master's,Financial Analyst,0.0,36.5,Male,Australia,Retail,126794.65
23,High School,Product Manager,0.0,48.5,Female,Canada,Healthcare,117448.89
31,Bachelor's,Financial Analyst,10.0,33.3,Female,India,Education,48867.79
44,PhD,HR Specialist,16.8,39.3,Female,Germany,Finance,189696.8
24,PhD,Mechanical Engineer,0.9,43.3,Male,Germany,Healthcare,180083.27
46,Bachelor's,Product Manager,13.4,46.0,Female,Canada,Healthcare,141747.2
46,Master's,Data Analyst,16.2,44.3,Male,USA,Finance,248580.57
21,High School,Data Analyst,0.6,32.7,Male,UK,Healthcare,96664.07
38,High School,Operations Manager,2.9,29.9,Male,USA,Technology,142092.16
42,Bachelor's,Customer Support,11.9,42.2,Female,India,Education,37631.01
51,Bachelor's,Marketing Manager,18.8,33.9,Male,Canada,Healthcare,149828.6
38,Bachelor's,Sales Executive,13.1,35.5,Female,Canada,Finance,124338.72
35,Master's,Data Analyst,9.4,44.1,Female,Germany,Retail,128267.76
41,Bachelor's,Software Engineer,6.3,38.8,Male,India,Technology,63551.27
42,Bachelor's,Sales Executive,3.3,43.7,Female,Germany,Education,80588.73
46,PhD,Operations Manager,20.3,44.5,Female,Canada,Education,146626.64
46,Bachelor's,Software Engineer,16.4,52.4,Female,India,Retail,58761.62
42,Master's,Sales Executive,15.7,51.5,Female,UK,Retail,127987.27
51,High School,Product Manager,20.3,46.5,Female,UK,Manufacturing,121005.46
28,High School,HR Specialist,5.6,41.7,Female,India,Manufacturing,35916.4
52,High School,Customer Support,21.7,33.8,Male,Canada,Finance,90957.85
38,Bachelor's,Marketing Manager,10.1,42.0,Male,Australia,Manufacturing,155092.35
41,Master's,Financial Analyst,11.1,51.7,Female,India,Healthcare,73062.66
36,Master's,Sales Executive,4.9,55.8,Female,Australia,Retail,123165.17
44,Master's,Mechanical Engineer,19.3,36.1,Male,Australia,Manufacturing,145657.88
42,High School,Financial Analyst,11.0,34.6,Male,India,Healthcare,50374.78
31,Master's,HR Specialist,0.6,49.3,Male,Australia,Finance,165514.54
33,Bachelor's,Customer Support,4.4,67.5,Female,India,Finance,57414.67
56,Master's,Mechanical Engineer,17.6,31.1,Female,Canada,Healthcare,172232.72
36,PhD,Mechanical Engineer,9.8,37.1,Female,USA,Finance,219010.72
28,Master's,Data Analyst,9.3,36.5,Female,USA,Retail,147399.36
31,Master's,Product Manager,0.0,49.9,Male,Germany,Manufacturing,141805.23
37,High School,Operations Manager,6.4,49.0,Female,Canada,Manufacturing,85539.61
20,Master's,Software Engineer,0.0,46.0,Male,Canada,Healthcare,171948.42
32,High School,HR Specialist,4.4,43.3,Female,Australia,Finance,90921.25
43,High School,HR Specialist,8.9,47.2,Female,Germany,Healthcare,98680.04
18,Bachelor's,Marketing Manager,0.0,46.9,Female,Germany,Technology,139753.79
37,High School,Customer Support,2.3,50.3,Male,Germany,Retail,72006.63
30,Master's,Mechanical Engineer,4.2,45.4,Male,India,Manufacturing,58613.35
36,Master's,Software Engineer,10.2,42.8,Female,Canada,Education,122996.2
28,PhD,Product Manager,4.4,40.4,Male,UK,Manufacturing,199420.69
43,High School,Product Manager,18.3,49.6,Female,USA,Technology,211767.34
42,High School,Operations Manager,10.4,41.4,Male,Australia,Finance,127827.93
49,High School,Financial Analyst,14.5,,Female,Germany,Technology,125569.76
37,Master's,Mechanical Engineer,6.8,41.4,Male,Australia,Finance,197055.58
34,Bachelor's,Data Analyst,3.9,46.0,Female,India,Manufacturing,51460.04
32,Bachelor's,Operations Manager,2.7,37.5,Female,India,Finance,56753.94
35,High School,Operations Manager,11.7,38.7,Male,USA,Healthcare,111512.75
41,Master's,Product Manager,15.3,46.9,Male,Canada,Technology,249682.24
49,Bachelor's,Customer Support,12.1,46.7,Other,Australia,Healthcare,129411.02
47,Master's,Financial Analyst,13.3,52.1,Female,Canada,Finance,204134.8
44,PhD,Sales Executive,2.1,39.8,Male,Canada,Healthcare,176657.82
43,PhD,Software Engineer,11.1,45.3,Female,Australia,Education,181120.93
20,Bachelor's,Financial Analyst,0.7,37.4,Male,Germany,Retail,104613.42
39,Master's,Data Analyst,8.6,39.6,Female,Australia,Healthcare,198014.47
43,Bachelor's,Marketing Manager,10.7,39.2,Male,India,Education,47366.95
45,Bachelor's,Marketing Manager,13.6,31.7,Male,Australia,Healthcare,145425.02
34,Master's,Financial Analyst,5.8,58.1,Female,Australia,Healthcare,211862.14
52,Bachelor's,Financial Analyst,18.6,45.0,Female,USA,Technology,239119.38
29,Master's,Financial Analyst,4.4,33.1,Male,UK,Technology,173180.78
53,Bachelor's,Customer Support,11.7,43.6,Male,India,Manufacturing,45358.54
52,Bachelor's,Mechanical Engineer,22.9,34.4,Male,Germany,Technology,151087.24
41,Bachelor's,Software Engineer,15.1,41.6,Female,USA,Manufacturing,183404.41
43,Bachelor's,Sales Executive,11.7,41.5,Female,UK,Manufacturing,117765.74
45,Bachelor's,Product Manager,22.4,34.5,Female,India,Education,41883.89
49,PhD,Financial Analyst,18.7,46.7,Male,India,Technology,95748.5
48,High School,HR Specialist,14.6,37.2,Male,USA,Finance,126777.64
28,Master's,Mechanical Engineer,5.7,43.2,Male,India,Manufacturing,66588.06
25,Bachelor's,Customer Support,7.0,48.3,Female,Canada,Education,89290.22
34,Bachelor's,HR Specialist,8.6,38.0,Male,Australia,Manufacturing,107866.98
18,PhD,Financial Analyst,0.0,40.0,Male,Germany,Retail,126602.43
42,High School,Operations Manager,17.8,44.9,Other,UK,Retail,89774.2
49,High School,Marketing Manager,14.8,28.3,Female,USA,Healthcare,150068.44
39,Master's,Software Engineer,0.0,53.5,Female,Germany,Education,108675.02
38,High School,Marketing Manager,5.7,41.3,Female,Australia,Education,79862.88
36,Bachelor's,Operations Manager,4.9,30.1,Male,UK,Education,104269.5
32,High School,Software Engineer,12.2,42.4,Male,USA,Finance,159829.88
40,High School,Mechanical Engineer,13.8,47.0,Female,Canada,Manufacturing,105253.62
34,Bachelor's,Sales Executive,7.6,34.5,Male,Australia,Healthcare,137416.92
20,High School,Data Analyst,2.0,62.1,Female,Canada,Manufacturing,95274.22
47,Master's,Operations Manager,17.0,35.4,Male,UK,Finance,179257.93
42,High School,Sales Executive,12.7,39.2,Male,India,Healthcare,41286.34
37,PhD,Software Engineer,5.2,50.5,Female,Australia,Retail,162997.0
41,High School,Customer Support,10.9,45.1,Female,USA,Manufacturing,108240.25
37,Master's,Sales Executive,4.5,42.8,Male,India,Retail,49051.1
44,PhD,Sales Executive,8.6,44.4,Female,Australia,Technology,197970.67
37,Bachelor's,Operations Manager,12.9,26.9,Male,India,Technology,58490.13
39,High School,Marketing Manager,8.9,41.7,Female,Canada,Technology,117335.39
43,Bachelor's,Financial Analyst,16.4,48.0,Male,UK,Manufacturing,123637.2
48,High School,Sales Executive,15.9,44.4,Male,Australia,Retail,94818.83
33,Bachelor's,Sales Executive,4.1,46.4,Male,UK,Finance,154912.39
49,Master's,Software Engineer,10.0,44.1,Male,Germany,Retail,123180.46
37,Bachelor's,Operations Manager,8.2,36.6,Male,UK,Finance,146812.97
33,Bachelor's,Sales Executive,8.0,29.6,Female,India,Manufacturing,43998.43
18,PhD,Mechanical Engineer,0.0,27.1,Female,India,Retail,47453.56
45,High School,HR Specialist,19.3,43.3,Female,India,Manufacturing,36044.5
39,Master's,Mechanical Engineer,15.4,38.2,Male,India,Education,52836.48
40,Master's,Operations Manager,12.6,39.6,Female,India,Education,51455.18
35,Bachelor's,Product Manager,4.8,49.2,Female,UK,Technology,155496.21
46,High School,Sales Executive,9.1,34.0,Female,USA,Retail,71946.07
33,Master's,Financial Analyst,7.1,39.4,Female,Canada,Manufacturing,146764.62
26,PhD,Sales Executive,8.0,45.5,Female,Germany,Education,131507.15
18,Bachelor's,Financial Analyst,0.0,45.3,Female,Canada,Technology,169771.29
36,Bachelor's,Sales Executive,11.6,40.2,Female,USA,Technology,199594.24
30,Master's,Mechanical Engineer,1.8,43.4,Male,UK,Technology,189254.77
28,Master's,Data Analyst,5.4,33.3,Male,Australia,Retail,141474.59
35,PhD,HR Specialist,16.5,37.1,Male,UK,Education,134356.01
53,Bachelor's,Financial Analyst,18.0,55.2,Male,Germany,Technology,179174.71
47,Master's,Data Analyst,8.2,37.4,Male,USA,Healthcare,225069.21
58,Master's,Software Engineer,25.3,51.0,Male,UK,Healthcare,198370.37
46,Master's,HR Specialist,10.5,42.4,Male,India,Healthcare,56267.44
45,Master's,Software Engineer,17.8,28.0,Female,Germany,Healthcare,173272.59
32,Bachelor's,Customer Support,10.5,45.7,Female,Australia,Healthcare,112487.55
52,Bachelor's,Mechanical Engineer,13.6,42.3,Female,India,Technology,61538.12
52,High School,Software Engineer,23.6,26.8,Female,USA,Education,105357.48
35,Bachelor's,Customer Support,15.3,42.2,Male,Germany,Education,92840.33
46,PhD,Operations Manager,19.2,34.3,Female,USA,Healthcare,255593.99
24,Master's,Financial Analyst,0.6,52.5,Female,UK,Education,131208.64
56,Master's,Data Analyst,11.9,35.7,Other,Canada,Healthcare,146946.65
51,Bachelor's,Software Engineer,6.7,42.1,Female,India,Finance,71011.49
28,PhD,Customer Support,10.0,55.0,Male,UK,Technology,194572.95
39,PhD,Marketing Manager,8.1,44.4,Male,Canada,Healthcare,213404.5
44,Bachelor's,Financial Analyst,15.3,49.5,Male,Canada,Education,116060.44
18,Bachelor's,Data Analyst,0.0,42.6,Female,UK,Healthcare,134168.24
52,Master's,Sales Executive,19.7,40.0,Female,UK,Education,106034.48
30,Bachelor's,HR Specialist,3.3,39.2,Female,USA,Retail,104385.76
29,Bachelor's,Sales Executive,3.1,33.2,Female,Australia,Technology,137366.98
34,Bachelor's,Product Manager,10.7,20.0,Male,UK,Education,107626.37
34,PhD,Financial Analyst,10.5,46.7,Male,UK,Technology,249245.19
29,Bachelor's,Software Engineer,5.1,42.7,Male,Australia,Healthcare,149370.88
45,Master's,Mechanical Engineer,18.5,53.0,Male,Germany,Technology,201425.18
55,Master's,Financial Analyst,19.8,40.9,Female,India,Retail,56230.73
18,Bachelor's,Operations Manager,0.0,31.4,Male,Canada,Technology,158043.05
24,Bachelor's,HR Specialist,0.0,33.2,Male,Canada,Retail,89155.03
33,Bachelor's,Financial Analyst,10.8,56.0,Male,UK,Manufacturing,147096.01
27,Bachelor's,Data Analyst,6.8,43.8,Female,Canada,Education,106481.46
34,Master's,Data Analyst,5.1,48.3,Male,Germany,Technology,167339.25
43,Bachelor's,Sales Executive,13.5,51.5,Female,Canada,Manufacturing,111438.44
27,Bachelor's,Operations Manager,1.4,35.2,Female,Australia,Retail,114026.56
30,Bachelor's,Sales Executive,2.3,45.2,Male,Canada,Finance,112125.92
46,Bachelor's,Sales Executive,23.1,46.8,Female,USA,Finance,188756.28
37,PhD,Financial Analyst,10.2,36.6,Male,USA,Finance,255837.0
46,High School,Sales Executive,15.3,42.9,Female,USA,Finance,135889.5
50,Master's,Software Engineer,14.7,30.4,Other,Canada,Education,139318.25
31,Bachelor's,HR Specialist,10.7,43.0,Male,Canada,Finance,135598.74
38,Bachelor's,Marketing Manager,3.3,53.7,Female,Australia,Manufacturing,134871.15
44,Master's,Customer Support,8.5,50.7,Male,Canada,Healthcare,130969.91
29,High School,Data Analyst,10.8,29.2,Male,India,Education,33622.23
38,Bachelor's,Product Manager,16.5,39.2,Male,UK,Education,110103.84
41,High School,Customer Support,12.5,42.8,Female,UK,Education,78332.43
38,Bachelor's,Mechanical Engineer,10.5,36.8,Male,Canada,Education,90809.07
30,Master's,Sales Executive,9.9,40.3,Female,India,Manufacturing,58660.98
36,Master's,Customer Support,6.4,31.2,Male,USA,Manufacturing,117080.09
44,PhD,Marketing Manager,12.8,33.1,Female,UK,Healthcare,210710.17
36,High School,Financial Analyst,11.9,29.5,Female,UK,Education,75443.18
38,Master's,Marketing Manager,8.0,27.3,Female,Canada,Manufacturing,139619.12
32,Bachelor's,Product Manager,8.6,41.6,Male,India,Finance,62771.63
18,High School,Sales Executive,0.0,20.0,Female,UK,Finance,88496.39
47,High School,Operations Manager,18.5,33.5,Female,USA,Manufacturing,103740.82
56,Bachelor's,Product Manager,10.7,40.7,Female,India,Healthcare,67160.8
43,Bachelor's,Operations Manager,9.9,36.0,Male,Germany,Technology,146662.42
28,Master's,HR Specialist,2.4,45.5,Female,Australia,Healthcare,136052.01
41,PhD,Product Manager,15.1,49.8,Male,UK,Healthcare,243745.95
42,Master's,Financial Analyst,8.5,50.0,Male,UK,Healthcare,179682.7
59,Master's,Sales Executive,21.6,47.2,Male,UK,Retail,150009.36
46,Master's,Marketing Manager,8.7,32.2,Female,India,Retail,51343.78
36,Bachelor's,Software Engineer,3.7,41.5,Male,Australia,Finance,182071.08
44,PhD,Marketing Manager,4.1,39.3,Female,India,Finance,84019.34
35,Master's,HR Specialist,12.3,44.3,Male,India,Education,51497.9
45,Bachelor's,Customer Support,8.2,58.1,Other,Canada,Retail,100985.41
42,Master's,Data Analyst,9.8,51.6,Male,Germany,Education,115415.03
44,High School,Sales Executive,14.4,43.5,Female,India,Healthcare,38315.05
39,Bachelor's,Mechanical Engineer,7.4,50.6,Female,UK,Finance,145102.0
19,Master's,Data Analyst,1.0,48.9,Male,Germany,Manufacturing,148111.97
50,Bachelor's,HR Specialist,14.4,36.5,Female,Germany,Finance,131350.82
26,High School,Mechanical Engineer,1.1,43.5,Male,USA,Healthcare,119913.3
40,Master's,Data Analyst,9.8,38.0,Female,Australia,Manufacturing,176750.91
42,Master's,HR Specialist,11.0,36.8,Female,UK,Healthcare,152825.27
47,Master's,Operations Manager,14.0,34.8,Other,India,Technology,76377.12
54,Master's,Financial Analyst,17.9,34.1,Male,Germany,Technology,217293.12
52,High School,Product Manager,19.1,29.5,Female,Germany,Finance,122845.09
54,Bachelor's,Sales Executive,19.2,43.9,Female,India,Finance,60438.37
24,Master's,Sales Executive,5.1,51.4,Male,UK,Finance,178076.8
32,Bachelor's,HR Specialist,11.4,51.9,Male,Canada,Education,93730.66
65,Bachelor's,Product Manager,25.3,38.6,Male,Canada,Healthcare,153226.51
32,High School,Marketing Manager,12.9,23.3,Female,USA,Education,83434.77
34,PhD,Sales Executive,12.0,41.5,Female,Canada,Education,146717.12
32,Bachelor's,Marketing Manager,3.1,40.3,Male,Canada,Retail,105744.32
23,Bachelor's,Operations Manager,2.4,56.3,Female,USA,Education,116234.8
31,Master's,Product Manager,10.0,42.8,Male,Australia,Finance,177538.67
37,Bachelor's,Financial Analyst,11.3,36.4,Female,Australia,Retail,113336.97
39,Master's,Financial Analyst,13.9,36.2,Female,Germany,Retail,132988.21
31,High School,HR Specialist,8.9,33.5,Female,USA,Finance,122033.57
35,Bachelor's,Mechanical Engineer,4.6,40.6,Male,Australia,Technology,161312.54
37,Master's,Operations Manager,6.2,40.1,Male,India,Technology,68982.08
39,Master's,Sales Executive,14.9,42.4,Female,Australia,Healthcare,150650.63
46,Bachelor's,Sales Executive,10.3,40.6,Male,Canada,Retail,101116.22
41,Bachelor's,Sales Executive,11.0,36.1,Female,Germany,Finance,143621.94
32,Master's,Data Analyst,7.6,33.7,Female,Canada,Healthcare,161003.45
34,High School,Operations Manager,3.7,38.9,Female,Canada,Education,78054.98
38,Master's,Marketing Manager,15.1,32.2,Male,UK,Retail,119840.96
27,Bachelor's,Financial Analyst,2.5,45.5,Female,India,Manufacturing,52782.72
30,High School,Mechanical Engineer,9.8,54.4,Female,Australia,Technology,122310.33
41,Master's,Data Analyst,13.0,49.6,Male,USA,Manufacturing,192812.73
44,High School,Software Engineer,5.0,22.3,Female,Australia,Healthcare,113923.48
60,Master's,Marketing Manager,25.4,43.2,Female,Canada,Manufacturing,163799.16
24,Bachelor's,Data Analyst,6.0,51.3,Male,India,Manufacturing,53351.91
44,High School,Operations Manager,17.2,41.6,Male,Australia,Manufacturing,84921.14
50,Bachelor's,Mechanical Engineer,14.1,41.1,Female,Germany,Technology,155970.11
37,Master's,Customer Support,14.5,42.3,Female,India,Finance,41226.52
29,Bachelor's,Data Analyst,6.2,35.2,Female,Canada,Education,103007.16
48,High School,Mechanical Engineer,12.6,35.4,Male,Germany,Manufacturing,99554.93
44,Master's,HR Specialist,14.2,34.2,Female,UK,Retail,123864.7
34,Master's,HR Specialist,5.8,33.7,Male,Germany,Finance,136625.35
38,Bachelor's,Customer Support,12.5,39.4,Male,India,Finance,58690.69
34,High School,Sales Executive,12.6,40.3,Male,Germany,Manufacturing,76340.65
46,Bachelor's,Data Analyst,20.1,39.7,Female,USA,Healthcare,162381.77
52,High School,Sales Executive,13.1,44.3,Female,India,Healthcare,40702.25
47,PhD,Mechanical Engineer,18.6,42.0,Female,Germany,Healthcare,195735.86
31,Bachelor's,HR Specialist,6.6,29.4,Male,Germany,Technology,135148.1
41,Master's,Product Manager,8.4,38.4,Female,USA,Technology,260921.73
39,High School,Mechanical Engineer,6.4,49.9,Female,Germany,Education,81675.51
29,High School,Data Analyst,0.0,36.1,Male,USA,Retail,86061.87
46,Bachelor's,Customer Support,9.0,30.2,Male,India,Technology,57191.0
24,Master's,Data Analyst,6.0,39.7,Female,Canada,Healthcare,178210.26
33,Bachelor's,HR Specialist,7.9,46.7,Male,Australia,Retail,103514.03
50,High School,Mechanical Engineer,10.6,38.2,Male,Germany,Retail,79237.25
29,Bachelor's,Operations Manager,0.8,29.5,Male,Australia,Healthcare,120774.98
43,Bachelor's,Operations Manager,6.6,32.5,Male,Australia,Healthcare,140074.88
31,Master's,Customer Support,12.9,43.2,Female,Australia,Manufacturing,130097.18
58,PhD,Data Analyst,25.2,48.5,Female,USA,Manufacturing,229843.88
41,Bachelor's,Customer Support,12.6,46.2,Male,Germany,Technology,124519.1
52,Bachelor's,Data Analyst,17.4,46.9,Male,USA,Healthcare,189740.0
43,Bachelor's,Financial Analyst,11.1,51.9,Female,UK,Finance,157850.81
36,Bachelor's,Product Manager,6.0,50.9,Female,India,Education,42688.47
42,Master's,Financial Analyst,12.9,59.3,Male,Canada,Manufacturing,169150.28
28,Master's,Data Analyst,4.0,51.4,Female,Australia,Retail,118981.25
41,Master's,Financial Analyst,6.1,54.3,Female,India,Healthcare,80314.05
30,Master's,Sales Executive,3.0,39.8,Female,India,Retail,50264.22
47,PhD,Data Analyst,18.2,33.1,Other,USA,Retail,210857.43
65,High School,Software Engineer,16.3,30.0,Male,USA,Education,106455.53
48,PhD,Mechanical Engineer,15.7,35.0,Male,Germany,Finance,179351.06
38,Bachelor's,Product Manager,3.2,45.9,Male,UK,Retail,123041.96
42,Master's,Product Manager,10.0,28.3,Female,UK,Education,138894.77
21,PhD,Marketing Manager,2.1,41.5,Female,Australia,Education,132716.86
46,Bachelor's,HR Specialist,21.1,47.6,Female,Canada,Retail,109834.16
33,Master's,Software Engineer,6.0,52.5,Male,Australia,Finance,191821.49
52,Bachelor's,Mechanical Engineer,11.4,46.2,Female,Germany,Retail,102650.61
26,PhD,Customer Support,0.1,40.8,Male,Germany,Education,108585.54
53,High School,Customer Support,19.9,41.8,Male,Canada,Healthcare,100709.81
32,Bachelor's,Financial Analyst,4.2,49.5,Female,Australia,Education,109620.93
37,Bachelor's,Financial Analyst,7.3,43.1,Male,India,Manufacturing,48962.76
25,Bachelor's,Mechanical Engineer,0.9,24.8,Male,Germany,Technology,145154.9
38,High School,Software Engineer,2.1,46.9,Female,Canada,Technology,132549.02
47,Bachelor's,Software Engineer,22.8,42.1,Male,USA,Technology,232112.59
18,High School,Operations Manager,0.0,50.0,Male,India,Finance,43136.64
33,Bachelor's,Sales Executive,11.4,41.4,Male,UK,Finance,150213.01
35,Bachelor's,Sales Executive,10.5,39.0,Female,Australia,Education,104764.16
24,High School,Marketing Manager,3.8,40.9,Female,Australia,Finance,122235.1
33,Bachelor's,Sales Executive,0.0,40.7,Male,India,Healthcare,46057.5
47,High School,Sales Executive,16.1,37.3,Female,Canada,Healthcare,104423.85
31,Bachelor's,Customer Support,7.3,50.6,Male,Canada,Education,79888.26
40,Master's,Financial Analyst,11.8,29.8,Female,USA,Technology,232018.37
43,Bachelor's,Customer Support,14.4,34.1,Female,Germany,Technology,113919.17
39,Master's,Data Analyst,11.6,41.6,Male,Australia,Education,135053.94
31,Bachelor's,Customer Support,5.3,47.0,Female,UK,Healthcare,129625.45
38,PhD,Product Manager,9.7,49.2,Male,India,Retail,57074.63
42,Bachelor's,Customer Support,9.0,51.0,Male,India,Manufacturing,44639.62
34,Bachelor's,Data Analyst,10.9,37.4,Female,India,Technology,64187.1
47,Bachelor's,Marketing Manager,7.4,41.0,Male,Canada,Healthcare,177384.84
40,Bachelor's,Software Engineer,12.1,35.6,Female,Australia,Manufacturing,144101.21
33,High School,HR Specialist,9.6,51.3,Male,UK,Technology,117376.65
24,Master's,Financial Analyst,1.7,61.9,Male,UK,Healthcare,189052.11
49,PhD,Mechanical Engineer,14.9,48.3,Male,Australia,Education,161961.48
34,Bachelor's,Software Engineer,6.3,48.1,Male,Germany,Technology,161309.34
35,Bachelor's,Marketing Manager,14.9,47.5,Female,UK,Manufacturing,146327.96
40,Bachelor's,HR Specialist,5.7,37.4,Male,Australia,Manufacturing,104989.11
18,Bachelor's,Mechanical Engineer,0.0,43.3,Female,Canada,Technology,130070.3
48,Bachelor's,Customer Support,11.6,40.9,Male,UK,Healthcare,113915.22
44,Master's,Marketing Manager,15.3,26.1,Male,UK,Retail,124506.9
35,PhD,Product Manager,7.5,35.4,Other,USA,Manufacturing,235936.94
20,Master's,Financial Analyst,0.0,55.1,Male,Germany,Technology,202669.94
45,High School,Sales Executive,13.7,50.5,Male,USA,Finance,153930.11
39,Bachelor's,Operations Manager,10.6,35.8,Other,USA,Manufacturing,128592.75
39,High School,HR Specialist,12.1,43.1,Male,India,Retail,32063.67
40,High School,Customer Support,22.0,41.5,Female,Germany,Healthcare,85708.25
49,High School,Marketing Manager,18.8,25.9,Female,Canada,Technology,134532.02
31,Master's,Software Engineer,2.5,36.6,Female,UK,Retail,138458.76
37,High School,Financial Analyst,9.9,35.5,Female,Australia,Retail,90380.78
36,Bachelor's,Sales Executive,18.0,42.0,Female,Canada,Healthcare,122296.56
44,High School,HR Specialist,23.7,50.7,Female,USA,Education,79348.71
49,Bachelor's,HR Specialist,15.1,48.1,Male,Australia,Finance,138880.75
31,PhD,Product Manager,3.1,43.8,Male,Australia,Manufacturing,189402.44
43,Master's,HR Specialist,10.0,35.3,Female,Germany,Education,100378.42
26,Master's,Mechanical Engineer,0.0,48.8,Male,USA,Finance,231010.93
50,Bachelor's,Data Analyst,12.3,35.6,Female,Canada,Finance,163981.46
29,High School,Data Analyst,5.4,51.3,Male,India,Technology,48053.94
25,High School,Sales Executive,6.9,48.6,Male,Australia,Healthcare,102501.54
48,Bachelor's,Customer Support,23.1,49.4,Other,India,Healthcare,56740.47
36,PhD,Operations Manager,7.5,48.2,Female,USA,Retail,176127.51
31,High School,HR Specialist,13.0,54.0,Male,Germany,Technology,120763.03
40,Bachelor's,Software Engineer,13.6,38.9,Female,Germany,Healthcare,150035.21
35,Bachelor's,Marketing Manager,7.0,43.0,Female,India,Finance,60245.18
31,High School,Software Engineer,8.2,34.1,Other,Canada,Retail,93386.89
36,Bachelor's,Customer Support,1.6,46.9,Male,Canada,Education,88100.62
42,High School,Mechanical Engineer,16.8,32.8,Female,India,Technology,52517.84
34,Bachelor's,Mechanical Engineer,8.6,41.0,Male,USA,Healthcare,173683.09
45,Master's,Sales Executive,13.6,38.6,Female,Australia,Education,114313.83
27,Bachelor's,Financial Analyst,2.9,37.4,Male,Canada,Healthcare,148077.71
46,Bachelor's,Software Engineer,20.8,35.1,Female,UK,Retail,126256.82
43,Bachelor's,Software Engineer,18.2,43.3,Female,Canada,Education,128955.02
47,Bachelor's,Software Engineer,12.1,47.2,Male,Australia,Manufacturing,159735.71
41,Bachelor's,Sales Executive,11.1,43.7,Female,Australia,Manufacturing,123413.6
35,Bachelor's,Customer Support,0.0,35.2,Female,USA,Technology,142551.37
43,High School,Sales Executive,14.8,33.3,Male,Germany,Finance,119925.19
36,High School,Financial Analyst,9.2,49.8,Male,UK,Technology,115467.76
26,PhD,Marketing Manager,2.0,44.3,Other,USA,Healthcare,256709.06
48,Bachelor's,Customer Support,8.6,34.1,Female,Australia,Manufacturing,103898.91
60,High School,Product Manager,21.0,38.0,Male,Canada,Finance,163556.75
38,Bachelor's,Marketing Manager,20.0,26.6,Female,Canada,Manufacturing,112853.42
24,Bachelor's,Financial Analyst,6.0,40.5,Female,Germany,Technology,145041.24
52,Bachelor's,Operations Manager,17.0,39.7,Female,Canada,Education,113082.78
34,High School,Data Analyst,2.6,,Male,Germany,Technology,98752.32
18,High School,HR Specialist,0.0,33.0,Female,USA,Healthcare,105845.22
26,Master's,Product Manager,0.0,31.9,Female,UK,Manufacturing,179907.15
18,Bachelor's,Mechanical Engineer,0.0,41.2,Male,Canada,Education,86166.92
34,High School,Customer Support,9.2,46.1,Female,India,Healthcare,38297.6
49,Bachelor's,HR Specialist,9.7,32.0,Female,Canada,Finance,137014.53
39,Bachelor's,Customer Support,10.5,51.4,Male,India,Manufacturing,43033.65
42,High School,Operations Manager,14.6,36.9,Female,India,Healthcare,37114.84
35,Bachelor's,Data Analyst,5.8,42.4,Male,Germany,Retail,105494.56
37,PhD,HR Specialist,11.0,34.7,Male,Germany,Education,116810.21
18,PhD,Marketing Manager,0.0,31.0,Female,UK,Healthcare,190560.24
35,Master's,HR Specialist,2.1,54.2,Female,Australia,Retail,118906.13
37,Bachelor's,Financial Analyst,9.6,50.6,Female,Germany,Manufacturing,128597.95
34,High School,HR Specialist,5.9,49.7,Male,Germany,Healthcare,110137.17
33,High School,Operations Manager,15.0,50.6,Male,India,Finance,52006.73
32,Bachelor's,Customer Support,1.5,34.8,Female,UK,Healthcare,113773.06
30,High School,Sales Executive,6.1,44.3,Male,UK,Technology,87462.43
27,Bachelor's,Marketing Manager,8.3,35.9,Female,Canada,Manufacturing,119746.76
28,Master's,Financial Analyst,8.8,49.9,Female,Canada,Manufacturing,193372.45
31,High School,Software Engineer,3.1,41.5,Male,Germany,Retail,90171.18
38,High School,Marketing Manager,13.0,52.1,Male,India,Technology,52922.21
26,Bachelor's,Software Engineer,1.8,39.6,Male,Australia,Retail,103386.92
39,Bachelor's,Financial Analyst,7.0,57.1,Male,Canada,Technology,163207.01
39,Bachelor's,Product Manager,12.9,35.1,Female,USA,Healthcare,199972.89
49,PhD,Software Engineer,19.5,46.2,Male,UK,Healthcare,248571.18
27,PhD,Sales Executive,8.6,33.5,Female,Canada,Education,120977.96
43,Master's,Mechanical Engineer,8.1,47.8,Male,USA,Technology,229087.52
31,High School,Mechanical Engineer,5.2,44.0,Male,Germany,Healthcare,118120.92
40,Master's,Financial Analyst,12.2,42.4,Female,Germany,Manufacturing,139929.02
46,Master's,Mechanical Engineer,14.4,29.1,Male,Canada,Manufacturing,159040.53
40,Bachelor's,Customer Support,3.6,50.3,Male,USA,Healthcare,145945.38
44,Bachelor's,Sales Executive,10.5,38.5,Female,Germany,Finance,112503.67
52,Bachelor's,Operations Manager,21.3,38.9,Female,Germany,Manufacturing,110382.97
39,Bachelor's,HR Specialist,8.9,39.8,Female,UK,Education,104342.24
38,High School,Software Engineer,19.0,39.8,Other,Germany,Finance,132999.25
32,High School,Mechanical Engineer,13.2,41.5,Male,Germany,Finance,98591.9
31,Bachelor's,Operations Manager,9.4,37.9,Male,USA,Manufacturing,143414.03
34,High School,Software Engineer,5.7,21.8,Female,USA,Technology,141759.02
30,Bachelor's,Customer Support,5.1,44.9,Male,UK,Education,92276.53
36,Master's,HR Specialist,6.9,36.1,Male,Canada,Healthcare,150567.1
51,Bachelor's,Mechanical Engineer,16.3,41.2,Female,UK,Education,119665.92
36,High School,Product Manager,8.6,35.4,Male,Germany,Healthcare,121186.9
35,Bachelor's,Data Analyst,11.6,46.3,Male,USA,Finance,204156.15
44,Bachelor's,Marketing Manager,15.3,,Female,USA,Technology,190367.2
38,Master's,Software Engineer,11.6,43.6,Male,UK,Retail,161847.09
37,PhD,Data Analyst,10.5,33.2,Female,Australia,Education,153056.32
35,Master's,Mechanical Engineer,0.0,47.5,Female,Australia,Healthcare,174239.28
18,Master's,Software Engineer,0.0,44.6,Male,Germany,Healthcare,144666.65
45,Bachelor's,Marketing Manager,12.3,52.5,Male,Australia,Healthcare,116289.17
18,High School,HR Specialist,0.0,43.7,Female,Australia,Technology,120514.22
53,High School,Operations Manager,9.9,35.5,Female,Canada,Finance,125183.75
53,Bachelor's,Data Analyst,17.2,44.5,Male,Australia,Healthcare,144978.23
38,High School,Product Manager,15.1,27.6,Female,Australia,Technology,143282.14
42,Bachelor's,Product Manager,17.8,56.9,Other,Canada,Technology,215533.71
25,High School,Mechanical Engineer,6.4,43.0,Male,USA,Education,104745.53
42,Master's,Mechanical Engineer,8.2,48.8,Female,Germany,Retail,136928.03
36,Bachelor's,Software Engineer,6.7,40.5,Female,Germany,Manufacturing,125095.31
40,Bachelor's,Financial Analyst,14.3,43.1,Male,Canada,Finance,178881.83
43,Bachelor's,Data Analyst,15.9,41.9,Female,UK,Healthcare,174791.95
50,PhD,Mechanical Engineer,10.8,61.4,Male,Canada,Manufacturing,174994.21
38,High School,Mechanical Engineer,5.5,37.6,Male,India,Education,33481.07
32,Bachelor's,Operations Manager,3.7,40.0,Male,Canada,Healthcare,122856.64
31,Master's,Mechanical Engineer,6.2,39.1,Male,USA,Finance,228900.76
35,Master's,Marketing Manager,13.9,42.3,Male,Germany,Education,112611.64
21,Master's,HR Specialist,3.0,53.4,Male,USA,Technology,240584.16
26,PhD,Sales Executive,1.4,30.4,Female,UK,Technology,175747.2
44,Bachelor's,Software Engineer,11.7,29.5,Female,Australia,Education,105631.74
42,Bachelor's,Marketing Manager,15.8,36.0,Male,Germany,Retail,120782.06
45,Bachelor's,Product Manager,13.0,52.1,Female,Germany,Finance,187778.26
22,Master's,Data Analyst,0.0,27.6,Male,India,Finance,68672.85
21,High School,Data Analyst,0.0,37.8,Other,UK,Education,70204.06
27,Master's,Data Analyst,0.0,62.3,Female,UK,Finance,202204.06
33,High School,Financial Analyst,7.2,44.1,Female,Australia,Retail,97312.8
39,Bachelor's,Operations Manager,6.3,37.7,Female,Germany,Technology,155971.08
39,Bachelor's,Product Manager,15.8,31.9,Male,India,Technology,71530.9
37,Bachelor's,Data Analyst,13.0,45.4,Female,Australia,Manufacturing,114444.21
28,Bachelor's,Data Analyst,5.1,46.5,Male,Australia,Manufacturing,128189.95
39,High School,Data Analyst,9.3,37.9,Female,India,Manufacturing,32482.85
37,Master's,Sales Executive,8.4,34.7,Female,India,Healthcare,55513.18
31,PhD,Data Analyst,3.9,39.2,Male,Canada,Education,152079.85
28,Bachelor's,Product Manager,0.0,40.6,Male,Germany,Education,113427.68
39,High School,HR Specialist,13.8,42.0,Female,Canada,Technology,121214.07
38,Master's,Software Engineer,8.5,43.5,Female,UK,Technology,238850.79
44,Master's,Operations Manager,13.2,46.8,Male,Canada,Finance,188360.98
33,Bachelor's,Sales Executive,0.0,41.5,Female,Australia,Finance,135975.49
33,Master's,Mechanical Engineer,9.3,45.1,Male,India,Retail,48393.79
56,Master's,Operations Manager,21.6,35.1,Male,USA,Manufacturing,151423.35
51,PhD,Customer Support,14.3,43.6,Female,USA,Healthcare,210074.47
38,PhD,Product Manager,13.9,38.3,Female,India,Technology,97953.22
39,High School,Customer Support,21.0,41.3,Male,USA,Retail,85124.14
28,Bachelor's,Customer Support,0.0,25.8,Female,UK,Finance,101933.44
41,High School,Software Engineer,14.8,43.9,Female,Germany,Retail,86871.64
37,Bachelor's,Financial Analyst,14.0,44.7,Female,Germany,Education,103562.13
53,Bachelor's,Marketing Manager,17.1,28.2,Female,Australia,Technology,170270.88
37,High School,Marketing Manager,11.2,42.4,Female,Canada,Education,75868.85
31,PhD,Data Analyst,2.6,45.2,Male,Canada,Technology,217996.39
41,High School,Mechanical Engineer,14.2,66.2,Female,Germany,Healthcare,118966.12
48,Bachelor's,Marketing Manager,17.0,38.7,Male,Germany,Education,115819.89
39,PhD,Software Engineer,10.3,39.0,Female,Germany,Education,157554.87
40,Bachelor's,HR Specialist,15.1,39.0,Female,India,Manufacturing,48423.94
41,Master's,Operations Manager,12.0,30.6,Other,UK,Technology,188041.5
38,Master's,Data Analyst,9.0,30.6,Male,Australia,Finance,195683.76
36,High School,Product Manager,10.1,38.9,Male,India,Education,33220.46
40,Master's,Data Analyst,14.2,45.0,Male,India,Education,47884.23
24,Master's,Product Manager,4.3,44.8,Male,India,Healthcare,77463.02
39,High School,HR Specialist,21.0,41.2,Male,Australia,Healthcare,105584.2
55,Master's,Customer Support,19.0,35.7,Female,Germany,Manufacturing,131984.83
32,Bachelor's,Financial Analyst,2.4,62.8,Male,Germany,Education,114981.32
38,High School,Operations Manager,9.3,37.6,Female,India,Education,30657.7
37,Master's,Sales Executive,5.2,45.1,Female,USA,Technology,190924.87
31,PhD,Customer Support,9.9,41.4,Female,UK,Education,126169.97
39,Bachelor's,HR Specialist,16.2,37.3,Male,UK,Healthcare,138776.44
30,Bachelor's,Data Analyst,4.2,42.6,Male,USA,Finance,190797.99
31,High School,Software Engineer,0.0,36.4,Female,Germany,Manufacturing,96868.83
43,High School,Financial Analyst,16.8,51.0,Female,Australia,Technology,134049.34
42,Bachelor's,Marketing Manager,11.0,47.8,Male,Australia,Manufacturing,119577.95
44,Master's,Software Engineer,7.0,51.9,Male,UK,Retail,147020.29
41,Bachelor's,Marketing Manager,14.7,44.7,Male,Australia,Technology,191676.94
31,High School,HR Specialist,6.7,37.4,Female,Germany,Technology,102352.4
31,Bachelor's,Mechanical Engineer,9.0,39.9,Male,Canada,Finance,155265.8
34,High School,Data Analyst,4.6,48.6,Female,UK,Manufacturing,117516.01
39,Bachelor's,Sales Executive,12.4,33.8,Female,UK,Retail,98603.96
44,High School,Data Analyst,12.5,43.4,Male,Germany,Finance,128707.97
41,Bachelor's,Financial Analyst,6.6,38.2,Female,Australia,Manufacturing,124910.73
55,Bachelor's,Financial Analyst,12.9,45.3,Male,Canada,Healthcare,147480.51
49,High School,Sales Executive,19.5,52.4,Male,USA,Retail,111740.43
36,Bachelor's,Mechanical Engineer,13.1,50.8,Male,UK,Manufacturing,137711.13
44,Bachelor's,Product Manager,15.5,40.6,Male,Germany,Retail,141726.53
38,Bachelor's,Customer Support,10.4,41.4,Female,USA,Finance,159563.18
35,High School,Financial Analyst,8.8,50.7,Female,India,Manufacturing,47612.55
35,Master's,Software Engineer,9.0,40.7,Male,Canada,Finance,169676.66
18,High School,Product Manager,0.0,44.6,Female,USA,Education,98519.34
38,High School,HR Specialist,13.2,33.8,Female,India,Healthcare,38447.14
47,Master's,Data Analyst,11.8,35.7,Male,Australia,Technology,193210.3
40,High School,Operations Manager,15.3,42.5,Male,Germany,Education,76531.91
42,High School,Marketing Manager,9.2,38.6,Female,Germany,Education,78159.28
30,Bachelor's,Customer Support,3.1,35.3,Female,UK,Education,83900.97
37,Bachelor's,Sales Executive,7.6,60.7,Male,Canada,Education,94191.37
48,Master's,Mechanical Engineer,16.5,46.1,Other,Australia,Technology,213885.46
35,Master's,Sales Executive,17.0,46.4,Female,USA,Retail,150611.3
46,Bachelor's,HR Specialist,10.8,26.1,Female,USA,Finance,129119.39
25,High School,Marketing Manager,7.0,43.8,Female,UK,Finance,107159.33
49,High School,Data Analyst,20.7,49.2,Female,USA,Technology,166075.65
45,Bachelor's,HR Specialist,19.1,39.9,Female,UK,Healthcare,117878.63
42,Bachelor's,Mechanical Engineer,15.3,39.2,Male,Australia,Manufacturing,122743.44
38,Master's,HR Specialist,17.7,47.1,Female,UK,Technology,190138.89
39,PhD,Data Analyst,10.4,45.6,Female,Germany,Technology,216032.36
23,High School,Sales Executive,5.0,35.1,Female,USA,Technology,138101.86
59,Master's,Sales Executive,26.6,41.6,Male,Germany,Technology,168723.86
24,PhD,Data Analyst,6.0,44.4,Male,USA,Manufacturing,196052.86
33,Master's,Financial Analyst,9.0,30.4,Other,USA,Retail,159142.77
31,Master's,Financial Analyst,5.2,41.7,Male,USA,Technology,268972.06
51,High School,Financial Analyst,22.1,38.1,Female,USA,Technology,159096.41
28,High School,Customer Support,4.1,39.3,Female,Australia,Technology,111353.91
39,PhD,Software Engineer,10.0,50.4,Female,USA,Retail,183316.24
46,PhD,Sales Executive,8.6,49.3,Male,Canada,Finance,180248.29
51,Master's,Financial Analyst,16.3,27.0,Male,Australia,Finance,212033.35
33,Bachelor's,Data Analyst,0.0,44.5,Female,India,Retail,39522.45
39,High School,Mechanical Engineer,13.2,43.3,Female,Australia,Education,93657.54
35,High School,Financial Analyst,3.5,46.3,Female,India,Retail,35034.77
40,Bachelor's,Sales Executive,10.9,50.2,Female,Canada,Healthcare,150767.56
41,PhD,Operations Manager,12.2,43.9,Male,Germany,Manufacturing,165216.45
39,Bachelor's,Financial Analyst,11.7,50.2,Female,USA,Finance,222790.19
36,Bachelor's,Product Manager,12.8,30.9,Other,USA,Healthcare,178929.28
27,High School,HR Specialist,0.0,35.7,Male,India,Finance,40378.22
40,Master's,Financial Analyst,19.7,46.6,Male,UK,Technology,230267.52
24,High School,Mechanical Engineer,5.7,34.6,Female,Canada,Technology,104272.65
55,PhD,Product Manager,20.5,47.0,Female,Germany,Healthcare,198065.79
18,Master's,Financial Analyst,0.0,44.9,Female,Germany,Healthcare,145053.92
26,Bachelor's,Operations Manager,5.3,47.1,Female,Australia,Retail,93676.7
36,High School,Data Analyst,14.5,46.2,Female,Australia,Retail,90554.89
38,Master's,Data Analyst,14.6,47.7,Male,India,Manufacturing,55507.12
30,Bachelor's,Customer Support,2.9,29.7,Female,USA,Education,86776.23
29,Bachelor's,Software Engineer,11.0,45.7,Female,India,Technology,75972.65
18,High School,Software Engineer,0.0,49.8,Female,UK,Healthcare,102263.72
56,Bachelor's,Marketing Manager,16.0,45.3,Female,Australia,Manufacturing,137516.98
53,Bachelor's,HR Specialist,13.1,42.6,Male,UK,Retail,106614.94
38,Bachelor's,Data Analyst,8.4,38.3,Male,UK,Retail,127131.44
36,Bachelor's,Mechanical Engineer,10.6,39.0,Male,Australia,Education,90536.51
34,Bachelor's,Sales Executive,9.3,49.5,Female,Canada,Technology,155580.51
26,Master's,Data Analyst,0.0,31.5,Male,Germany,Technology,151351.66
32,High School,HR Specialist,4.5,39.5,Male,India,Manufacturing,32407.84
41,Bachelor's,Sales Executive,11.5,37.9,Female,India,Manufacturing,41851.14
27,High School,Financial Analyst,0.0,35.6,Male,Australia,Finance,109788.11
40,High School,Sales Executive,7.4,34.4,Male,Australia,Education,65940.6
28,Bachelor's,Sales Executive,4.2,45.6,Male,Canada,Technology,151438.14
33,Master's,Operations Manager,12.7,44.0,Female,Australia,Technology,179047.94
50,Master's,Marketing Manager,19.2,52.2,Female,India,Education,57360.54
19,Master's,Software Engineer,1.0,40.3,Male,Canada,Retail,128658.17
38,Master's,Operations Manager,10.0,42.1,Female,UK,Manufacturing,149946.15
44,High School,Mechanical Engineer,12.9,43.7,Female,Australia,Manufacturing,90420.03
36,Bachelor's,Data Analyst,5.7,47.3,Female,Canada,Technology,154340.41
29,Bachelor's,HR Specialist,4.5,55.7,Male,UK,Retail,105214.38
40,High School,Operations Manager,12.4,45.3,Male,Canada,Manufacturing,100953.66
39,High School,Financial Analyst,8.9,47.4,Male,USA,Retail,110235.6
32,Master's,HR Specialist,4.2,32.2,Female,Germany,Technology,141851.65
38,Bachelor's,HR Specialist,10.2,56.6,Male,Canada,Technology,169963.63
48,Bachelor's,Marketing Manager,16.7,46.0,Male,Germany,Healthcare,130599.53
47,High School,Marketing Manager,8.4,49.8,Female,USA,Education,101812.98
45,Master's,Operations Manager,17.9,34.5,Female,Germany,Retail,121060.03
28,PhD,Software Engineer,2.9,62.8,Male,UK,Retail,192683.15
24,Master's,Sales Executive,6.0,32.6,Female,Canada,Education,97258.5
33,Bachelor's,Sales Executive,6.4,39.3,Female,Canada,Retail,112157.03
24,Bachelor's,Product Manager,6.0,45.9,Male,USA,Retail,153319.42
43,Bachelor's,Software Engineer,14.7,48.3,Male,India,Education,44835.15
34,High School,Financial Analyst,4.7,41.0,Male,India,Manufacturing,37372.67
29,Bachelor's,Mechanical Engineer,2.2,25.0,Male,USA,Healthcare,122456.51
33,Master's,Operations Manager,12.5,42.6,Male,Canada,Technology,207604.9
36,Bachelor's,Marketing Manager,7.6,22.1,Other,Australia,Retail,104944.11
32,Bachelor's,Financial Analyst,3.0,38.9,Male,Australia,Technology,155310.88
38,Master's,Operations Manager,16.3,38.6,Female,Germany,Technology,185555.93
37,Bachelor's,Operations Manager,2.7,20.0,Female,Australia,Education,86833.42
36,Master's,Operations Manager,8.5,51.1,Male,Germany,Finance,173323.6
18,High School,Software Engineer,0.0,39.6,Male,India,Education,31158.76
43,Master's,Financial Analyst,16.4,40.6,Male,Australia,Education,155308.65
36,High School,Customer Support,12.1,56.4,Male,UK,Technology,116053.63
38,Bachelor's,Data Analyst,9.5,38.7,Male,USA,Education,130002.87
28,Bachelor's,Sales Executive,6.7,48.9,Male,Canada,Education,88109.88
41,High School,Customer Support,17.8,40.0,Female,Germany,Finance,92164.14
23,Bachelor's,HR Specialist,5.0,41.8,Male,UK,Finance,139738.65
49,PhD,Sales Executive,20.8,38.1,Female,Australia,Education,149613.85
25,Bachelor's,Software Engineer,6.4,41.4,Male,Australia,Manufacturing,159708.91
58,Bachelor's,Mechanical Engineer,18.2,20.0,Male,UK,Technology,149025.23
25,Master's,Product Manager,4.5,53.1,Female,UK,Finance,240153.7
43,High School,Sales Executive,15.0,48.2,Female,Germany,Finance,93378.86
28,Bachelor's,Software Engineer,6.4,58.5,Male,USA,Manufacturing,170533.17
48,Master's,Financial Analyst,23.1,45.7,Female,UK,Healthcare,221796.29
35,High School,Mechanical Engineer,3.5,41.1,Female,USA,Manufacturing,105586.5
34,Bachelor's,Operations Manager,1.4,52.4,Female,USA,Healthcare,154772.26
36,Bachelor's,Software Engineer,3.6,67.8,Female,UK,Retail,130437.12
32,Bachelor's,Operations Manager,12.7,54.0,Male,Canada,Finance,176889.48
39,Master's,HR Specialist,2.0,45.1,Female,India,Manufacturing,48631.64
51,Master's,HR Specialist,12.7,53.3,Male,Australia,Technology,213078.72
32,Bachelor's,Sales Executive,5.6,46.2,Male,Canada,Manufacturing,119808.94
45,High School,Data Analyst,10.0,55.3,Male,Germany,Finance,135168.43
35,Master's,Data Analyst,4.9,44.6,Female,Australia,Finance,215492.02
33,High School,Financial Analyst,9.3,52.5,Male,Australia,Technology,155389.96
24,Master's,HR Specialist,0.3,53.7,Female,Canada,Education,102833.51
39,Bachelor's,Marketing Manager,8.4,48.1,Male,USA,Retail,143545.79
43,Bachelor's,Customer Support,12.3,40.0,Male,India,Technology,55137.34
47,Master's,Sales Executive,12.3,51.2,Male,Canada,Manufacturing,155495.87
42,Bachelor's,Mechanical Engineer,15.2,34.0,Male,Germany,Healthcare,142884.14
28,Bachelor's,Data Analyst,0.0,53.9,Male,India,Healthcare,56514.89
36,High School,Product Manager,8.8,53.7,Male,Australia,Healthcare,124562.13
38,Master's,Software Engineer,5.8,51.0,Female,Canada,Technology,221353.29
35,High School,Operations Manager,9.2,41.2,Male,India,Manufacturing,38150.43
29,Master's,Data Analyst,10.1,49.1,Male,USA,Manufacturing,167728.76
31,Bachelor's,Sales Executive,6.8,29.8,Female,India,Manufacturing,42007.82
46,Master's,Financial Analyst,8.0,54.1,Other,UK,Technology,216898.0
22,Bachelor's,Customer Support,4.0,45.4,Female,UK,Finance,124109.75
47,High School,Data Analyst,14.8,43.9,Female,India,Retail,36970.9
27,Master's,Data Analyst,0.6,58.1,Female,India,Retail,51415.06
43,High School,Customer Support,11.5,42.7,Male,India,Finance,39433.3
43,PhD,Software Engineer,14.2,52.2,Female,Australia,Technology,290696.56
30,PhD,Financial Analyst,8.8,34.3,Female,India,Manufacturing,66160.97
36,Master's,Product Manager,6.9,40.8,Female,Canada,Retail,160749.93
25,Bachelor's,Data Analyst,7.0,43.8,Male,India,Healthcare,54801.95
29,Master's,Product Manager,4.3,43.8,Male,USA,Retail,188902.14
32,Bachelor's,Financial Analyst,11.0,48.2,Female,Australia,Education,114541.93
18,Bachelor's,Product Manager,0.0,36.2,Male,UK,Technology,185616.96
33,Bachelor's,Operations Manager,6.3,47.0,Male,India,Technology,56039.47
33,Bachelor's,Financial Analyst,6.1,44.4,Male,Germany,Finance,134070.2
29,Master's,Sales Executive,0.0,48.1,Female,Germany,Healthcare,144684.89
30,Master's,Software Engineer,7.0,43.0,Male,Germany,Education,134795.13
31,Bachelor's,Customer Support,13.0,30.7,Female,USA,Retail,112262.14
31,Master's,Financial Analyst,9.8,53.5,Male,Germany,Healthcare,180541.96
43,PhD,Software Engineer,13.6,41.4,Male,Australia,Education,165383.2
29,Bachelor's,Data Analyst,4.9,37.0,Male,Australia,Technology,161683.12
43,Master's,Financial Analyst,9.7,46.7,Female,Australia,Retail,142482.89
38,High School,Operations Manager,14.7,44.3,Female,Canada,Technology,108196.33
45,High School,Data Analyst,17.2,45.2,Male,Canada,Technology,129113.43
39,Bachelor's,Mechanical Engineer,10.7,36.9,Female,USA,Technology,203148.71
32,Bachelor's,Mechanical Engineer,2.6,37.7,Male,Canada,Education,95865.93
43,Bachelor's,Product Manager,11.7,29.9,Female,Germany,Technology,200203.25
40,Bachelor's,Product Manager,7.5,36.5,Female,USA,Healthcare,188850.82
28,Master's,Financial Analyst,10.0,41.6,Male,Germany,Education,138684.91
27,Bachelor's,Software Engineer,9.0,34.6,Female,UK,Manufacturing,128364.44
39,Bachelor's,HR Specialist,12.6,45.8,Female,Germany,Education,86908.81
27,Master's,Customer Support,0.0,45.0,Female,Canada,Manufacturing,110257.92
41,Bachelor's,Sales Executive,18.9,43.2,Female,USA,Manufacturing,135995.93
23,Master's,Marketing Manager,2.1,43.3,Male,Canada,Finance,195372.34
36,High School,Marketing Manager,13.1,52.6,Male,India,Manufacturing,38398.34
32,Bachelor's,HR Specialist,6.2,38.7,Male,Canada,Education,95976.86
58,Bachelor's,Mechanical Engineer,18.6,26.4,Female,USA,Education,127739.04
35,Bachelor's,Financial Analyst,5.5,45.9,Male,Australia,Manufacturing,141007.35
34,Bachelor's,Sales Executive,9.3,46.1,Male,Australia,Technology,177525.14
32,Bachelor's,HR Specialist,3.0,36.4,Female,Canada,Education,78800.55
36,High School,HR Specialist,5.9,53.8,Male,UK,Retail,83294.55
45,PhD,Financial Analyst,16.6,37.5,Male,Canada,Education,167403.42
42,PhD,Sales Executive,10.1,38.4,Female,Germany,Manufacturing,143246.9
37,Master's,Sales Executive,18.3,41.8,Male,USA,Retail,141282.01
40,Master's,Financial Analyst,12.8,42.0,Male,Canada,Healthcare,200755.51
39,Bachelor's,Customer Support,12.5,33.1,Female,UK,Technology,147351.9
35,High School,Financial Analyst,2.7,36.8,Male,India,Manufacturing,34411.71
33,Bachelor's,Software Engineer,6.5,42.8,Other,India,Manufacturing,48509.56
49,PhD,Software Engineer,17.0,36.7,Female,Canada,Education,157397.18
45,Master's,HR Specialist,13.4,34.0,Female,India,Manufacturing,53590.37
41,Bachelor's,Mechanical Engineer,12.5,46.3,Male,USA,Technology,192174.55
38,Bachelor's,Data Analyst,10.4,30.8,Male,Canada,Technology,126838.86
28,Bachelor's,Marketing Manager,2.9,50.7,Female,USA,Healthcare,183810.67
28,High School,HR Specialist,3.2,53.4,Female,Australia,Finance,113865.81
63,Master's,HR Specialist,16.9,45.3,Female,Canada,Retail,126258.5
18,Bachelor's,Customer Support,0.0,43.8,Female,India,Retail,32747.38
49,Bachelor's,Marketing Manager,19.8,28.6,Female,UK,Healthcare,130311.21
51,Bachelor's,Software Engineer,12.9,35.5,Male,India,Retail,42239.46
33,Bachelor's,Mechanical Engineer,5.5,36.9,Female,India,Technology,55431.17
39,Bachelor's,HR Specialist,9.4,43.0,Female,Germany,Education,99126.69
32,High School,Mechanical Engineer,0.0,48.2,Male,Germany,Education,70314.41
44,High School,Software Engineer,18.8,45.5,Female,Australia,Healthcare,142619.79
44,Bachelor's,Sales Executive,7.2,32.5,Female,USA,Finance,169299.64
43,PhD,Financial Analyst,14.2,44.8,Male,India,Healthcare,85094.84
43,Bachelor's,Customer Support,11.6,35.0,Female,USA,Retail,103238.07
58,Master's,Customer Support,24.8,37.5,Female,Germany,Finance,154988.41
28,Bachelor's,Product Manager,10.0,23.3,Female,USA,Education,124590.06
42,PhD,Product Manager,8.4,49.2,Male,Australia,Manufacturing,204684.45
27,Master's,Financial Analyst,7.0,39.2,Female,Australia,Technology,209800.7
63,High School,Product Manager,18.3,42.7,Male,UK,Finance,121410.23
39,Master's,Mechanical Engineer,12.0,45.8,Female,USA,Technology,234614.92
45,Bachelor's,Financial Analyst,12.8,39.5,Male,Australia,Manufacturing,113992.3
61,Bachelor's,Operations Manager,13.5,41.1,Male,USA,Technology,200236.56
34,Bachelor's,Product Manager,10.8,53.0,Female,Canada,Technology,187919.42
36,High School,Software Engineer,13.5,43.4,Female,UK,Manufacturing,103602.87
45,Master's,Marketing Manager,17.1,37.2,Female,Canada,Healthcare,179646.89
38,Bachelor's,Financial Analyst,14.1,37.3,Male,UK,Healthcare,148348.46
39,Master's,Customer Support,14.5,34.7,Male,Australia,Retail,135753.37
47,High School,Mechanical Engineer,25.0,29.1,Female,Canada,Manufacturing,90813.64
44,Bachelor's,Operations Manager,7.3,32.4,Female,India,Retail,41123.34
29,PhD,Sales Executive,11.0,48.8,Female,Australia,Retail,169416.43
25,Bachelor's,Marketing Manager,2.7,29.7,Male,Australia,Manufacturing,134456.38
40,Bachelor's,Customer Support,16.2,40.7,Male,USA,Manufacturing,129095.58
55,PhD,Mechanical Engineer,13.1,36.6,Female,Germany,Healthcare,163241.96
26,Bachelor's,Operations Manager,0.2,51.0,Male,Germany,Finance,110622.51
27,Bachelor's,Marketing Manager,0.8,40.5,Female,USA,Healthcare,142276.22
29,Bachelor's,Mechanical Engineer,1.8,60.7,Male,Canada,Education,99952.18
41,High School,Sales Executive,15.0,42.8,Male,Australia,Education,81445.06
28,Bachelor's,Software Engineer,4.1,50.2,Male,UK,Finance,172745.05
49,Bachelor's,Marketing Manager,10.3,35.7,Female,Germany,Manufacturing,119544.72
21,PhD,Mechanical Engineer,1.8,38.5,Male,USA,Education,173493.36
43,High School,Mechanical Engineer,12.0,34.4,Female,India,Manufacturing,35955.69
40,Bachelor's,Marketing Manager,18.0,44.9,Male,Germany,Manufacturing,135293.6
51,Master's,Financial Analyst,17.8,35.5,Male,Germany,Education,133403.88
18,High School,Sales Executive,0.0,47.8,Female,Germany,Retail,62146.25
32,High School,Financial Analyst,10.3,46.4,Male,Canada,Retail,94383.91
29,High School,Software Engineer,4.5,33.5,Female,UK,Technology,142761.76
29,Bachelor's,Financial Analyst,4.4,44.1,Female,USA,Finance,185433.63
38,PhD,Operations Manager,7.2,52.4,Male,Germany,Retail,126791.44
48,PhD,Data Analyst,6.6,48.7,Female,Canada,Technology,206651.77
41,Master's,Marketing Manager,21.5,40.0,Male,UK,Education,127143.59
44,PhD,Product Manager,7.8,49.9,Male,USA,Manufacturing,245058.8
43,Bachelor's,Customer Support,12.9,41.9,Female,Canada,Manufacturing,119979.18
49,Master's,Sales Executive,18.9,35.9,Female,India,Manufacturing,58085.61
39,Bachelor's,Product Manager,6.3,39.5,Female,Germany,Manufacturing,125663.01
43,Bachelor's,Product Manager,13.4,45.4,Male,USA,Manufacturing,190839.36
30,Bachelor's,Product Manager,3.6,42.9,Female,India,Education,48531.3
18,PhD,Customer Support,0.0,49.2,Female,India,Technology,74989.78
37,Bachelor's,HR Specialist,3.2,31.4,Female,Australia,Manufacturing,100808.83
40,High School,Marketing Manager,14.0,48.7,Female,Germany,Manufacturing,106727.65
42,Bachelor's,Financial Analyst,10.3,45.9,Female,USA,Education,148836.54
37,Bachelor's,Sales Executive,13.7,56.7,Female,India,Finance,54083.0
48,Master's,Data Analyst,20.2,46.7,Male,Germany,Manufacturing,142997.27
43,Master's,Data Analyst,12.1,38.3,Female,India,Finance,71530.72
58,Bachelor's,HR Specialist,17.2,66.6,Female,Germany,Technology,161085.12
39,Bachelor's,Financial Analyst,14.8,52.8,Male,Australia,Retail,143729.03
46,Bachelor's,Software Engineer,9.6,39.0,Female,Canada,Healthcare,167375.69
36,Bachelor's,HR Specialist,9.4,33.3,Female,USA,Education,102774.31
53,PhD,Data Analyst,17.1,46.7,Male,India,Education,70340.51
28,PhD,Data Analyst,5.0,36.4,Female,Australia,Manufacturing,166723.39
25,Master's,Operations Manager,7.0,37.5,Male,India,Technology,75045.23
35,Bachelor's,Operations Manager,7.2,51.7,Female,India,Retail,45525.92
45,Bachelor's,Financial Analyst,15.4,41.0,Female,UK,Finance,156870.23
39,High School,Customer Support,8.9,48.5,Male,Germany,Retail,70288.37
49,Master's,Software Engineer,23.8,50.1,Female,Canada,Retail,166081.89
48,Master's,Mechanical Engineer,22.4,47.5,Female,Australia,Manufacturing,173324.79
33,PhD,Data Analyst,8.9,46.5,Female,India,Finance,85965.51
41,Bachelor's,Mechanical Engineer,8.5,33.0,Female,Australia,Manufacturing,115153.59
35,Master's,Data Analyst,7.8,46.1,Male,Germany,Education,131769.17
31,High School,Customer Support,2.1,43.5,Female,Australia,Retail,74525.91
46,High School,Operations Manager,12.0,23.5,Female,Canada,Healthcare,90760.9
51,Bachelor's,Data Analyst,12.6,43.1,Female,Canada,Retail,102489.64
34,Bachelor's,Mechanical Engineer,6.8,48.5,Female,Canada,Healthcare,129153.08
56,Bachelor's,Data Analyst,19.5,67.2,Male,UK,Manufacturing,155769.16
46,Bachelor's,Software Engineer,18.3,,Female,Germany,Technology,168270.81
50,High School,Marketing Manager,14.9,32.7,Female,USA,Healthcare,139623.28
42,Bachelor's,Customer Support,15.3,38.6,Male,Germany,Technology,137181.4
28,Master's,Financial Analyst,0.0,47.6,Male,Australia,Finance,198935.01
27,High School,Customer Support,5.1,47.1,Female,India,Healthcare,29460.0
38,High School,Marketing Manager,4.8,39.3,Male,USA,Manufacturing,127882.43
28,Bachelor's,HR Specialist,0.5,41.6,Female,UK,Manufacturing,106523.23
28,Master's,Customer Support,2.5,44.1,Female,UK,Education,102160.38
30,PhD,Customer Support,9.9,50.7,Female,Canada,Manufacturing,168262.21
42,PhD,Sales Executive,9.9,25.9,Female,UK,Healthcare,185571.34
20,High School,Marketing Manager,2.0,39.0,Male,Canada,Education,82746.27
40,Master's,Data Analyst,8.2,43.2,Female,India,Retail,55548.56
59,Bachelor's,Financial Analyst,6.5,35.6,Male,Canada,Finance,177378.6
35,Master's,Software Engineer,4.0,43.9,Male,Australia,Finance,195722.2
30,PhD,Marketing Manager,0.7,47.7,Male,Australia,Education,125641.33
38,Bachelor's,Sales Executive,6.7,40.7,Male,UK,Finance,124163.05
33,High School,Marketing Manager,5.6,32.4,Female,Australia,Technology,124732.68
30,PhD,Product Manager,3.4,40.4,Female,Germany,Healthcare,214171.69
42,High School,Customer Support,13.1,55.4,Female,Australia,Education,67151.5
27,Bachelor's,Customer Support,7.0,55.6,Female,USA,Manufacturing,136200.79
46,Bachelor's,Operations Manager,14.6,39.7,Male,Canada,Education,113642.19
51,High School,Mechanical Engineer,12.8,46.7,Female,Canada,Finance,129763.88
26,Bachelor's,Software Engineer,2.4,31.2,Male,India,Education,33853.93
52,High School,HR Specialist,24.7,42.4,Male,USA,Healthcare,138407.86
38,Bachelor's,Financial Analyst,8.3,42.3,Male,Australia,Education,110315.35
43,Bachelor's,Product Manager,7.3,45.5,Female,Australia,Retail,134923.0
38,Master's,Sales Executive,13.1,38.1,Male,Germany,Technology,173691.1
35,Master's,Data Analyst,11.0,55.8,Male,Germany,Retail,129926.36
56,High School,HR Specialist,16.9,36.3,Other,USA,Finance,138379.89
53,High School,Customer Support,17.0,49.1,Female,Australia,Technology,107720.76
32,Bachelor's,Sales Executive,13.3,41.7,Male,Canada,Retail,89784.19
22,PhD,Mechanical Engineer,4.0,37.6,Male,India,Education,43294.45
38,Master's,Financial Analyst,12.0,42.9,Female,UK,Education,142226.12
56,Master's,Data Analyst,19.6,53.1,Female,India,Finance,85613.75
23,Master's,Product Manager,1.3,31.4,Male,USA,Finance,231174.23
46,Bachelor's,Customer Support,11.5,37.4,Male,Germany,Finance,116574.86
34,High School,Sales Executive,7.9,30.4,Female,Australia,Education,65881.85
39,PhD,Marketing Manager,14.5,36.0,Female,USA,Education,146668.31
29,Bachelor's,Software Engineer,4.3,41.2,Male,Germany,Healthcare,150391.94
60,Bachelor's,Marketing Manager,22.4,49.8,Male,USA,Finance,212168.05
35,Bachelor's,Sales Executive,7.2,26.6,Female,Germany,Healthcare,122049.81
50,Bachelor's,Product Manager,9.3,37.0,Female,India,Retail,45133.9
53,Bachelor's,Marketing Manager,19.0,42.0,Female,Canada,Retail,133160.53
21,Master's,Marketing Manager,0.0,36.4,Male,India,Manufacturing,46475.61
31,Bachelor's,Operations Manager,4.8,57.3,Male,Australia,Healthcare,149452.27
29,Master's,Customer Support,2.3,44.4,Male,Australia,Finance,134639.29
37,Bachelor's,Mechanical Engineer,10.3,39.1,Male,Canada,Healthcare,135250.66
19,High School,Operations Manager,1.0,35.0,Female,Canada,Finance,105771.25
24,High School,Financial Analyst,4.1,45.8,Male,Germany,Retail,84292.06
49,PhD,Product Manager,17.9,49.6,Female,India,Manufacturing,77574.72
42,PhD,Software Engineer,14.8,54.2,Male,Australia,Retail,172050.21
31,Bachelor's,Sales Executive,8.5,51.7,Female,Canada,Manufacturing,105750.93
37,High School,Mechanical Engineer,6.8,39.4,Male,USA,Healthcare,127057.41
44,Master's,Sales Executive,18.0,56.0,Female,Canada,Finance,187771.88
31,PhD,HR Specialist,12.8,45.8,Male,USA,Education,161538.02
18,Bachelor's,Mechanical Engineer,0.0,44.7,Female,UK,Manufacturing,110413.73
36,High School,Data Analyst,5.4,48.0,Female,Canada,Finance,111545.57
54,High School,Financial Analyst,18.1,40.6,Male,UK,Retail,89089.8
23,Master's,Mechanical Engineer,0.0,47.4,Male,USA,Healthcare,203057.36
47,Bachelor's,Data Analyst,14.6,27.7,Male,Germany,Healthcare,145612.09
40,Bachelor's,Data Analyst,13.1,41.4,Male,India,Retail,47370.56
30,Bachelor's,Software Engineer,7.5,44.4,Male,USA,Healthcare,207124.06
43,Bachelor's,HR Specialist,14.3,51.3,Male,USA,Technology,185143.96
31,Bachelor's,Data Analyst,11.3,47.5,Female,USA,Healthcare,187009.95
39,High School,Mechanical Engineer,9.7,39.8,Female,Australia,Finance,106812.95
44,High School,Sales Executive,13.6,33.8,Female,UK,Manufacturing,91657.43
27,Bachelor's,Software Engineer,1.6,51.2,Male,Australia,Retail,144565.47
43,Bachelor's,Data Analyst,9.4,32.6,Male,India,Retail,37146.48
35,Bachelor's,HR Specialist,8.3,41.7,Female,UK,Education,104288.08
35,Master's,Customer Support,5.9,52.0,Other,UK,Manufacturing,135663.81
45,Bachelor's,HR Specialist,10.3,41.9,Female,India,Finance,54402.22
41,Bachelor's,Marketing Manager,13.1,33.8,Female,UK,Manufacturing,136201.8
25,Bachelor's,Mechanical Engineer,0.0,32.7,Male,Canada,Finance,115736.65
44,Bachelor's,HR Specialist,9.5,38.3,Male,India,Technology,55535.86
40,High School,Marketing Manager,6.3,43.9,Male,India,Education,31654.44
33,PhD,Product Manager,15.0,46.4,Female,India,Manufacturing,74484.86
42,Bachelor's,Financial Analyst,11.7,40.6,Male,Germany,Manufacturing,133679.87
31,Master's,HR Specialist,13.0,36.8,Female,Canada,Manufacturing,154894.91
52,Master's,Software Engineer,18.7,41.3,Female,Germany,Finance,181429.53
44,Bachelor's,Financial Analyst,7.1,41.8,Female,Canada,Education,107918.33
18,Bachelor's,Sales Executive,0.0,42.8,Female,USA,Healthcare,157284.41
41,High School,Data Analyst,13.0,41.9,Male,Canada,Education,81528.53
42,High School,Financial Analyst,10.9,44.4,Male,USA,Education,110378.73
32,Bachelor's,HR Specialist,10.6,45.5,Female,Australia,Technology,129631.07
30,High School,Data Analyst,9.7,51.1,Male,Australia,Manufacturing,109465.42
35,Master's,Marketing Manager,3.6,32.7,Male,USA,Manufacturing,182425.55
33,High School,HR Specialist,6.0,45.6,Male,USA,Finance,132541.08
40,Bachelor's,HR Specialist,9.0,28.5,Male,Germany,Healthcare,115940.21
38,PhD,Mechanical Engineer,8.3,39.9,Female,Australia,Technology,190277.59
46,Master's,Mechanical Engineer,15.2,41.5,Male,UK,Healthcare,179844.51
43,High School,Marketing Manager,14.4,44.9,Female,Australia,Healthcare,120807.88
39,Bachelor's,Marketing Manager,16.3,27.1,Male,USA,Retail,143273.07
52,Master's,Marketing Manager,19.0,40.5,Male,Germany,Manufacturing,144868.08
39,Master's,Operations Manager,13.0,36.4,Male,USA,Retail,136330.07
27,Master's,Financial Analyst,4.8,58.3,Female,UK,Healthcare,168019.8
33,Bachelor's,Software Engineer,8.1,,Female,USA,Finance,194956.04
43,Master's,Customer Support,13.8,39.6,Female,UK,Manufacturing,111754.51
43,Bachelor's,Customer Support,9.6,41.7,Male,Canada,Education,89348.25
26,High School,Software Engineer,5.2,36.1,Female,UK,Technology,139299.63
42,Bachelor's,Product Manager,12.3,45.4,Male,India,Technology,77713.58
50,High School,Operations Manager,13.2,50.8,Male,Australia,Manufacturing,104208.02
18,Bachelor's,Operations Manager,0.0,42.4,Female,Australia,Technology,129641.55
53,Master's,Operations Manager,13.7,49.8,Female,India,Education,49504.66
47,Bachelor's,Data Analyst,14.6,36.9,Male,USA,Retail,120561.79
44,Master's,Customer Support,15.4,40.3,Male,Germany,Finance,147909.12
23,Bachelor's,Customer Support,2.0,26.7,Female,Germany,Retail,77485.39
45,PhD,Operations Manager,9.5,20.2,Male,USA,Technology,246745.58
42,Master's,HR Specialist,12.1,44.0,Male,UK,Manufacturing,140916.31
33,Bachelor's,Software Engineer,4.3,42.5,Female,Canada,Healthcare,153080.87
40,High School,Marketing Manager,12.3,41.5,Other,Canada,Manufacturing,93038.77
47,Bachelor's,Marketing Manager,13.9,49.3,Female,Canada,Technology,170616.89
18,Bachelor's,Financial Analyst,0.0,38.0,Female,Germany,Finance,140884.73
44,Bachelor's,Operations Manager,16.4,47.0,Male,UK,Healthcare,149173.14
56,Bachelor's,Operations Manager,20.9,47.1,Female,USA,Technology,186435.81
28,High School,Software Engineer,8.6,51.7,Female,India,Finance,51395.24
36,Bachelor's,Sales Executive,8.3,43.4,Female,UK,Education,98409.5
29,Master's,Operations Manager,11.0,40.0,Female,UK,Manufacturing,145424.84
34,Bachelor's,Software Engineer,4.3,56.0,Male,Germany,Technology,181415.69
47,Master's,Software Engineer,13.5,40.4,Male,UK,Finance,185030.56
18,Bachelor's,Data Analyst,0.0,35.7,Female,UK,Healthcare,129578.46
34,Bachelor's,Software Engineer,0.0,43.5,Male,India,Manufacturing,51172.39
57,High School,HR Specialist,18.6,37.2,Female,Australia,Manufacturing,85930.57
29,Master's,Marketing Manager,9.1,41.8,Female,UK,Healthcare,181129.6
45,Master's,Product Manager,13.1,25.5,Male,India,Retail,58514.04
53,High School,Operations Manager,16.1,39.6,Other,UK,Retail,91270.37
26,High School,Operations Manager,2.9,48.6,Female,USA,Retail,101283.11
34,Bachelor's,Software Engineer,4.5,45.6,Male,Germany,Finance,169420.09
36,High School,Data Analyst,10.4,44.8,Female,Germany,Retail,85183.11
40,Master's,HR Specialist,10.5,30.2,Male,Australia,Education,118044.5
24,Bachelor's,Financial Analyst,0.0,49.4,Female,Germany,Manufacturing,112989.59
27,PhD,Data Analyst,9.0,33.4,Female,Canada,Manufacturing,165732.9
34,Bachelor's,Operations Manager,13.0,42.8,Male,Canada,Retail,104521.2
48,Bachelor's,Operations Manager,17.0,42.3,Female,Germany,Technology,139018.2
44,High School,Customer Support,11.2,38.4,Female,UK,Technology,113263.97
24,High School,Data Analyst,2.2,40.7,Male,UK,Retail,94321.97
51,Bachelor's,Data Analyst,11.7,54.7,Female,Germany,Education,109194.05
33,Master's,Financial Analyst,3.7,42.7,Male,Australia,Retail,134077.0
26,Bachelor's,Product Manager,7.4,54.2,Male,Australia,Education,119455.56
39,Bachelor's,HR Specialist,9.0,45.3,Male,India,Healthcare,47173.42
27,Master's,Marketing Manager,6.5,36.4,Female,USA,Technology,258611.12
46,Bachelor's,Data Analyst,14.9,50.7,Female,USA,Education,144060.8
33,Master's,Mechanical Engineer,2.2,38.6,Male,Germany,Education,119659.88
33,Master's,Mechanical Engineer,7.1,38.3,Female,India,Finance,69042.87
39,Master's,Software Engineer,3.7,38.6,Female,Germany,Retail,130070.74
18,Bachelor's,Data Analyst,0.0,44.5,Female,Australia,Manufacturing,128706.11
25,Master's,Sales Executive,1.3,45.0,Female,Canada,Healthcare,145469.0
47,Bachelor's,Mechanical Engineer,11.2,20.9,Male,USA,Technology,163086.95
45,Bachelor's,Sales Executive,16.7,46.7,Male,UK,Education,105064.57
40,Bachelor's,HR Specialist,4.3,34.0,Male,India,Education,34509.98
35,Bachelor's,Mechanical Engineer,12.4,51.7,Male,India,Retail,49075.33
25,PhD,Data Analyst,0.0,36.0,Male,Canada,Finance,184926.92
36,Master's,Customer Support,16.5,36.4,Male,USA,Technology,213108.52
46,Bachelor's,Software Engineer,10.1,39.2,Female,India,Manufacturing,51188.06
28,Bachelor's,Financial Analyst,2.5,37.1,Female,Australia,Technology,153247.72
29,PhD,Product Manager,5.0,34.5,Male,UK,Retail,173601.01
41,Bachelor's,Software Engineer,11.4,29.5,Male,USA,Retail,145153.76
44,Master's,Financial Analyst,9.7,51.9,Female,Germany,Healthcare,149310.71
42,PhD,Software Engineer,15.6,44.2,Male,UK,Technology,261343.85
31,High School,Marketing Manager,1.9,38.9,Female,Canada,Technology,118849.7
42,Bachelor's,Software Engineer,8.6,43.3,Female,India,Healthcare,57222.0
26,High School,Operations Manager,5.2,50.4,Female,India,Technology,55004.19
43,High School,Sales Executive,10.3,52.9,Male,India,Retail,35366.56
30,Bachelor's,Data Analyst,0.0,37.8,Male,Australia,Finance,139231.35
24,Bachelor's,Product Manager,6.0,48.0,Male,UK,Retail,143934.72
20,Master's,Mechanical Engineer,0.0,48.3,Male,UK,Healthcare,175256.6
48,High School,Financial Analyst,17.3,40.9,Female,Germany,Manufacturing,97488.96
50,Bachelor's,Financial Analyst,20.1,45.3,Female,USA,Finance,215733.26
51,High School,Customer Support,16.8,49.2,Female,Germany,Finance,99524.81
27,Bachelor's,Software Engineer,9.0,38.2,Female,Germany,Education,112466.03
56,Bachelor's,Software Engineer,19.6,48.9,Male,Australia,Manufacturing,152964.0
34,High School,Marketing Manager,10.1,54.7,Female,Germany,Manufacturing,87807.97
19,Bachelor's,Financial Analyst,1.0,50.0,Male,Canada,Manufacturing,123842.36
30,High School,Customer Support,5.4,37.9,Male,Germany,Manufacturing,77477.12
65,Master's,Data Analyst,22.2,36.5,Female,Australia,Healthcare,185664.03
38,Bachelor's,Product Manager,5.2,39.9,Female,India,Healthcare,60924.44
35,High School,Mechanical Engineer,7.3,46.9,Male,India,Finance,44633.47
31,PhD,Data Analyst,2.7,55.8,Female,UK,Technology,250881.55
35,Bachelor's,Mechanical Engineer,9.2,46.6,Female,India,Technology,56817.45
22,Master's,Software Engineer,4.0,45.8,Male,USA,Technology,249599.17
34,Bachelor's,Software Engineer,4.7,34.6,Male,USA,Education,129519.69
22,Bachelor's,Product Manager,4.0,36.5,Male,India,Education,46454.92
37,Bachelor's,Customer Support,7.0,49.2,Female,Canada,Healthcare,113933.1
51,High School,Financial Analyst,20.4,35.7,Female,Australia,Technology,125959.7
30,Bachelor's,HR Specialist,10.8,55.8,Male,Germany,Technology,150715.54
38,Bachelor's,Operations Manager,9.5,37.4,Male,Canada,Manufacturing,121572.63
46,High School,Marketing Manager,14.8,43.2,Female,Germany,Manufacturing,84752.92
38,Bachelor's,Sales Executive,8.0,38.6,Female,UK,Education,100511.97
48,High School,Data Analyst,13.2,39.2,Female,India,Manufacturing,38031.72
50,Master's,HR Specialist,16.3,28.0,Male,UK,Manufacturing,149376.75
51,Bachelor's,HR Specialist,20.4,28.7,Male,Australia,Education,94752.73
61,Bachelor's,Operations Manager,20.6,44.5,Male,Germany,Finance,149534.75
45,Master's,Product Manager,12.7,28.9,Male,Germany,Retail,147822.76
32,Bachelor's,Sales Executive,9.2,40.7,Male,USA,Finance,175000.46
46,Master's,HR Specialist,18.1,48.4,Male,Canada,Technology,194770.56
38,Bachelor's,Customer Support,7.3,44.5,Male,Germany,Healthcare,109695.95
45,Bachelor's,Sales Executive,16.7,52.9,Male,UK,Education,118622.61
36,Bachelor's,Software Engineer,11.3,48.9,Female,Germany,Technology,169405.32
41,Master's,Software Engineer,11.6,52.4,Male,Canada,Technology,216225.96
26,PhD,HR Specialist,7.4,44.9,Male,USA,Technology,236534.41
34,Master's,Data Analyst,3.5,32.1,Female,India,Finance,74193.15
18,High School,Mechanical Engineer,0.0,49.3,Male,USA,Finance,133679.56
24,High School,Data Analyst,0.4,45.0,Male,Germany,Technology,126500.45
34,PhD,Sales Executive,5.7,54.7,Male,Germany,Technology,237418.92
43,High School,Financial Analyst,4.3,63.8,Male,USA,Manufacturing,136252.3
21,Bachelor's,Data Analyst,3.0,40.3,Female,India,Education,43313.24
30,Bachelor's,Financial Analyst,0.9,58.9,Female,Australia,Technology,189635.77
39,PhD,Software Engineer,16.1,38.2,Male,UK,Retail,191725.42
22,Master's,Financial Analyst,3.1,35.9,Female,India,Manufacturing,59555.07
65,Bachelor's,Operations Manager,23.9,46.9,Male,Germany,Retail,115400.18
25,Master's,Sales Executive,1.5,39.0,Male,UK,Healthcare,140006.93
39,PhD,Operations Manager,11.6,38.3,Female,India,Manufacturing,56789.57
43,Bachelor's,HR Specialist,8.1,37.7,Male,UK,Retail,103067.77
43,Bachelor's,Sales Executive,10.3,49.9,Male,India,Manufacturing,48740.73
50,High School,Financial Analyst,15.1,51.3,Male,USA,Education,101828.16
28,High School,Product Manager,7.0,32.5,Male,Germany,Technology,126105.34
56,Master's,Customer Support,15.1,43.9,Male,USA,Manufacturing,169545.9
31,Bachelor's,Customer Support,9.3,38.4,Male,Germany,Technology,141888.52
25,Bachelor's,Data Analyst,1.1,40.3,Female,UK,Technology,167130.89
30,Master's,Sales Executive,10.5,50.9,Male,India,Education,51538.99
21,Master's,Customer Support,0.0,42.7,Male,USA,Manufacturing,130195.59
22,Bachelor's,Mechanical Engineer,4.0,35.8,Female,Canada,Education,92264.25
38,High School,Product Manager,7.8,31.9,Male,Australia,Retail,103481.69
37,PhD,Software Engineer,5.2,44.1,Male,USA,Healthcare,272609.72
34,Bachelor's,Mechanical Engineer,5.2,48.6,Female,Australia,Healthcare,151751.75
32,Bachelor's,Sales Executive,6.9,55.3,Female,Germany,Retail,114455.42
43,Master's,Customer Support,12.3,37.5,Other,USA,Finance,187458.32
18,Master's,Product Manager,0.0,29.7,Male,Australia,Manufacturing,158484.57
39,Master's,Marketing Manager,4.6,31.2,Male,Australia,Education,113522.33
18,Master's,Marketing Manager,0.0,42.8,Male,Germany,Technology,169368.25
50,High School,Financial Analyst,12.4,42.3,Male,Germany,Retail,82326.63
30,Bachelor's,Product Manager,12.0,31.9,Female,UK,Finance,222044.21
44,Bachelor's,Product Manager,9.0,40.9,Male,India,Technology,72756.81
31,Master's,Product Manager,4.4,52.6,Male,Canada,Finance,213732.39
35,Bachelor's,Marketing Manager,9.9,41.1,Female,Germany,Education,85940.21
34,Master's,Operations Manager,9.8,49.4,Female,USA,Finance,221004.07
21,Bachelor's,Sales Executive,3.0,51.1,Female,USA,Technology,195343.5
27,Bachelor's,Operations Manager,3.5,35.2,Female,UK,Finance,149450.65
29,Bachelor's,Software Engineer,0.0,43.2,Male,Canada,Manufacturing,121460.2
46,Bachelor's,Sales Executive,16.9,38.4,Female,Germany,Education,92873.37
52,High School,Operations Manager,16.1,45.9,Male,USA,Manufacturing,106690.63
41,Bachelor's,HR Specialist,14.1,29.0,Male,Germany,Manufacturing,93025.64
31,Bachelor's,Software Engineer,9.1,45.9,Female,USA,Healthcare,173214.14
42,Bachelor's,Operations Manager,13.5,48.8,Female,India,Retail,50031.33
31,Bachelor's,Customer Support,8.7,42.5,Male,Canada,Healthcare,113110.22
42,High School,Financial Analyst,12.7,37.5,Male,India,Technology,54379.76
36,Bachelor's,Operations Manager,6.6,52.4,Female,UK,Manufacturing,133624.22
52,High School,Software Engineer,22.5,25.8,Female,USA,Manufacturing,98082.86
48,PhD,Sales Executive,21.4,44.9,Male,Australia,Technology,224100.45
34,Bachelor's,Customer Support,6.1,40.8,Male,Canada,Education,88274.43
33,Bachelor's,Data Analyst,3.6,27.5,Male,USA,Finance,173640.81
27,Master's,Product Manager,3.8,49.4,Female,Germany,Retail,173688.93
45,Master's,Customer Support,22.8,37.4,Male,Canada,Finance,162639.87
34,High School,Mechanical Engineer,11.7,59.0,Male,USA,Manufacturing,115503.25
46,High School,HR Specialist,10.1,35.9,Male,UK,Manufacturing,96212.8
42,High School,Financial Analyst,12.9,50.5,Female,India,Manufacturing,45555.17
28,Bachelor's,Financial Analyst,1.0,39.9,Male,Canada,Education,101325.13
48,Bachelor's,HR Specialist,15.0,46.9,Other,UK,Retail,100808.9
35,Bachelor's,Software Engineer,4.9,47.1,Female,USA,Education,143982.67
47,High School,Sales Executive,11.6,44.4,Female,Australia,Retail,77500.34
55,High School,HR Specialist,16.2,35.4,Female,Australia,Technology,132620.19
50,Master's,Customer Support,11.8,42.5,Male,Germany,Education,95107.71
41,Bachelor's,Sales Executive,14.8,33.8,Male,UK,Healthcare,129497.15
25,Bachelor's,Data Analyst,1.0,31.1,Male,Germany,Manufacturing,104246.91
18,Bachelor's,Data Analyst,0.0,40.9,Female,Canada,Finance,126501.07
37,Master's,Marketing Manager,3.1,36.9,Male,Canada,Finance,170518.62
46,Bachelor's,Data Analyst,24.8,43.0,Male,UK,Technology,175682.38
30,Bachelor's,Product Manager,9.1,54.1,Male,Australia,Finance,174538.32
45,High School,Mechanical Engineer,22.6,39.4,Female,Australia,Retail,77065.89
46,Master's,Sales Executive,11.3,58.9,Male,UK,Finance,212700.54
34,Bachelor's,Financial Analyst,9.0,39.4,Female,Canada,Education,102685.99
35,Master's,Financial Analyst,1.1,29.4,Other,Australia,Manufacturing,136610.19
24,Master's,Product Manager,3.7,38.9,Female,Germany,Finance,184088.87
27,Master's,Customer Support,1.4,47.9,Female,USA,Manufacturing,152124.4
43,PhD,Operations Manager,18.7,55.5,Other,USA,Retail,151149.9
40,Bachelor's,Product Manager,15.4,38.8,Female,UK,Healthcare,179112.05
37,Master's,Financial Analyst,12.6,34.5,Female,Canada,Education,139924.92
32,Bachelor's,Operations Manager,1.4,40.4,Male,Germany,Retail,90223.24
41,Bachelor's,Product Manager,20.9,57.3,Male,India,Finance,78491.78
33,High School,Mechanical Engineer,8.0,29.3,Male,Australia,Finance,112483.07
33,Bachelor's,Data Analyst,8.4,45.0,Male,USA,Retail,132806.04
36,High School,HR Specialist,5.7,53.4,Male,India,Technology,37355.58
46,High School,Data Analyst,7.0,45.2,Female,Canada,Manufacturing,88595.46
25,Bachelor's,Data Analyst,0.0,36.0,Male,Canada,Finance,130967.27
18,Master's,Product Manager,0.0,40.8,Male,Canada,Retail,116736.82
38,Bachelor's,Sales Executive,13.2,40.6,Male,Australia,Finance,159114.8
63,Bachelor's,Software Engineer,24.0,37.0,Female,Australia,Retail,133231.1
43,Master's,Sales Executive,7.6,38.6,Male,UK,Education,122404.15
35,Bachelor's,Product Manager,4.4,55.5,Male,UK,Education,117224.69
29,High School,HR Specialist,2.1,42.4,Other,USA,Retail,88877.47
39,Bachelor's,Sales Executive,13.3,34.4,Female,Canada,Technology,136448.75
38,High School,Product Manager,14.5,38.6,Female,Germany,Retail,93319.1
54,Bachelor's,Product Manager,21.1,36.6,Female,Germany,Healthcare,165880.26
27,Bachelor's,Software Engineer,2.8,38.7,Male,UK,Retail,129944.61
31,Master's,Software Engineer,2.7,41.0,Female,Australia,Finance,215695.12
30,Bachelor's,Operations Manager,0.0,43.7,Male,UK,Technology,148480.17
40,High School,Software Engineer,14.6,48.4,Male,Australia,Finance,139310.64
59,PhD,Operations Manager,24.6,38.3,Female,Canada,Healthcare,202543.87
36,PhD,Operations Manager,3.1,39.1,Male,USA,Retail,180341.45
59,High School,Software Engineer,24.2,49.2,Female,Canada,Technology,157666.52
49,High School,Mechanical Engineer,17.2,42.2,Male,Germany,Retail,83900.73
52,Bachelor's,Marketing Manager,18.4,48.1,Female,Australia,Manufacturing,155003.12
29,Bachelor's,Marketing Manager,1.0,42.5,Male,Germany,Healthcare,158626.17
40,Bachelor's,Marketing Manager,0.0,43.0,Male,Canada,Finance,140030.93
32,Bachelor's,Product Manager,6.6,33.8,Female,India,Retail,51411.16
51,High School,Mechanical Engineer,22.4,43.9,Male,Canada,Technology,140820.13
34,Master's,Mechanical Engineer,5.5,34.5,Male,Canada,Retail,130954.76
58,Bachelor's,Marketing Manager,14.7,51.1,Female,Australia,Healthcare,161896.47
34,High School,Sales Executive,15.3,38.3,Female,Germany,Technology,95988.25
39,Bachelor's,Mechanical Engineer,5.6,43.3,Male,Australia,Finance,162429.1
41,High School,Sales Executive,9.0,42.4,Male,Germany,Manufacturing,85134.78
40,High School,Customer Support,11.7,29.5,Male,USA,Education,94978.61
52,Bachelor's,Operations Manager,11.9,45.5,Male,USA,Retail,145703.29
39,High School,Software Engineer,9.7,37.3,Male,Canada,Healthcare,133547.46
37,Bachelor's,Product Manager,18.5,33.2,Male,Australia,Manufacturing,138777.12
34,Bachelor's,Marketing Manager,13.3,43.4,Female,Germany,Retail,106549.75
29,Bachelor's,Sales Executive,10.3,33.9,Male,USA,Retail,120954.75
29,High School,Marketing Manager,6.3,35.7,Female,Australia,Healthcare,112958.8
51,Bachelor's,Software Engineer,17.8,28.4,Female,UK,Finance,159428.7
47,High School,Data Analyst,13.2,45.4,Male,Australia,Education,75345.05
38,High School,Financial Analyst,10.9,47.7,Male,USA,Manufacturing,121535.5
29,Bachelor's,Sales Executive,0.0,35.5,Male,UK,Retail,84101.89
40,PhD,Sales Executive,0.0,50.4,Male,USA,Technology,248507.94
18,Master's,HR Specialist,0.0,56.9,Female,Canada,Finance,171037.4
64,Bachelor's,Data Analyst,24.1,39.5,Female,Germany,Healthcare,152479.27
54,Bachelor's,Mechanical Engineer,18.8,28.3,Male,UK,Technology,136915.62
53,Bachelor's,Financial Analyst,13.3,43.2,Male,USA,Retail,140558.6
31,Bachelor's,Software Engineer,4.3,37.8,Male,Canada,Retail,105466.9
32,High School,Customer Support,5.4,43.4,Male,India,Education,29673.25
27,Master's,Sales Executive,4.7,45.7,Male,Germany,Healthcare,140461.95
38,Bachelor's,Financial Analyst,7.7,40.1,Male,UK,Healthcare,154315.32
38,Bachelor's,HR Specialist,9.7,33.3,Male,Germany,Technology,133520.54
20,Bachelor's,Customer Support,1.5,39.6,Female,Australia,Healthcare,116409.79
30,Master's,Sales Executive,6.1,42.4,Male,India,Technology,77931.89
45,Bachelor's,Marketing Manager,14.7,33.3,Male,Canada,Healthcare,128962.59
32,Bachelor's,Data Analyst,2.0,28.6,Female,Canada,Finance,144989.05
49,Bachelor's,Sales Executive,15.1,48.5,Male,UK,Healthcare,129969.14
44,Master's,Data Analyst,10.6,33.6,Male,India,Retail,55312.5
47,Bachelor's,Software Engineer,12.4,28.8,Male,UK,Education,110351.57
44,Master's,Data Analyst,17.0,49.3,Other,USA,Finance,242234.63
37,Bachelor's,Software Engineer,9.8,33.4,Male,Canada,Retail,123929.54
34,High School,Sales Executive,6.3,50.5,Male,India,Healthcare,38273.3
48,High School,Software Engineer,16.4,47.0,Female,UK,Manufacturing,111451.63
21,PhD,Product Manager,3.0,43.2,Female,Australia,Manufacturing,190644.9
41,Master's,Operations Manager,5.2,42.9,Male,India,Healthcare,51947.86
43,Bachelor's,Mechanical Engineer,2.4,48.2,Female,Germany,Manufacturing,127570.2
34,PhD,Product Manager,10.4,39.8,Female,Canada,Finance,264861.81
19,Bachelor's,Financial Analyst,0.4,45.0,Female,Australia,Healthcare,138799.52
18,Bachelor's,Sales Executive,0.0,47.4,Male,USA,Healthcare,149700.34
30,Master's,Data Analyst,6.8,30.3,Male,Australia,Retail,152877.83
56,High School,HR Specialist,17.9,51.4,Female,Canada,Manufacturing,102507.52
57,High School,HR Specialist,10.3,21.3,Female,Germany,Manufacturing,77993.9
41,Master's,Product Manager,15.0,33.6,Female,UK,Finance,183306.89
24,Bachelor's,Sales Executive,4.1,41.1,Female,Canada,Manufacturing,116183.76
45,Master's,Operations Manager,3.9,35.2,Male,UK,Healthcare,152104.05
18,High School,Operations Manager,0.0,44.3,Female,USA,Education,88201.74
36,Master's,Mechanical Engineer,6.4,47.9,Male,Germany,Education,108188.39
52,Bachelor's,Sales Executive,13.3,43.1,Male,Australia,Education,108081.91
25,Bachelor's,Software Engineer,1.7,23.6,Male,USA,Healthcare,164430.0
54,Bachelor's,Data Analyst,22.6,43.2,Female,India,Finance,67756.33
32,Master's,Operations Manager,6.8,25.3,Female,Canada,Education,99335.61
33,Bachelor's,Mechanical Engineer,9.1,42.0,Female,UK,Manufacturing,133209.5
35,Bachelor's,Marketing Manager,10.0,44.7,Male,Canada,Healthcare,141084.86
47,PhD,Customer Support,13.0,40.1,Female,UK,Technology,172616.1
38,High School,Software Engineer,16.0,41.4,Male,India,Finance,45521.68
50,Master's,Financial Analyst,16.9,53.5,Male,India,Manufacturing,66543.0
37,Master's,Marketing Manager,14.2,43.2,Male,Germany,Manufacturing,153353.23
34,High School,Software Engineer,10.2,55.2,Female,Australia,Finance,138805.35
41,High School,Operations Manager,11.5,39.0,Male,India,Retail,29176.81
43,Bachelor's,Customer Support,12.1,42.1,Male,India,Education,37984.56
30,Bachelor's,Software Engineer,2.8,36.0,Male,India,Finance,57322.29
30,Master's,HR Specialist,4.9,37.4,Female,USA,Retail,131166.27
31,Master's,Marketing Manager,9.2,31.5,Female,UK,Finance,181471.95
39,Master's,HR Specialist,5.9,39.0,Male,USA,Technology,219064.88
33,Bachelor's,Financial Analyst,6.3,37.8,Female,Australia,Healthcare,169817.41
44,PhD,Marketing Manager,13.4,33.2,Male,UK,Manufacturing,205441.29
40,Bachelor's,Operations Manager,5.5,42.8,Male,UK,Finance,126341.46
36,Master's,Customer Support,15.1,42.2,Female,Canada,Retail,111929.92
47,Bachelor's,Mechanical Engineer,20.4,39.6,Female,USA,Technology,186607.33
21,High School,Product Manager,2.8,44.3,Male,Canada,Manufacturing,123580.97
52,Bachelor's,Sales Executive,17.0,45.8,Female,UK,Retail,112972.75
40,Bachelor's,Product Manager,7.6,34.2,Male,Canada,Technology,193959.94
18,PhD,Customer Support,0.0,41.2,Male,Canada,Healthcare,137601.36
47,High School,Financial Analyst,20.0,25.4,Female,UK,Education,95795.25
34,Master's,Marketing Manager,7.6,43.9,Female,India,Healthcare,70378.6
22,Bachelor's,Operations Manager,4.0,49.9,Male,Germany,Retail,103518.62
25,Bachelor's,Software Engineer,5.0,36.3,Female,Australia,Manufacturing,116684.11
25,Bachelor's,Mechanical Engineer,7.0,48.8,Female,Australia,Retail,97040.14
39,Bachelor's,Operations Manager,8.6,46.9,Male,Canada,Finance,132659.7
23,Master's,Software Engineer,5.0,38.9,Male,Canada,Manufacturing,158865.23
49,Bachelor's,Customer Support,20.1,43.1,Male,Germany,Finance,124894.13
35,PhD,Customer Support,5.5,41.8,Female,Canada,Technology,182434.09
25,Bachelor's,HR Specialist,1.9,35.4,Female,Germany,Retail,92087.59
45,Bachelor's,Product Manager,11.7,42.8,Male,USA,Retail,155971.41
48,PhD,Financial Analyst,18.3,45.1,Female,Germany,Education,155642.87
41,High School,HR Specialist,16.2,36.8,Female,UK,Retail,88299.47
35,Master's,Financial Analyst,15.9,43.3,Female,USA,Education,150991.84
31,Bachelor's,Marketing Manager,11.5,37.8,Male,Germany,Manufacturing,126503.84
36,Bachelor's,Operations Manager,6.5,38.1,Female,Canada,Healthcare,134601.62
42,Bachelor's,Customer Support,5.0,35.9,Male,Germany,Education,80051.4
56,Master's,Customer Support,19.6,49.0,Male,India,Education,49656.95
33,Bachelor's,Product Manager,7.5,20.3,Female,Australia,Healthcare,165355.63
26,Bachelor's,Marketing Manager,0.2,22.5,Male,Australia,Healthcare,115010.22
25,Bachelor's,Product Manager,3.1,41.3,Female,Germany,Finance,181992.19
36,Bachelor's,HR Specialist,16.6,40.3,Male,Germany,Retail,110788.45
53,Bachelor's,Product Manager,16.1,35.2,Male,India,Healthcare,52148.64
35,High School,Sales Executive,11.1,44.3,Female,Germany,Finance,114521.24
40,Master's,Operations Manager,7.2,37.4,Female,India,Education,42871.62
39,Master's,Financial Analyst,7.8,46.7,Male,USA,Retail,136852.82
37,Bachelor's,Data Analyst,9.9,44.4,Female,USA,Education,120171.1
38,Master's,Mechanical Engineer,9.1,32.9,Male,India,Technology,80755.25
48,Master's,Operations Manager,21.3,42.4,Male,Australia,Technology,174488.9
36,Bachelor's,Mechanical Engineer,11.9,50.3,Female,Australia,Retail,117202.88
27,High School,Marketing Manager,7.7,,Male,UK,Finance,123567.7
36,Master's,Marketing Manager,11.9,40.6,Male,Germany,Technology,209691.56
48,Bachelor's,Sales Executive,10.4,45.6,Female,Canada,Finance,163783.66
35,Bachelor's,Financial Analyst,6.2,51.2,Female,Germany,Finance,168274.32
30,High School,Operations Manager,0.0,46.1,Male,India,Retail,30539.69
55,Bachelor's,Financial Analyst,14.4,34.8,Female,Germany,Education,110493.52
43,High School,Sales Executive,11.8,28.6,Male,Australia,Retail,77571.63
41,Master's,Customer Support,14.6,54.5,Male,USA,Retail,136550.08
49,PhD,Software Engineer,13.8,46.8,Male,Australia,Retail,148636.02
44,High School,Data Analyst,17.0,58.0,Male,Canada,Finance,136034.23
55,Bachelor's,Operations Manager,17.9,52.7,Female,UK,Healthcare,130510.75
49,Master's,Data Analyst,15.4,39.7,Male,Australia,Finance,226179.71
41,Master's,Mechanical Engineer,13.2,42.5,Male,USA,Education,142093.87
21,Bachelor's,Software Engineer,3.0,36.6,Male,Australia,Manufacturing,133183.03
36,High School,Operations Manager,4.1,41.4,Male,India,Technology,42677.93
33,PhD,Customer Support,11.5,34.1,Female,India,Healthcare,70616.89
36,Bachelor's,Software Engineer,7.3,35.0,Male,USA,Manufacturing,170412.72
37,Master's,Product Manager,17.9,54.3,Female,UK,Retail,164241.07
40,PhD,Financial Analyst,8.3,20.2,Male,Canada,Healthcare,194352.17
43,Bachelor's,Product Manager,14.6,28.9,Male,UK,Finance,165396.52
59,Bachelor's,Data Analyst,14.5,49.3,Male,Canada,Education,123700.57
48,Bachelor's,Data Analyst,17.1,34.7,Female,Australia,Education,118592.56
37,High School,Mechanical Engineer,10.0,46.0,Female,Germany,Education,76947.29
42,Bachelor's,Mechanical Engineer,10.5,32.7,Female,USA,Technology,189891.99
33,Bachelor's,Product Manager,8.0,50.8,Female,Canada,Finance,200265.96
37,Bachelor's,Mechanical Engineer,8.0,43.4,Male,UK,Education,89740.89
43,Bachelor's,Customer Support,12.6,32.5,Male,India,Technology,51657.17
35,Master's,HR Specialist,13.6,42.0,Male,Germany,Finance,153795.16
18,High School,Data Analyst,0.0,40.8,Female,India,Education,29494.49
37,Bachelor's,Marketing Manager,10.7,29.3,Male,Germany,Healthcare,130691.18
51,Bachelor's,Sales Executive,12.7,44.5,Male,Germany,Manufacturing,103868.17
29,Master's,Operations Manager,10.5,20.0,Male,USA,Manufacturing,157127.66
42,Bachelor's,Marketing Manager,8.1,28.1,Other,USA,Manufacturing,149661.14
62,PhD,Data Analyst,28.3,25.8,Female,USA,Technology,288580.84
18,High School,Customer Support,0.0,34.1,Male,Canada,Retail,73107.86
31,High School,Product Manager,4.6,57.5,Male,Australia,Healthcare,120417.69
23,Master's,Software Engineer,2.4,43.0,Female,UK,Healthcare,182876.17
23,Bachelor's,Financial Analyst,5.0,35.5,Female,India,Finance,67626.88
50,High School,Mechanical Engineer,10.4,34.5,Female,USA,Retail,101362.31
29,Bachelor's,Data Analyst,6.6,41.7,Female,UK,Healthcare,150333.66
46,Bachelor's,Mechanical Engineer,15.1,51.3,Male,UK,Technology,188404.18
65,Bachelor's,Marketing Manager,22.2,43.6,Female,Canada,Finance,200077.33
45,Bachelor's,Product Manager,11.4,29.6,Male,USA,Manufacturing,160770.59
18,PhD,Product Manager,0.0,42.9,Female,USA,Healthcare,244423.9
19,High School,Software Engineer,0.0,42.6,Female,Germany,Finance,126714.4
36,Master's,Software Engineer,11.0,31.0,Male,Germany,Education,132901.13
35,High School,Customer Support,12.9,41.8,Male,UK,Technology,112055.62
37,Master's,Customer Support,7.1,34.2,Female,Australia,Finance,168809.71
40,Bachelor's,HR Specialist,1.0,47.1,Male,UK,Retail,107667.55
36,High School,Financial Analyst,15.4,32.8,Male,USA,Technology,133859.31
38,Bachelor's,Customer Support,12.6,30.9,Female,Canada,Manufacturing,106433.59
32,Master's,Operations Manager,5.1,48.3,Female,Australia,Technology,205215.35
25,Bachelor's,Customer Support,1.0,42.8,Male,Australia,Technology,111820.82
35,PhD,Operations Manager,7.8,41.0,Female,Canada,Education,147414.33
50,Bachelor's,Mechanical Engineer,19.9,30.0,Male,Australia,Finance,151144.21
49,Master's,Data Analyst,5.7,43.2,Female,USA,Retail,169071.19
33,Bachelor's,Product Manager,10.8,39.0,Male,USA,Healthcare,215726.15
43,High School,Software Engineer,4.0,56.5,Female,UK,Retail,84369.97
36,Bachelor's,Customer Support,13.3,35.4,Female,India,Retail,36183.04
38,PhD,Data Analyst,12.4,39.3,Female,UK,Retail,144406.53
43,Bachelor's,Sales Executive,10.7,32.9,Female,USA,Healthcare,142908.04
38,Bachelor's,Product Manager,11.1,48.8,Male,UK,Education,123438.84
56,High School,Financial Analyst,24.1,48.2,Female,USA,Manufacturing,135212.48
52,High School,Marketing Manager,21.2,46.1,Male,Germany,Retail,93665.76
37,Bachelor's,Operations Manager,6.4,47.5,Female,USA,Finance,195517.91
45,Bachelor's,Marketing Manager,16.7,29.3,Other,USA,Finance,186087.18
33,High School,HR Specialist,6.1,52.1,Male,India,Retail,29278.93
22,High School,Mechanical Engineer,2.4,33.9,Female,Germany,Technology,110877.55
39,Bachelor's,HR Specialist,8.6,48.1,Male,India,Retail,40877.29
26,Master's,Data Analyst,1.4,42.0,Male,Canada,Healthcare,173703.45
29,High School,Product Manager,8.0,39.2,Male,USA,Healthcare,131484.98
34,High School,Mechanical Engineer,4.1,39.6,Male,Germany,Finance,109069.02
32,Bachelor's,Operations Manager,7.4,49.6,Female,Canada,Healthcare,139961.59
37,Bachelor's,Software Engineer,3.4,43.2,Male,Germany,Manufacturing,133613.62
41,High School,Customer Support,17.1,39.4,Other,Canada,Technology,105735.46
54,Bachelor's,Customer Support,18.4,49.8,Male,India,Healthcare,46848.92
21,Bachelor's,Operations Manager,0.0,33.0,Female,Germany,Manufacturing,100315.37
28,Master's,Financial Analyst,3.1,42.2,Female,Canada,Technology,174854.83
54,Bachelor's,Data Analyst,20.8,48.0,Female,Australia,Manufacturing,140152.41
46,Bachelor's,Sales Executive,14.8,40.9,Female,India,Technology,55172.22
59,High School,Customer Support,16.6,44.0,Female,Germany,Healthcare,89999.41
26,High School,Software Engineer,2.4,27.2,Male,Canada,Finance,103674.64
27,Bachelor's,Customer Support,0.8,50.0,Female,Canada,Manufacturing,100904.88
19,PhD,Software Engineer,0.0,54.4,Male,USA,Finance,293449.57
36,Bachelor's,Marketing Manager,7.4,35.7,Female,India,Education,43605.16
40,Bachelor's,Product Manager,7.6,36.3,Female,Germany,Technology,166238.29
33,High School,Operations Manager,12.5,44.5,Other,USA,Manufacturing,118966.2
56,Master's,Sales Executive,17.5,50.4,Female,Germany,Technology,180473.75
35,High School,Financial Analyst,8.8,39.9,Male,Canada,Technology,145412.21
25,High School,Financial Analyst,2.6,39.1,Male,India,Manufacturing,38945.24
43,Bachelor's,Customer Support,17.5,42.0,Female,Germany,Healthcare,120359.54
18,Bachelor's,Operations Manager,0.0,30.5,Male,Australia,Finance,127438.87
48,Bachelor's,Sales Executive,18.0,55.4,Female,Canada,Finance,165384.94
35,Bachelor's,Customer Support,12.4,51.2,Male,USA,Retail,117278.91
28,Master's,Sales Executive,6.6,40.1,Male,Germany,Finance,146695.9
47,PhD,Customer Support,12.4,40.9,Male,Canada,Education,138986.57
45,High School,Sales Executive,14.5,45.3,Male,USA,Retail,108950.97
45,Bachelor's,Mechanical Engineer,15.8,44.1,Female,UK,Technology,178667.2
45,Master's,Data Analyst,12.5,34.8,Female,USA,Healthcare,186367.53
24,High School,Financial Analyst,6.0,49.8,Other,UK,Manufacturing,101097.08
57,High School,Mechanical Engineer,20.7,49.3,Male,Germany,Education,89493.08
50,PhD,Sales Executive,20.3,43.8,Male,USA,Education,173271.08
36,Bachelor's,Sales Executive,8.9,59.5,Male,Germany,Healthcare,136973.47
39,Master's,Marketing Manager,11.3,55.5,Male,Australia,Education,150678.72
21,High School,Product Manager,0.0,49.3,Male,India,Technology,50438.3
30,High School,Software Engineer,10.5,34.7,Male,USA,Education,110926.39
46,Master's,Data Analyst,7.0,36.7,Female,USA,Education,151884.2
51,Master's,Marketing Manager,17.0,41.5,Female,Australia,Education,141557.23
18,Bachelor's,Sales Executive,0.0,47.3,Male,India,Healthcare,51801.29
34,PhD,Marketing Manager,7.6,57.8,Female,UK,Finance,219701.9
37,Master's,Marketing Manager,8.2,58.9,Male,India,Finance,73498.19
47,Master's,Customer Support,18.3,43.2,Female,Australia,Healthcare,178841.6
39,Bachelor's,Product Manager,9.3,52.7,Female,UK,Manufacturing,154852.67
54,Master's,Mechanical Engineer,20.5,32.3,Female,Germany,Education,115816.97
51,PhD,Product Manager,16.3,35.0,Male,India,Finance,95183.83
18,Bachelor's,Mechanical Engineer,0.0,44.4,Other,Germany,Retail,107499.88
59,Master's,Marketing Manager,19.2,48.9,Male,Australia,Healthcare,209551.89
30,High School,Customer Support,7.4,45.5,Male,Australia,Manufacturing,87590.18
38,High School,Product Manager,12.3,33.0,Other,India,Retail,33784.61
30,Bachelor's,Sales Executive,10.0,44.0,Other,Canada,Finance,124995.06
30,Master's,Customer Support,2.8,56.1,Male,India,Finance,59679.6
30,Master's,Mechanical Engineer,3.4,35.4,Female,USA,Education,124238.9
26,Master's,Financial Analyst,4.8,43.3,Female,Canada,Finance,215322.01
48,Master's,Marketing Manager,13.5,38.2,Female,UK,Finance,193949.28
24,Bachelor's,Data Analyst,0.0,35.9,Male,India,Technology,50845.35
38,Bachelor's,Sales Executive,12.5,54.9,Male,Canada,Education,109099.77
34,Bachelor's,Mechanical Engineer,7.9,47.2,Female,Canada,Manufacturing,120267.6
33,Master's,HR Specialist,7.1,23.1,Female,Australia,Finance,146183.47
36,Bachelor's,Sales Executive,9.1,47.1,Female,India,Finance,52750.94
48,Bachelor's,Software Engineer,19.5,53.8,Male,USA,Manufacturing,199244.06
32,High School,Customer Support,3.8,47.7,Male,Germany,Manufacturing,70116.75
39,PhD,Software Engineer,14.4,45.9,Male,Australia,Manufacturing,196853.97
36,Master's,Software Engineer,14.5,57.5,Female,Australia,Finance,254763.1
52,Bachelor's,Operations Manager,20.2,33.7,Female,India,Healthcare,50859.8
39,Bachelor's,HR Specialist,9.1,47.7,Male,Canada,Finance,141216.68
19,Bachelor's,Product Manager,1.0,33.7,Female,USA,Technology,231541.26
29,Bachelor's,Software Engineer,7.5,45.6,Male,Germany,Finance,160182.75
46,Bachelor's,Financial Analyst,20.2,34.5,Male,USA,Education,137155.2
48,Bachelor's,Software Engineer,14.4,33.9,Male,USA,Retail,141292.24
35,High School,Mechanical Engineer,3.7,43.1,Female,Canada,Retail,79855.95
31,Master's,Customer Support,0.0,54.6,Female,India,Manufacturing,43678.05
41,High School,Financial Analyst,8.2,62.9,Female,Canada,Technology,136840.18
23,Bachelor's,Financial Analyst,3.7,50.4,Female,Germany,Finance,147880.09
42,PhD,Customer Support,12.0,38.0,Female,UK,Retail,136171.13
31,Master's,Operations Manager,5.2,30.3,Female,USA,Retail,139905.69
40,Bachelor's,Software Engineer,10.9,52.5,Female,Australia,Healthcare,194440.91
33,Bachelor's,Financial Analyst,11.0,58.9,Female,USA,Manufacturing,167924.07
18,High School,Software Engineer,0.0,31.8,Male,Canada,Retail,82530.99
35,High School,Data Analyst,6.2,38.8,Female,Canada,Retail,82331.01
43,Bachelor's,HR Specialist,13.2,42.9,Male,Canada,Healthcare,126169.72
26,Bachelor's,Customer Support,3.9,54.0,Female,Australia,Education,95657.9
41,PhD,Software Engineer,7.5,39.1,Female,UK,Retail,150215.65
44,Master's,Operations Manager,8.1,41.9,Male,USA,Education,135750.8
40,Master's,Sales Executive,8.9,39.2,Female,Canada,Education,104902.84
18,Bachelor's,Product Manager,0.0,41.2,Female,India,Healthcare,63305.9
36,Bachelor's,Mechanical Engineer,6.9,26.9,Male,USA,Retail,120318.12
19,Bachelor's,Marketing Manager,0.0,54.1,Female,USA,Education,125066.04
42,Bachelor's,Software Engineer,11.6,51.1,Female,UK,Technology,206364.47
40,High School,Software Engineer,4.6,42.7,Male,UK,Education,97022.14
29,Master's,Customer Support,2.4,35.4,Female,Australia,Retail,106655.53
24,Master's,Operations Manager,0.0,50.2,Female,Australia,Technology,189213.43
27,Master's,Sales Executive,7.8,42.0,Female,India,Education,48915.21
42,Master's,Operations Manager,3.8,43.3,Other,Canada,Finance,150782.59
42,PhD,Customer Support,11.4,46.6,Female,Canada,Retail,133157.76
35,PhD,Marketing Manager,1.5,37.6,Female,Australia,Technology,224671.43
36,Master's,Software Engineer,12.2,38.5,Male,Germany,Retail,131774.38
25,Bachelor's,Software Engineer,6.4,39.1,Female,Australia,Manufacturing,126940.59
31,Bachelor's,Financial Analyst,5.6,31.8,Female,India,Education,45159.29
28,Master's,Marketing Manager,5.4,34.6,Male,Australia,Finance,182644.13
32,Bachelor's,Mechanical Engineer,11.7,47.7,Female,UK,Healthcare,152221.58
30,Bachelor's,Customer Support,8.3,49.2,Male,USA,Education,111905.81
41,High School,Marketing Manager,13.4,45.8,Other,Australia,Education,92505.88
35,Master's,Mechanical Engineer,14.5,51.8,Male,Canada,Healthcare,163730.09
27,High School,Financial Analyst,4.1,29.7,Female,USA,Manufacturing,116760.32
40,PhD,Customer Support,12.7,44.2,Female,Australia,Education,136061.66
43,Bachelor's,Financial Analyst,15.0,57.8,Male,UK,Healthcare,143581.8
34,Bachelor's,HR Specialist,11.1,41.8,Female,Canada,Manufacturing,97570.55
27,Bachelor's,Operations Manager,6.2,37.9,Male,Canada,Finance,150019.05
31,High School,Sales Executive,5.8,40.4,Female,Germany,Healthcare,90540.99
56,High School,Sales Executive,17.3,52.8,Female,Australia,Technology,140434.41
27,Master's,Customer Support,1.5,44.9,Male,Canada,Retail,105917.92
35,Master's,Data Analyst,5.3,43.5,Male,Australia,Technology,210166.38
45,Bachelor's,Software Engineer,8.1,45.7,Male,India,Retail,51229.02
42,High School,Operations Manager,10.7,43.2,Female,USA,Technology,147739.65
50,Bachelor's,Software Engineer,9.5,39.4,Male,USA,Education,135041.01
40,High School,Mechanical Engineer,13.2,40.1,Female,USA,Education,108459.12
45,PhD,Sales Executive,15.3,51.4,Male,USA,Education,154791.29
49,PhD,Financial Analyst,16.0,43.4,Male,India,Education,71478.08
33,Master's,Operations Manager,5.1,50.3,Male,UK,Healthcare,156164.31
58,Bachelor's,Product Manager,21.0,48.8,Male,India,Healthcare,72147.15
29,High School,Sales Executive,10.2,43.0,Female,Australia,Technology,120957.84
57,Master's,HR Specialist,14.5,48.3,Female,India,Retail,56940.28
19,Master's,Sales Executive,1.0,36.2,Female,UK,Retail,119975.47
32,PhD,Financial Analyst,8.3,38.8,Male,Canada,Finance,227070.09
43,Bachelor's,Marketing Manager,15.5,38.5,Male,UK,Education,120538.8
42,Master's,Financial Analyst,11.8,46.5,Male,Germany,Healthcare,206250.38
43,Bachelor's,Customer Support,14.9,51.8,Female,Australia,Manufacturing,116661.43
41,High School,Marketing Manager,15.4,59.1,Female,Canada,Healthcare,115111.13
57,Master's,HR Specialist,22.3,41.7,Female,India,Retail,50592.98
43,Bachelor's,HR Specialist,9.2,40.4,Female,UK,Finance,155218.56
36,High School,Marketing Manager,15.3,36.9,Female,Canada,Technology,131018.12
36,Master's,Software Engineer,6.2,49.6,Female,UK,Technology,224163.71
38,Bachelor's,Mechanical Engineer,10.7,45.9,Female,Canada,Retail,93402.27
43,Master's,Product Manager,13.6,41.8,Female,Canada,Manufacturing,156479.19
55,Master's,Customer Support,19.9,38.8,Male,UK,Finance,167043.81
41,High School,Financial Analyst,14.0,36.3,Female,USA,Finance,153003.91
52,Master's,Financial Analyst,19.2,33.7,Female,India,Manufacturing,56838.96
48,Bachelor's,Software Engineer,17.2,39.6,Male,Canada,Finance,163786.88
37,Master's,Marketing Manager,2.2,42.6,Male,Germany,Retail,131893.6
36,High School,Data Analyst,13.7,30.3,Male,India,Healthcare,38571.0
36,Master's,Product Manager,10.1,38.4,Female,UK,Healthcare,195013.85
50,High School,Financial Analyst,12.9,44.4,Female,Australia,Technology,140835.02
32,High School,HR Specialist,6.2,39.4,Male,India,Manufacturing,33161.09
33,High School,Operations Manager,0.0,57.6,Other,UK,Healthcare,100866.52
33,High School,HR Specialist,10.1,38.1,Female,UK,Education,78814.88
52,Master's,Data Analyst,22.6,33.7,Female,USA,Retail,160698.95
56,High School,Financial Analyst,17.4,36.5,Male,USA,Education,101778.74
48,Bachelor's,Operations Manager,14.6,50.2,Male,Germany,Education,110651.1
36,Bachelor's,Financial Analyst,4.2,41.2,Female,India,Finance,62719.5
58,Master's,Operations Manager,25.4,41.3,Female,UK,Education,144663.93
44,Master's,Marketing Manager,13.9,56.8,Female,Germany,Manufacturing,144613.93
55,Bachelor's,Financial Analyst,18.1,37.6,Male,USA,Manufacturing,159552.61
42,High School,Financial Analyst,3.3,45.7,Female,Canada,Finance,113285.34
38,Bachelor's,Data Analyst,8.3,31.1,Male,India,Finance,65241.19
19,High School,Marketing Manager,0.0,50.8,Male,UK,Retail,74824.74
35,Master's,Operations Manager,12.9,59.0,Female,Germany,Healthcare,174086.45
45,Master's,Software Engineer,16.9,35.5,Female,USA,Technology,287631.33
41,Master's,Financial Analyst,14.1,47.9,Male,Germany,Technology,207641.44
31,High School,HR Specialist,13.0,47.9,Female,Germany,Education,77518.22
28,Bachelor's,HR Specialist,9.7,50.6,Male,India,Manufacturing,48406.8
39,Bachelor's,Operations Manager,6.7,31.0,Female,Canada,Manufacturing,111122.9
47,High School,Software Engineer,12.5,46.0,Female,Canada,Finance,114253.12
28,High School,Customer Support,4.2,49.2,Male,UK,Healthcare,91536.35
34,High School,Customer Support,10.4,29.2,Other,Australia,Retail,78072.29
41,Master's,Sales Executive,9.3,43.3,Female,India,Retail,48432.96
39,Bachelor's,Software Engineer,12.4,38.1,Female,Canada,Technology,180435.85
33,Bachelor's,HR Specialist,6.3,33.5,Female,Canada,Education,85985.84
30,High School,Product Manager,4.4,39.9,Female,India,Technology,52521.39
33,Master's,Sales Executive,6.9,32.3,Female,USA,Education,114970.85
53,Bachelor's,Marketing Manager,13.9,33.0,Female,India,Retail,42013.12
28,Bachelor's,HR Specialist,0.0,44.7,Male,Australia,Manufacturing,103412.83
27,Master's,Sales Executive,5.2,46.8,Female,UK,Healthcare,148369.7
23,High School,Software Engineer,0.0,40.7,Male,Canada,Technology,124593.6
30,Master's,Financial Analyst,12.0,36.1,Female,Australia,Retail,156523.21
36,Bachelor's,Product Manager,14.3,31.5,Male,Australia,Healthcare,157435.26
49,PhD,HR Specialist,13.3,49.8,Female,USA,Manufacturing,193152.59
27,PhD,Marketing Manager,2.9,44.6,Female,Canada,Manufacturing,177507.49
35,PhD,HR Specialist,9.2,40.9,Female,USA,Finance,248576.63
41,Bachelor's,Mechanical Engineer,15.9,42.0,Male,Germany,Education,99993.21
27,High School,Software Engineer,9.0,33.5,Male,USA,Retail,107869.23
47,High School,Customer Support,13.6,36.6,Male,UK,Education,71065.5
60,Bachelor's,Software Engineer,15.3,28.4,Male,Germany,Healthcare,142750.03
49,Bachelor's,Customer Support,17.3,40.8,Female,Canada,Retail,99882.61
31,PhD,Mechanical Engineer,6.0,38.3,Male,Canada,Healthcare,199125.07
35,High School,Mechanical Engineer,6.7,40.0,Male,Canada,Retail,79882.1
20,Bachelor's,Operations Manager,2.0,33.8,Male,India,Healthcare,54497.56
29,PhD,Sales Executive,10.4,20.0,Male,Australia,Healthcare,163276.84
44,PhD,Financial Analyst,9.3,40.9,Male,USA,Finance,252878.93
21,Master's,HR Specialist,2.2,38.3,Female,Germany,Retail,87882.86
30,Master's,HR Specialist,11.0,54.7,Male,Canada,Manufacturing,134676.6
64,Bachelor's,Mechanical Engineer,18.6,50.4,Male,UK,Technology,156296.3
18,Bachelor's,Financial Analyst,0.0,36.1,Other,UK,Healthcare,140621.51
47,High School,HR Specialist,13.5,49.1,Female,Canada,Education,83232.84
35,High School,Software Engineer,8.4,36.7,Male,India,Education,37476.94
37,Bachelor's,Sales Executive,8.4,42.0,Male,India,Healthcare,53888.47
30,Bachelor's,Software Engineer,10.4,46.2,Female,Germany,Technology,175529.66
47,High School,Mechanical Engineer,12.1,38.7,Female,Canada,Retail,95979.85
37,Master's,Operations Manager,9.3,29.8,Female,Australia,Healthcare,153361.43
38,Bachelor's,Customer Support,7.2,31.9,Male,Germany,Retail,83927.02
44,High School,Sales Executive,14.3,39.6,Other,UK,Manufacturing,103365.19
38,Bachelor's,Mechanical Engineer,11.8,44.6,Female,India,Retail,48725.23
29,Bachelor's,Customer Support,0.6,33.6,Male,Canada,Finance,116952.29
39,Bachelor's,Sales Executive,7.4,22.0,Male,Australia,Technology,130762.65
30,Bachelor's,Financial Analyst,9.6,41.6,Male,Canada,Healthcare,135020.65
43,Bachelor's,Operations Manager,8.9,53.3,Female,Australia,Retail,128535.46
34,Bachelor's,Software Engineer,10.7,47.5,Male,India,Retail,55082.06
41,Master's,Mechanical Engineer,18.9,47.9,Male,India,Healthcare,64146.4
39,Master's,Software Engineer,12.3,35.4,Female,India,Technology,79478.0
32,Master's,Customer Support,12.8,33.2,Male,USA,Retail,129602.33
57,High School,Mechanical Engineer,23.0,50.5,Male,India,Finance,52207.98
53,High School,Data Analyst,21.9,51.2,Male,Canada,Education,89901.93
41,High School,Sales Executive,10.7,32.4,Male,Germany,Technology,106136.25
30,Master's,Mechanical Engineer,8.2,53.0,Male,Canada,Technology,175554.9
23,Master's,HR Specialist,5.0,35.6,Female,Canada,Retail,120535.52
41,PhD,Operations Manager,11.6,36.2,Female,Australia,Healthcare,174564.21
32,PhD,Operations Manager,6.8,42.2,Male,Germany,Education,121401.44
30,Bachelor's,Financial Analyst,5.7,43.4,Female,UK,Technology,172269.16
46,Master's,Software Engineer,14.6,34.3,Female,Canada,Manufacturing,161290.61
27,Bachelor's,Data Analyst,0.0,44.5,Female,UK,Technology,148706.89
39,Master's,Marketing Manager,6.8,,Male,Germany,Finance,165918.29
46,Bachelor's,Financial Analyst,15.3,56.7,Male,Australia,Retail,122199.02
31,PhD,Operations Manager,1.5,47.0,Male,Canada,Healthcare,188546.99
31,High School,Product Manager,13.0,50.3,Female,USA,Finance,168232.36
51,Master's,Mechanical Engineer,15.3,39.4,Male,USA,Manufacturing,181780.47
44,High School,Operations Manager,13.9,48.7,Male,Australia,Finance,108600.9
48,Master's,Customer Support,6.7,34.7,Male,USA,Technology,214068.15
25,Bachelor's,Customer Support,2.8,27.8,Male,USA,Retail,94825.97
44,Master's,Financial Analyst,12.7,33.7,Female,Canada,Healthcare,152748.99
51,Bachelor's,Product Manager,13.2,41.2,Female,Germany,Finance,165280.66
40,Master's,Data Analyst,11.7,22.3,Female,Germany,Retail,116086.1
37,Master's,Product Manager,2.1,54.0,Female,India,Healthcare,77894.98
50,Master's,Sales Executive,15.1,33.8,Male,USA,Manufacturing,175044.38
34,Bachelor's,HR Specialist,10.0,32.3,Male,India,Manufacturing,38790.04
40,Bachelor's,HR Specialist,6.5,50.2,Male,USA,Education,118343.08
23,Master's,Customer Support,0.0,52.6,Female,Canada,Healthcare,134247.32
31,High School,Financial Analyst,7.2,29.1,Other,India,Technology,50014.68
34,High School,Financial Analyst,12.2,40.9,Female,USA,Technology,146655.07
39,PhD,Sales Executive,6.3,40.8,Female,UK,Finance,185464.42
18,Master's,Mechanical Engineer,0.0,48.5,Male,Germany,Retail,110835.5
54,Master's,Marketing Manager,12.3,35.4,Male,Germany,Healthcare,175261.38
40,Bachelor's,Customer Support,14.1,40.3,Male,Germany,Manufacturing,89705.55
42,High School,Sales Executive,16.1,43.9,Female,Australia,Retail,85966.78
36,PhD,HR Specialist,8.3,45.9,Male,UK,Manufacturing,150932.88
59,High School,Data Analyst,17.5,40.4,Female,USA,Manufacturing,116813.24
44,High School,Sales Executive,19.1,35.7,Male,USA,Technology,149562.09
43,Bachelor's,Customer Support,12.3,40.4,Female,Australia,Finance,146882.25
40,High School,Data Analyst,13.6,42.3,Other,Germany,Technology,128403.32
34,PhD,Product Manager,3.5,37.8,Male,USA,Manufacturing,238216.46
35,Master's,HR Specialist,6.6,46.3,Male,UK,Retail,115903.75
45,Bachelor's,Mechanical Engineer,12.0,45.7,Male,Canada,Finance,166814.88
48,Bachelor's,Operations Manager,21.4,45.1,Male,Australia,Retail,129835.34
56,Master's,Sales Executive,21.9,39.8,Male,Canada,Education,113436.49
24,Bachelor's,Sales Executive,2.3,43.4,Female,Australia,Manufacturing,111568.95
38,High School,Software Engineer,6.1,26.6,Male,Germany,Healthcare,99981.48
19,Bachelor's,Mechanical Engineer,0.0,46.9,Female,India,Finance,57242.66
38,Master's,Customer Support,16.2,31.2,Female,India,Technology,55283.76
46,Bachelor's,HR Specialist,21.4,41.0,Female,India,Education,39940.77
46,Master's,Mechanical Engineer,10.5,53.0,Female,Australia,Technology,211657.15
34,High School,Data Analyst,15.0,42.3,Male,USA,Technology,148118.7
37,Bachelor's,Data Analyst,11.0,43.2,Female,USA,Retail,113656.9
30,Master's,Financial Analyst,10.1,43.7,Female,India,Finance,82527.66
33,Master's,Product Manager,1.0,66.9,Female,UK,Manufacturing,172883.08
39,High School,Product Manager,13.4,36.8,Female,Germany,Technology,137489.44
28,High School,Product Manager,8.6,35.3,Female,USA,Healthcare,167020.82
52,Bachelor's,Operations Manager,15.2,49.4,Male,Canada,Technology,161153.69
45,Bachelor's,Operations Manager,11.7,51.6,Male,India,Finance,61343.72
42,PhD,Mechanical Engineer,9.6,37.9,Male,Germany,Retail,142862.74
59,Bachelor's,Operations Manager,21.0,34.6,Male,USA,Retail,137728.46
29,Bachelor's,Product Manager,4.6,42.4,Female,Canada,Technology,204268.54
23,High School,Operations Manager,4.3,47.8,Female,USA,Retail,94818.57
56,Bachelor's,Marketing Manager,21.9,46.0,Female,Australia,Manufacturing,146644.94
43,High School,Marketing Manager,10.7,57.9,Female,India,Finance,54261.11
40,PhD,Product Manager,8.7,23.2,Female,USA,Technology,251910.58
32,Bachelor's,HR Specialist,1.0,57.8,Male,Australia,Education,112368.25
29,Bachelor's,Financial Analyst,6.0,43.7,Male,Germany,Finance,160059.67
31,High School,Mechanical Engineer,3.6,58.9,Female,India,Healthcare,45932.11
27,High School,Software Engineer,1.3,47.6,Male,USA,Retail,120791.19
50,High School,Financial Analyst,18.7,31.6,Male,Canada,Manufacturing,96724.98
48,High School,Product Manager,6.5,25.2,Other,Canada,Finance,122891.82
40,High School,Software Engineer,13.1,48.3,Female,UK,Retail,100460.4
46,High School,Operations Manager,14.8,42.1,Female,UK,Manufacturing,99050.37
38,Bachelor's,Mechanical Engineer,5.7,45.2,Male,Canada,Retail,122382.88
33,Bachelor's,Operations Manager,2.1,49.6,Female,USA,Education,118659.91
25,High School,Financial Analyst,4.3,39.7,Male,UK,Finance,104438.76
46,Bachelor's,Data Analyst,5.8,53.4,Other,USA,Manufacturing,134299.91
27,High School,Mechanical Engineer,3.4,23.6,Female,Australia,Technology,109645.18
36,Master's,Mechanical Engineer,2.7,20.2,Female,India,Retail,46661.97
40,Master's,HR Specialist,11.5,59.3,Female,USA,Education,139910.49
28,High School,Customer Support,7.3,48.1,Female,UK,Retail,79959.72
33,High School,Operations Manager,0.6,36.2,Male,Australia,Healthcare,113269.63
57,Master's,Product Manager,23.5,41.4,Male,Germany,Healthcare,195182.69
36,High School,Customer Support,5.2,54.6,Male,Germany,Manufacturing,75542.64
28,Bachelor's,Sales Executive,5.9,50.9,Female,Canada,Technology,146732.47
43,Bachelor's,Sales Executive,13.0,43.8,Male,USA,Finance,163261.73
41,PhD,Operations Manager,0.0,44.3,Male,Germany,Healthcare,135855.64
45,High School,HR Specialist,13.9,45.1,Female,UK,Technology,105574.36
40,Master's,Product Manager,9.4,60.5,Male,India,Education,59692.08
51,High School,Marketing Manager,21.8,35.8,Male,Germany,Healthcare,114366.07
19,Bachelor's,Customer Support,0.0,54.4,Male,USA,Manufacturing,118313.11
51,Master's,Sales Executive,17.4,42.2,Male,India,Finance,72629.38
28,Master's,Data Analyst,6.0,31.7,Male,UK,Education,123809.26
27,Bachelor's,HR Specialist,0.8,47.7,Male,USA,Technology,162082.0
38,Bachelor's,Customer Support,10.1,27.8,Male,Canada,Finance,120747.65
21,Bachelor's,Data Analyst,2.4,43.2,Female,India,Healthcare,53436.16
30,PhD,Marketing Manager,0.0,38.6,Other,Germany,Healthcare,163122.43
35,High School,Operations Manager,9.2,47.7,Female,Germany,Finance,111308.61
27,High School,Sales Executive,1.4,,Male,Germany,Technology,104595.0
35,Bachelor's,Mechanical Engineer,13.7,36.2,Male,UK,Education,102907.41
35,Bachelor's,HR Specialist,7.0,62.1,Male,India,Retail,43106.35
48,Master's,Data Analyst,18.6,43.5,Female,Germany,Manufacturing,157955.4
49,High School,Sales Executive,21.1,34.3,Female,Canada,Manufacturing,91447.53
35,Bachelor's,Data Analyst,9.9,46.9,Other,Canada,Education,113942.01
39,Master's,HR Specialist,6.4,49.2,Female,Australia,Healthcare,157897.11
46,Master's,Financial Analyst,12.8,52.6,Female,Germany,Technology,185722.01
47,Bachelor's,Software Engineer,8.3,27.3,Male,Germany,Education,106084.61
35,Bachelor's,Software Engineer,6.0,39.8,Female,Canada,Retail,134161.67
33,Master's,HR Specialist,4.6,51.1,Male,USA,Finance,205091.54
28,High School,Operations Manager,5.6,29.7,Male,USA,Manufacturing,100976.87
54,PhD,HR Specialist,16.7,51.8,Male,Canada,Education,133714.16
37,Bachelor's,Software Engineer,4.9,53.5,Male,Canada,Retail,120317.71
38,Bachelor's,Mechanical Engineer,9.2,45.1,Male,India,Education,39501.67
50,PhD,Operations Manager,19.5,32.7,Female,Canada,Healthcare,200675.92
24,Bachelor's,Financial Analyst,2.3,45.1,Female,Germany,Retail,99336.2
40,Master's,Mechanical Engineer,9.5,46.9,Male,Germany,Healthcare,176919.5
34,Master's,Financial Analyst,13.1,52.0,Male,India,Education,56301.67
33,High School,Sales Executive,12.2,47.4,Female,Australia,Education,81398.32
23,Bachelor's,HR Specialist,5.0,38.5,Male,UK,Finance,152507.45
46,Master's,Marketing Manager,24.4,67.5,Male,UK,Healthcare,194954.53
28,High School,Mechanical Engineer,0.0,40.1,Male,Canada,Finance,94855.56
36,Master's,Mechanical Engineer,10.1,28.4,Male,Canada,Education,112149.83
32,High School,Data Analyst,7.3,32.3,Male,India,Manufacturing,36658.48
57,Bachelor's,Customer Support,13.4,60.2,Female,Australia,Retail,118890.31
32,Bachelor's,Marketing Manager,7.0,33.0,Male,UK,Healthcare,139861.25
50,High School,Operations Manager,13.8,44.8,Male,India,Healthcare,46176.38
34,Bachelor's,Operations Manager,13.0,33.9,Male,USA,Retail,113856.54
32,Bachelor's,HR Specialist,9.3,38.2,Male,Canada,Education,102723.11
55,High School,Software Engineer,22.4,51.1,Female,Australia,Finance,135453.67
25,Bachelor's,Mechanical Engineer,0.6,51.5,Female,India,Education,36140.2
47,High School,Operations Manager,21.2,43.1,Female,UK,Finance,115135.75
35,PhD,Customer Support,8.6,56.1,Female,Canada,Technology,208385.47
32,Master's,Data Analyst,8.7,27.5,Female,Australia,Technology,176273.14
39,Bachelor's,Mechanical Engineer,6.6,39.9,Male,Canada,Healthcare,121955.38
30,PhD,Marketing Manager,12.0,44.9,Male,India,Retail,65154.33
18,PhD,Operations Manager,0.0,36.5,Male,Germany,Technology,184068.92
27,PhD,Product Manager,5.9,40.6,Male,India,Retail,67956.09
49,Bachelor's,Marketing Manager,18.0,48.7,Female,Germany,Education,110287.13
43,Master's,Customer Support,13.7,46.5,Female,India,Healthcare,58825.31
32,Bachelor's,Product Manager,2.2,,Male,Australia,Manufacturing,134775.24
36,High School,Customer Support,12.3,31.6,Male,Germany,Technology,98498.22
39,Bachelor's,Marketing Manager,11.3,42.1,Female,Canada,Finance,171283.1
25,High School,Software Engineer,1.3,29.4,Male,India,Retail,32578.28
50,High School,Mechanical Engineer,17.7,29.7,Male,USA,Finance,130160.91
30,Bachelor's,Marketing Manager,12.0,42.1,Male,USA,Healthcare,194751.94
52,Master's,Mechanical Engineer,15.2,51.4,Female,Australia,Healthcare,170053.88
40,Master's,HR Specialist,16.6,39.4,Male,Germany,Education,107224.19
29,PhD,Mechanical Engineer,3.8,57.2,Female,Australia,Education,151987.88
40,PhD,Mechanical Engineer,20.5,37.5,Male,Australia,Education,167001.99
25,PhD,Financial Analyst,1.3,39.8,Male,UK,Healthcare,201426.95
26,Master's,HR Specialist,0.0,44.4,Male,Germany,Finance,141733.52
47,Bachelor's,Product Manager,13.6,48.9,Male,India,Technology,83221.24
25,High School,HR Specialist,0.0,50.7,Female,Germany,Manufacturing,78148.84
34,Bachelor's,Software Engineer,11.3,44.4,Male,India,Education,43735.83
46,Bachelor's,HR Specialist,8.2,28.0,Female,Germany,Education,93206.83
26,Master's,Software Engineer,6.0,33.4,Male,Australia,Manufacturing,179415.66
34,Bachelor's,Data Analyst,7.9,45.4,Male,Germany,Education,108581.08
41,Master's,HR Specialist,17.1,59.5,Female,UK,Technology,181475.49
36,Master's,HR Specialist,0.0,30.8,Female,India,Retail,40629.19
40,PhD,Mechanical Engineer,8.7,50.9,Female,USA,Retail,151269.25
25,Bachelor's,Operations Manager,2.2,38.8,Female,India,Education,36050.18
40,Bachelor's,Financial Analyst,16.5,39.1,Male,USA,Manufacturing,169516.61
42,Bachelor's,Mechanical Engineer,5.3,44.9,Male,UK,Finance,150279.28
47,Bachelor's,Mechanical Engineer,22.3,38.4,Female,Germany,Manufacturing,118374.41
34,Bachelor's,Customer Support,4.7,31.8,Female,Germany,Finance,111827.74
40,Bachelor's,Customer Support,9.0,54.0,Female,Canada,Manufacturing,106850.38
54,Master's,Customer Support,16.6,38.8,Male,Canada,Technology,173936.73
31,Master's,Data Analyst,2.9,52.4,Female,UK,Healthcare,184280.4
32,Master's,Operations Manager,4.4,30.4,Male,UK,Manufacturing,139376.98
19,Bachelor's,Sales Executive,0.0,40.1,Male,Canada,Technology,121849.7
61,High School,Financial Analyst,21.6,41.9,Other,USA,Retail,117861.95
55,Bachelor's,Data Analyst,18.1,43.0,Female,Canada,Manufacturing,105711.39
34,Bachelor's,Operations Manager,16.0,38.5,Female,Germany,Technology,157105.96
33,Master's,Mechanical Engineer,14.0,36.0,Male,India,Healthcare,66674.28
42,Master's,Operations Manager,5.9,29.1,Male,Canada,Manufacturing,133637.95
32,High School,Operations Manager,2.1,33.9,Female,Australia,Education,65696.67
50,PhD,Software Engineer,17.7,41.9,Female,Germany,Manufacturing,196908.01
36,Master's,Customer Support,13.0,48.0,Female,India,Education,39758.34
34,PhD,Marketing Manager,2.4,34.3,Female,UK,Education,134994.92
33,Master's,Financial Analyst,4.2,35.1,Male,Germany,Technology,204695.31
62,Bachelor's,Customer Support,24.8,49.5,Male,UK,Technology,147851.18
49,Bachelor's,Sales Executive,14.4,46.3,Female,Australia,Finance,162185.45
45,High School,Mechanical Engineer,14.2,37.3,Male,Canada,Retail,71809.2
50,High School,Mechanical Engineer,16.1,38.9,Male,Canada,Manufacturing,94582.91
58,High School,Product Manager,13.6,45.2,Female,India,Technology,58811.6
34,Bachelor's,HR Specialist,10.2,27.1,Male,Germany,Manufacturing,117731.04
34,High School,Financial Analyst,4.4,41.2,Male,UK,Finance,115745.24
41,PhD,Software Engineer,13.5,51.1,Male,Canada,Manufacturing,201663.46
28,High School,HR Specialist,3.3,43.9,Female,USA,Healthcare,109923.84
45,High School,Mechanical Engineer,18.2,34.3,Male,USA,Retail,118407.48
45,High School,Sales Executive,7.3,48.8,Female,Germany,Finance,95516.94
44,PhD,Product Manager,11.0,36.8,Male,Australia,Manufacturing,205158.3
56,PhD,HR Specialist,21.5,41.9,Male,Australia,Manufacturing,180528.02
24,PhD,HR Specialist,6.0,51.1,Male,Canada,Technology,180000.77
29,Master's,Operations Manager,6.9,50.6,Female,USA,Retail,162825.97
33,Master's,Customer Support,8.4,41.5,Female,India,Technology,64972.65
28,Bachelor's,Marketing Manager,3.2,44.1,Male,Germany,Finance,151177.39
53,Bachelor's,Customer Support,16.7,56.2,Male,Australia,Technology,160904.19
41,PhD,Sales Executive,3.7,43.2,Male,India,Technology,78687.0
18,PhD,Product Manager,0.0,50.3,Male,Germany,Finance,229340.94
46,Master's,Financial Analyst,14.4,54.7,Male,India,Education,53830.45
50,Master's,HR Specialist,16.8,44.3,Other,UK,Technology,173405.2
48,Bachelor's,HR Specialist,23.1,38.8,Male,USA,Healthcare,145817.11
37,Bachelor's,Mechanical Engineer,9.6,34.9,Male,UK,Education,92772.78
18,High School,HR Specialist,0.0,39.5,Male,India,Technology,42272.27
29,PhD,HR Specialist,2.5,51.1,Male,Australia,Retail,148104.89
50,Bachelor's,Sales Executive,11.5,60.8,Female,Australia,Healthcare,147107.36
39,High School,Data Analyst,16.3,54.1,Female,Australia,Finance,130754.07
51,Master's,Mechanical Engineer,21.8,45.2,Male,Canada,Manufacturing,166297.95
46,Master's,Data Analyst,10.7,47.9,Female,Germany,Manufacturing,139419.83
37,Master's,Data Analyst,6.5,44.1,Female,India,Finance,86199.61
26,Master's,Software Engineer,0.0,40.5,Female,Australia,Retail,145591.74
51,Bachelor's,Data Analyst,23.0,30.7,Female,Australia,Healthcare,138418.31
28,High School,Software Engineer,5.0,44.3,Female,Canada,Education,89739.06
49,Master's,Mechanical Engineer,15.2,31.1,Male,Germany,Healthcare,154175.23
31,High School,Customer Support,10.3,54.8,Female,Canada,Education,71089.31
42,Bachelor's,Operations Manager,15.7,44.2,Female,India,Finance,63905.78
29,High School,HR Specialist,11.0,58.8,Female,Germany,Education,77822.05
51,PhD,Operations Manager,14.0,43.4,Female,Canada,Finance,199039.37
30,High School,Software Engineer,11.9,48.1,Female,UK,Healthcare,126768.4
41,Bachelor's,Software Engineer,12.5,42.4,Female,UK,Finance,204412.97
22,PhD,Mechanical Engineer,0.0,44.5,Male,Canada,Retail,128087.43
49,Master's,HR Specialist,15.8,51.3,Female,Germany,Retail,119103.93
31,High School,Sales Executive,10.5,50.6,Female,UK,Manufacturing,110076.22
49,Bachelor's,Customer Support,16.4,37.0,Male,Canada,Education,94377.9
34,High School,Financial Analyst,2.3,43.0,Female,Canada,Manufacturing,108734.57
35,High School,Marketing Manager,10.6,41.5,Female,India,Healthcare,45910.54
54,Bachelor's,HR Specialist,15.7,35.3,Female,Australia,Technology,135700.05
31,High School,Financial Analyst,8.5,38.2,Male,India,Finance,47040.95
27,Bachelor's,Product Manager,8.9,21.2,Female,UK,Manufacturing,120860.92
32,Bachelor's,Marketing Manager,5.7,48.6,Male,Germany,Retail,114945.08
28,Master's,Sales Executive,6.5,51.6,Female,Germany,Education,114351.94
36,High School,Data Analyst,8.7,33.7,Female,Australia,Retail,80269.24
53,Bachelor's,Software Engineer,20.5,44.8,Female,Germany,Technology,182838.3
48,Bachelor's,Data Analyst,13.3,55.4,Male,USA,Retail,139858.7
25,Bachelor's,Sales Executive,2.3,47.0,Female,USA,Education,134043.0
29,PhD,Product Manager,1.7,41.7,Male,Germany,Healthcare,220275.24
48,Master's,HR Specialist,8.1,51.9,Female,Germany,Retail,118599.06
34,Bachelor's,Product Manager,8.3,42.4,Male,India,Technology,75277.18
42,Master's,Mechanical Engineer,18.3,50.1,Male,Germany,Technology,183963.18
36,Bachelor's,Operations Manager,7.5,57.8,Female,India,Manufacturing,46508.25
33,Master's,Software Engineer,9.3,31.7,Female,India,Education,55231.55
52,Bachelor's,Software Engineer,20.7,44.0,Female,Australia,Manufacturing,149637.82
37,Bachelor's,Software Engineer,7.1,51.3,Female,Canada,Technology,200078.23
29,PhD,Product Manager,3.4,41.6,Female,Germany,Education,157598.69
31,Bachelor's,HR Specialist,9.3,22.9,Female,Germany,Healthcare,115595.49
52,Bachelor's,Customer Support,18.4,31.5,Female,UK,Technology,128626.32
18,High School,Marketing Manager,0.0,45.6,Male,India,Healthcare,42350.99
51,Master's,Operations Manager,19.6,28.2,Female,India,Retail,39725.36
41,Master's,Sales Executive,10.3,30.4,Female,Australia,Education,102880.8
54,Bachelor's,Mechanical Engineer,13.3,,Male,Germany,Education,92835.85
45,Bachelor's,Customer Support,9.8,37.4,Female,UK,Healthcare,114763.6
46,PhD,Mechanical Engineer,16.8,32.3,Female,Canada,Retail,145647.84
41,Master's,Marketing Manager,18.6,38.4,Male,USA,Finance,236884.06
22,High School,Mechanical Engineer,1.5,49.0,Female,Australia,Manufacturing,89317.69
45,Bachelor's,Software Engineer,17.0,44.7,Male,India,Technology,81754.15
41,Bachelor's,Marketing Manager,7.1,48.9,Male,USA,Education,125591.35
47,High School,Marketing Manager,9.7,43.4,Male,USA,Retail,102865.76
30,High School,Operations Manager,12.0,42.8,Male,India,Technology,41615.91
34,Bachelor's,Product Manager,3.7,36.6,Female,USA,Finance,182284.48
31,Bachelor's,Mechanical Engineer,9.3,43.3,Male,Australia,Finance,145492.5
45,Master's,Software Engineer,15.2,32.9,Female,USA,Technology,283247.67
23,Bachelor's,Customer Support,1.4,60.2,Female,Germany,Healthcare,118532.33
45,High School,Software Engineer,18.5,48.7,Male,India,Technology,56931.33
40,High School,Software Engineer,11.8,40.8,Female,Australia,Technology,155982.6
22,Master's,Financial Analyst,4.0,32.2,Male,Germany,Manufacturing,143118.74
31,Master's,Operations Manager,6.1,29.5,Other,India,Healthcare,56491.0
59,High School,Sales Executive,24.2,48.4,Female,India,Finance,50188.54
42,Bachelor's,Software Engineer,17.1,32.2,Male,India,Manufacturing,54658.77
32,Master's,Financial Analyst,9.2,39.1,Female,USA,Healthcare,219654.72
27,Bachelor's,Customer Support,6.0,41.5,Female,USA,Manufacturing,121317.31
34,PhD,Financial Analyst,6.0,44.9,Male,Canada,Retail,168784.36
40,High School,Data Analyst,9.0,46.0,Male,Canada,Manufacturing,109092.14
30,PhD,Marketing Manager,8.9,33.2,Female,Germany,Technology,198768.95
33,Bachelor's,Mechanical Engineer,5.3,32.0,Female,Canada,Manufacturing,105384.99
34,High School,Operations Manager,6.4,36.2,Female,Canada,Healthcare,89755.86
26,Master's,Sales Executive,5.6,50.4,Male,India,Education,44615.5
39,Master's,Sales Executive,12.9,37.8,Female,India,Education,38779.58
57,Bachelor's,Mechanical Engineer,19.4,36.8,Male,Australia,Technology,135802.75
43,Bachelor's,Financial Analyst,10.5,53.7,Male,Australia,Healthcare,168821.38
47,Bachelor's,Marketing Manager,16.1,30.3,Female,USA,Healthcare,159059.18
37,PhD,Mechanical Engineer,14.5,43.8,Male,Canada,Finance,224536.73
33,High School,Operations Manager,2.5,41.2,Female,USA,Technology,147788.93
36,High School,Marketing Manager,9.2,39.3,Male,UK,Finance,122344.87
38,High School,Marketing Manager,11.1,41.9,Male,Germany,Education,87201.07
41,Bachelor's,Software Engineer,10.6,54.3,Male,USA,Retail,172156.54
37,Bachelor's,Sales Executive,14.0,51.9,Female,UK,Healthcare,155863.83
62,Master's,Financial Analyst,25.0,41.6,Male,USA,Retail,153872.7
38,High School,Software Engineer,9.5,29.3,Male,Australia,Manufacturing,107458.09
42,High School,Customer Support,5.1,45.0,Female,India,Technology,43993.16
44,High School,Marketing Manager,14.6,47.9,Female,Australia,Education,94446.0
22,Master's,Data Analyst,4.0,41.5,Male,UK,Finance,190677.88
50,Bachelor's,Mechanical Engineer,15.5,42.4,Male,Canada,Retail,113262.67
39,High School,Customer Support,8.9,36.3,Female,UK,Technology,95729.15
26,Master's,Software Engineer,7.5,48.8,Male,India,Retail,54664.54
34,High School,Product Manager,2.0,29.6,Male,Germany,Healthcare,114498.92
51,Master's,Mechanical Engineer,17.2,35.9,Male,India,Healthcare,66224.09
32,Master's,Operations Manager,5.9,38.6,Female,Canada,Education,128366.01
44,Master's,Data Analyst,12.3,40.9,Male,India,Finance,62228.57
37,Master's,Customer Support,10.8,30.5,Male,Germany,Technology,151409.24
41,Bachelor's,HR Specialist,10.6,41.6,Female,Germany,Education,105419.02
40,High School,Marketing Manager,15.6,39.1,Male,Australia,Technology,138558.64
30,Bachelor's,Marketing Manager,8.4,51.3,Male,UK,Healthcare,164217.72
38,Bachelor's,HR Specialist,18.1,49.0,Female,Canada,Education,109671.73
48,Master's,Product Manager,12.7,45.8,Female,Germany,Retail,148993.83
39,Bachelor's,Product Manager,16.6,47.6,Female,Germany,Education,116328.48
45,PhD,Financial Analyst,11.0,41.0,Male,Australia,Technology,258761.5
45,Master's,Data Analyst,17.7,28.0,Female,UK,Technology,220523.68
40,Bachelor's,Data Analyst,12.6,46.1,Female,Germany,Technology,160723.76
18,High School,Mechanical Engineer,0.0,28.5,Male,USA,Finance,128447.43
44,Bachelor's,Financial Analyst,15.5,34.7,Male,UK,Healthcare,169723.34
27,Bachelor's,Sales Executive,8.2,42.3,Female,Canada,Healthcare,135910.27
34,Bachelor's,Customer Support,9.0,33.0,Female,USA,Education,107065.2
43,Bachelor's,Product Manager,17.5,53.4,Other,Germany,Retail,120190.47
35,Bachelor's,Product Manager,6.0,47.1,Female,UK,Finance,189435.94
46,Master's,Marketing Manager,8.3,45.6,Male,India,Technology,71972.45
26,High School,Sales Executive,8.0,43.0,Female,USA,Healthcare,121013.79
32,Bachelor's,Sales Executive,5.2,41.4,Male,UK,Technology,144415.35
29,High School,Financial Analyst,6.2,48.1,Female,Germany,Manufacturing,94911.67
34,PhD,Data Analyst,2.2,33.9,Male,USA,Technology,221835.29
28,High School,Software Engineer,5.6,34.4,Female,USA,Retail,85096.43
40,Master's,Product Manager,12.5,42.4,Female,India,Retail,56718.9
50,High School,Customer Support,6.8,34.4,Female,UK,Finance,100221.12
39,Bachelor's,Financial Analyst,9.0,40.1,Male,USA,Retail,134134.28
43,Bachelor's,Sales Executive,5.3,58.2,Male,UK,Technology,162489.13
38,Master's,Marketing Manager,13.5,41.6,Female,USA,Manufacturing,184072.7
43,Master's,Customer Support,13.0,32.8,Female,Germany,Education,95424.16
44,Master's,Financial Analyst,7.7,35.1,Male,Germany,Retail,145601.14
39,High School,Financial Analyst,13.1,42.3,Male,Germany,Finance,136588.77
34,Bachelor's,Mechanical Engineer,15.0,37.0,Male,Canada,Finance,152582.13
33,High School,Operations Manager,14.8,42.9,Female,USA,Retail,99156.23
38,Bachelor's,HR Specialist,6.0,47.4,Male,India,Healthcare,45642.37
37,Master's,Software Engineer,14.7,41.3,Female,Australia,Education,131383.6
55,Bachelor's,Software Engineer,20.6,52.9,Female,India,Education,50707.16
29,Bachelor's,Mechanical Engineer,5.6,41.7,Male,Australia,Technology,168595.35
36,Bachelor's,Software Engineer,11.0,41.5,Male,UK,Healthcare,163284.45
31,High School,Sales Executive,1.7,42.9,Female,Germany,Retail,65494.38
40,Master's,Mechanical Engineer,12.5,52.0,Female,India,Healthcare,76908.02
37,Bachelor's,Marketing Manager,18.6,45.8,Male,UK,Healthcare,173613.68
19,High School,Sales Executive,0.0,44.2,Male,India,Retail,25476.99
39,Bachelor's,Financial Analyst,9.3,37.2,Female,UK,Technology,184642.23
39,Master's,Customer Support,0.0,56.8,Male,USA,Retail,136202.1
47,Bachelor's,Software Engineer,22.8,42.1,Male,USA,Technology,232112.59
41,High School,Marketing Manager,8.4,46.6,Male,Germany,Healthcare,112181.03
45,Bachelor's,HR Specialist,19.1,39.9,Female,UK,Healthcare,117878.63
50,PhD,Software Engineer,17.7,41.9,Female,Germany,Manufacturing,196908.01
38,Bachelor's,Product Manager,5.8,49.7,Male,India,Finance,71572.67
43,Master's,Mechanical Engineer,14.1,58.1,Male,India,Healthcare,73397.79
43,Master's,Software Engineer,16.7,49.7,Female,India,Manufacturing,76994.9
50,Bachelor's,Sales Executive,12.5,37.7,Male,USA,Retail,131547.94
18,PhD,Operations Manager,0.0,36.5,Male,Germany,Technology,184068.92
59,Bachelor's,Marketing Manager,17.2,47.9,Male,UK,Technology,167111.45
